date_time,air_temp
2026-08-19T13:55:00Z,24.1
2026-08-19T14:00:00Z,24.0
2026-08-19T14:05:00Z,24.0
2026-08-19T14:10:00Z,23.7
2026-08-19T14:15:00Z,23.9
2026-08-19T14:20:00Z,24.1
2026-08-19T14:25:00Z,24.2
2026-08-19T14:30:00Z,24.1
2026-08-19T14:35:00Z,24.0
2026-08-19T14:40:00Z,23.9
2026-08-19T14:45:00Z,23.8
2026-08-19T14:50:00Z,23.8
2026-08-19T14:55:00Z,23.6
2026-08-19T15:00:00Z,23.8
2026-08-19T15:05:00Z,23.9
2026-08-19T15:10:00Z,24.0
2026-08-19T15:15:00Z,24.0
2026-08-19T15:20:00Z,24.2
2026-08-19T15:25:00Z,24.3
2026-08-19T15:30:00Z,24.5
2026-08-19T15:35:00Z,24.5
2026-08-19T15:40:00Z,24.4
2026-08-19T15:45:00Z,24.3
2026-08-19T15:50:00Z,24.2
2026-08-19T15:55:00Z,24.5
2026-08-19T16:00:00Z,24.3
2026-08-19T16:05:00Z,24.6
2026-08-19T16:10:00Z,25.1
2026-08-19T16:15:00Z,25.1
2026-08-19T16:20:00Z,25.0
2026-08-19T16:25:00Z,24.9
2026-08-19T16:30:00Z,25.0
2026-08-19T16:35:00Z,25.5
2026-08-19T16:40:00Z,25.5
2026-08-19T16:45:00Z,25.2
2026-08-19T16:50:00Z,24.8
2026-08-19T16:55:00Z,24.7
2026-08-19T17:00:00Z,24.6
2026-08-19T17:05:00Z,24.5
2026-08-19T17:10:00Z,24.4
2026-08-19T17:15:00Z,24.4
2026-08-19T17:20:00Z,24.3
2026-08-19T17:25:00Z,24.2
2026-08-19T17:30:00Z,24.2
2026-08-19T17:35:00Z,24.2
2026-08-19T17:40:00Z,24.6
2026-08-19T17:45:00Z,24.8
2026-08-19T17:50:00Z,24.8
2026-08-19T17:55:00Z,24.7
2026-08-19T18:00:00Z,24.5
2026-08-19T18:05:00Z,24.4
2026-08-19T18:10:00Z,24.2
2026-08-19T18:15:00Z,23.8
2026-08-19T18:20:00Z,23.6
2026-08-19T18:25:00Z,23.4
2026-08-19T18:30:00Z,23.3
2026-08-19T18:35:00Z,23.0
2026-08-19T18:40:00Z,22.8
2026-08-19T18:45:00Z,22.6
2026-08-19T18:51:00Z,22.6
2026-08-19T18:56:00Z,22.5
2026-08-19T19:00:00Z,22.4
2026-08-19T19:05:00Z,22.3
2026-08-19T19:11:00Z,22.1
2026-08-19T19:15:00Z,21.9
2026-08-19T19:21:00Z,21.8
2026-08-19T19:25:00Z,21.7
2026-08-19T19:30:00Z,21.7
2026-08-19T19:36:00Z,21.7
2026-08-19T19:40:00Z,21.6
2026-08-19T19:46:00Z,21.3
2026-08-19T19:50:00Z,21.1
2026-08-19T19:56:00Z,21.1
2026-08-19T20:01:00Z,21.0
2026-08-19T20:05:00Z,21.0
2026-08-19T20:11:00Z,20.9
2026-08-19T20:15:00Z,20.9
2026-08-19T20:21:00Z,20.8
2026-08-19T20:26:00Z,20.7
2026-08-19T20:31:00Z,20.7
2026-08-19T20:36:00Z,20.6
2026-08-19T20:40:00Z,20.6
2026-08-19T20:46:00Z,20.5
2026-08-19T20:51:00Z,20.5
2026-08-19T20:56:00Z,20.4
2026-08-19T21:01:00Z,20.3
2026-08-19T21:06:00Z,20.1
2026-08-19T21:11:00Z,20.1
2026-08-19T21:16:00Z,20.0
2026-08-19T21:21:00Z,19.9
2026-08-19T21:26:00Z,19.9
2026-08-19T21:31:00Z,19.8
2026-08-19T21:36:00Z,19.8
2026-08-19T21:41:00Z,19.7
2026-08-19T21:46:00Z,19.6
2026-08-19T21:51:00Z,19.5
2026-08-19T21:56:00Z,19.5
2026-08-19T22:01:00Z,19.4
2026-08-19T22:06:00Z,19.3
2026-08-19T22:11:00Z,19.2
2026-08-19T22:16:00Z,19.2
2026-08-19T22:21:00Z,19.2
2026-08-19T22:26:00Z,19.0
2026-08-19T22:31:00Z,19.0
2026-08-19T22:36:00Z,18.9
2026-08-19T22:41:00Z,18.9
2026-08-19T22:46:00Z,18.8
2026-08-19T22:51:00Z,18.8
2026-08-19T22:56:00Z,18.7
2026-08-19T23:01:00Z,18.6
2026-08-19T23:06:00Z,18.6
2026-08-19T23:11:00Z,18.6
2026-08-19T23:16:00Z,18.6
2026-08-19T23:21:00Z,18.5
2026-08-19T23:26:00Z,18.5
2026-08-19T23:31:00Z,18.4
2026-08-19T23:36:00Z,18.2
2026-08-19T23:41:00Z,18.2
2026-08-19T23:46:00Z,18.2
2026-08-19T23:51:00Z,18.2
2026-08-19T23:56:00Z,18.2
2026-08-20T00:01:00Z,18.2
2026-08-20T00:06:00Z,18.2
2026-08-20T00:11:00Z,18.1
2026-08-20T00:16:00Z,18.0
2026-08-20T00:21:00Z,17.9
2026-08-20T00:26:00Z,17.8
2026-08-20T00:31:00Z,17.8
2026-08-20T00:36:00Z,17.8
2026-08-20T00:41:00Z,17.7
2026-08-20T00:46:00Z,17.7
2026-08-20T00:51:00Z,17.6
2026-08-20T00:56:00Z,17.6
2026-08-20T01:01:00Z,17.6
2026-08-20T01:06:00Z,17.5
2026-08-20T01:11:00Z,17.4
2026-08-20T01:16:00Z,17.4
2026-08-20T01:21:00Z,17.5
2026-08-20T01:26:00Z,17.4
2026-08-20T01:31:00Z,17.4
2026-08-20T01:36:00Z,17.4
2026-08-20T01:41:00Z,17.4
2026-08-20T01:46:00Z,17.4
2026-08-20T01:51:00Z,17.3
2026-08-20T01:56:00Z,17.3
2026-08-20T02:01:00Z,17.2
2026-08-20T02:06:00Z,17.2
2026-08-20T02:11:00Z,17.1
2026-08-20T02:16:00Z,17.1
2026-08-20T02:21:00Z,17.1
2026-08-20T02:26:00Z,17.0
2026-08-20T02:31:00Z,16.9
2026-08-20T02:36:00Z,16.9
2026-08-20T02:41:00Z,16.8
2026-08-20T02:46:00Z,16.8
2026-08-20T02:51:00Z,16.7
2026-08-20T02:56:00Z,16.8
2026-08-20T03:01:00Z,16.8
2026-08-20T03:06:00Z,16.8
2026-08-20T03:11:00Z,16.9
2026-08-20T03:16:00Z,16.9
2026-08-20T03:21:00Z,16.9
2026-08-20T03:26:00Z,16.9
2026-08-20T03:31:00Z,16.9
2026-08-20T03:36:00Z,16.9
2026-08-20T03:41:00Z,16.9
2026-08-20T03:46:00Z,16.9
2026-08-20T03:51:00Z,16.8
2026-08-20T03:56:00Z,16.8
2026-08-20T04:01:00Z,16.9
2026-08-20T04:06:00Z,16.8
2026-08-20T04:11:00Z,16.8
2026-08-20T04:16:00Z,16.9
2026-08-20T04:21:00Z,16.9
2026-08-20T04:26:00Z,16.9
2026-08-20T04:31:00Z,16.9
2026-08-20T04:36:00Z,16.9
2026-08-20T04:41:00Z,16.9
2026-08-20T04:46:00Z,16.8
2026-08-20T04:51:00Z,16.8
2026-08-20T04:56:00Z,16.8
2026-08-20T05:01:00Z,16.8
2026-08-20T05:06:00Z,16.8
2026-08-20T05:11:00Z,16.8
2026-08-20T05:16:00Z,16.9
2026-08-20T05:21:00Z,16.9
2026-08-20T05:26:00Z,16.9
2026-08-20T05:31:00Z,16.9
2026-08-20T05:36:00Z,16.9
2026-08-20T05:41:00Z,16.9
2026-08-20T05:46:00Z,16.8
2026-08-20T05:51:00Z,16.8
2026-08-20T05:56:00Z,16.7
2026-08-20T06:01:00Z,16.7
2026-08-20T06:06:00Z,16.6
2026-08-20T06:11:00Z,16.6
2026-08-20T06:16:00Z,16.6
2026-08-20T06:21:00Z,16.6
2026-08-20T06:26:00Z,16.7
2026-08-20T06:31:00Z,16.8
2026-08-20T06:36:00Z,16.7
2026-08-20T06:41:00Z,16.7
2026-08-20T06:46:00Z,16.7
2026-08-20T06:51:00Z,16.8
2026-08-20T06:56:00Z,16.9
2026-08-20T07:01:00Z,17.0
2026-08-20T07:06:00Z,17.1
2026-08-20T07:11:00Z,17.2
2026-08-20T07:16:00Z,17.3
2026-08-20T07:21:00Z,17.4
2026-08-20T07:26:00Z,17.5
2026-08-20T07:31:00Z,17.6
2026-08-20T07:36:00Z,17.8
2026-08-20T07:41:00Z,17.9
2026-08-20T07:46:00Z,18.0
2026-08-20T07:51:00Z,18.1
2026-08-20T07:56:00Z,18.1
2026-08-20T08:01:00Z,18.2
2026-08-20T08:06:00Z,18.3
2026-08-20T08:11:00Z,18.4
2026-08-20T08:16:00Z,18.6
2026-08-20T08:21:00Z,18.8
2026-08-20T08:26:00Z,18.8
2026-08-20T08:31:00Z,19.1
2026-08-20T08:36:00Z,19.3
2026-08-20T08:41:00Z,19.4
2026-08-20T08:46:00Z,19.4
2026-08-20T08:51:00Z,19.6
2026-08-20T08:56:00Z,19.6
2026-08-20T09:01:00Z,19.9
2026-08-20T09:06:00Z,19.8
2026-08-20T09:11:00Z,20.1
2026-08-20T09:16:00Z,20.4
2026-08-20T09:21:00Z,20.5
2026-08-20T09:26:00Z,20.2
2026-08-20T09:31:00Z,20.8
2026-08-20T09:36:00Z,20.9
2026-08-20T09:41:00Z,21.0
2026-08-20T09:46:00Z,21.2
2026-08-20T09:51:00Z,21.2
2026-08-20T09:56:00Z,21.8
2026-08-20T10:01:00Z,21.6
2026-08-20T10:06:00Z,22.0
2026-08-20T10:11:00Z,21.7
2026-08-20T10:16:00Z,21.3
2026-08-20T10:21:00Z,21.4
2026-08-20T10:26:00Z,21.2
2026-08-20T10:31:00Z,21.4
2026-08-20T10:36:00Z,21.5
2026-08-20T10:41:00Z,21.6
2026-08-20T10:46:00Z,21.3
2026-08-20T10:51:00Z,21.2
2026-08-20T10:56:00Z,21.1
2026-08-20T11:01:00Z,21.4
2026-08-20T11:06:00Z,22.8
2026-08-20T11:11:00Z,23.8
2026-08-20T11:16:00Z,24.2
2026-08-20T11:21:00Z,24.0
2026-08-20T11:26:00Z,24.0
2026-08-20T11:31:00Z,23.7
2026-08-20T11:36:00Z,23.8
2026-08-20T11:41:00Z,23.3
2026-08-20T11:46:00Z,22.8
2026-08-20T11:51:00Z,21.7
2026-08-20T11:56:00Z,19.8
2026-08-20T12:01:00Z,19.7
2026-08-20T12:06:00Z,20.0
2026-08-20T12:11:00Z,21.3
2026-08-20T12:16:00Z,22.2
2026-08-20T12:21:00Z,23.3
2026-08-20T12:26:00Z,23.3
2026-08-20T12:31:00Z,23.9
2026-08-20T12:36:00Z,23.6
2026-08-20T12:41:00Z,23.3
2026-08-20T12:46:00Z,22.5
2026-08-20T12:51:00Z,22.3
2026-08-20T12:56:00Z,21.7
2026-08-20T13:01:00Z,21.5
2026-08-20T13:06:00Z,21.3
2026-08-20T13:11:00Z,21.3
2026-08-20T13:16:00Z,21.7
2026-08-20T13:21:00Z,22.6
2026-08-20T13:26:00Z,23.3
2026-08-20T13:31:00Z,22.6
2026-08-20T13:36:00Z,22.6
2026-08-20T13:42:00Z,22.7
2026-08-20T13:46:00Z,23.0
2026-08-20T13:51:00Z,23.1
2026-08-20T13:56:00Z,22.9
2026-08-20T14:01:00Z,22.9
2026-08-20T14:07:00Z,23.1
2026-08-20T14:11:00Z,23.2
2026-08-20T14:17:00Z,23.1
2026-08-20T14:21:00Z,23.4
2026-08-20T14:26:00Z,23.2
2026-08-20T14:32:00Z,23.0
2026-08-20T14:36:00Z,23.1
2026-08-20T14:42:00Z,23.2
2026-08-20T14:46:00Z,22.9
2026-08-20T14:52:00Z,23.3
2026-08-20T14:57:00Z,23.1
2026-08-20T15:01:00Z,22.7
2026-08-20T15:07:00Z,23.2
2026-08-20T15:11:00Z,23.0
2026-08-20T15:17:00Z,22.9
2026-08-20T15:22:00Z,22.9
2026-08-20T15:27:00Z,23.0
2026-08-20T15:32:00Z,23.1
2026-08-20T15:36:00Z,23.0
2026-08-20T15:42:00Z,23.2
2026-08-20T15:46:00Z,23.0
2026-08-20T15:52:00Z,23.2
2026-08-20T15:57:00Z,23.1
2026-08-20T16:02:00Z,23.2
2026-08-20T16:07:00Z,22.8
2026-08-20T16:11:00Z,22.6
2026-08-20T16:17:00Z,22.6
2026-08-20T16:22:00Z,21.9
2026-08-20T16:27:00Z,21.6
2026-08-20T16:32:00Z,21.6
2026-08-20T16:37:00Z,21.5
2026-08-20T16:42:00Z,21.3
2026-08-20T16:47:00Z,20.3
2026-08-20T16:52:00Z,19.9
2026-08-20T16:57:00Z,19.8
2026-08-20T17:02:00Z,19.6
2026-08-20T17:07:00Z,19.6
2026-08-20T17:12:00Z,19.8
2026-08-20T17:17:00Z,19.9
2026-08-20T17:22:00Z,20.0
2026-08-20T17:27:00Z,20.1
2026-08-20T17:32:00Z,20.3
2026-08-20T17:37:00Z,20.5
2026-08-20T17:42:00Z,20.4
2026-08-20T17:47:00Z,20.1
2026-08-20T17:52:00Z,19.7
2026-08-20T17:57:00Z,19.5
2026-08-20T18:02:00Z,19.4
2026-08-20T18:07:00Z,19.2
2026-08-20T18:12:00Z,19.3
2026-08-20T18:17:00Z,19.3
2026-08-20T18:22:00Z,19.4
2026-08-20T18:27:00Z,19.5
2026-08-20T18:32:00Z,19.6
2026-08-20T18:37:00Z,19.6
2026-08-20T18:42:00Z,19.6
2026-08-20T18:47:00Z,19.5
2026-08-20T18:52:00Z,19.4
2026-08-20T18:57:00Z,19.4
2026-08-20T19:02:00Z,19.4
2026-08-20T19:07:00Z,19.3
2026-08-20T19:12:00Z,19.2
2026-08-20T19:17:00Z,19.2
2026-08-20T19:22:00Z,19.2
2026-08-20T19:27:00Z,19.1
2026-08-20T19:32:00Z,19.0
2026-08-20T19:37:00Z,19.0
2026-08-20T19:42:00Z,18.9
2026-08-20T19:47:00Z,18.8
2026-08-20T19:52:00Z,18.8
2026-08-20T19:57:00Z,18.8
2026-08-20T20:02:00Z,18.8
2026-08-20T20:07:00Z,18.7
2026-08-20T20:17:00Z,18.6
2026-08-20T20:22:00Z,18.5
2026-08-20T20:27:00Z,18.4
2026-08-20T20:32:00Z,18.4
2026-08-20T20:37:00Z,18.4
2026-08-20T20:42:00Z,18.4
2026-08-20T20:47:00Z,18.3
2026-08-20T20:52:00Z,18.2
2026-08-20T20:57:00Z,18.1
2026-08-20T21:02:00Z,18.0
2026-08-20T21:07:00Z,17.8
2026-08-20T21:12:00Z,17.7
2026-08-20T21:17:00Z,17.6
2026-08-20T21:22:00Z,17.5
2026-08-20T21:27:00Z,17.4
2026-08-20T21:32:00Z,17.3
2026-08-20T21:37:00Z,17.3
2026-08-20T21:42:00Z,17.2
2026-08-20T21:47:00Z,17.2
2026-08-20T21:52:00Z,17.2
2026-08-20T21:57:00Z,17.1
2026-08-20T22:02:00Z,17.1
2026-08-20T22:07:00Z,17.0
2026-08-20T22:12:00Z,17.0
2026-08-20T22:17:00Z,16.9
2026-08-20T22:22:00Z,16.9
2026-08-20T22:27:00Z,17.0
2026-08-20T22:32:00Z,16.9
2026-08-20T22:37:00Z,16.8
2026-08-20T22:42:00Z,16.8
2026-08-20T22:47:00Z,16.8
2026-08-20T22:52:00Z,16.8
2026-08-20T22:57:00Z,16.8
2026-08-20T23:02:00Z,16.8
2026-08-20T23:07:00Z,16.8
2026-08-20T23:12:00Z,16.8
2026-08-20T23:17:00Z,16.8
2026-08-20T23:22:00Z,16.6
2026-08-20T23:27:00Z,16.6
2026-08-20T23:32:00Z,16.5
2026-08-20T23:37:00Z,16.5
2026-08-20T23:42:00Z,16.5
2026-08-20T23:47:00Z,16.4
2026-08-20T23:52:00Z,16.4
2026-08-20T23:57:00Z,16.4
2026-08-21T00:02:00Z,16.4
2026-08-21T00:07:00Z,16.2
2026-08-21T00:12:00Z,16.2
2026-08-21T00:17:00Z,16.2
2026-08-21T00:22:00Z,16.2
2026-08-21T00:27:00Z,16.2
2026-08-21T00:32:00Z,16.2
2026-08-21T00:37:00Z,16.2
2026-08-21T00:42:00Z,16.3
2026-08-21T00:47:00Z,16.2
2026-08-21T00:52:00Z,16.1
2026-08-21T00:57:00Z,16.1
2026-08-21T01:02:00Z,16.1
2026-08-21T01:07:00Z,16.1
2026-08-21T01:12:00Z,16.0
2026-08-21T01:17:00Z,16.1
2026-08-21T01:22:00Z,16.1
2026-08-21T01:27:00Z,16.1
2026-08-21T01:32:00Z,16.0
2026-08-21T01:37:00Z,16.0
2026-08-21T01:42:00Z,15.9
2026-08-21T01:47:00Z,15.9
2026-08-21T01:52:00Z,15.8
2026-08-21T01:57:00Z,15.7
2026-08-21T02:02:00Z,15.7
2026-08-21T02:07:00Z,15.7
2026-08-21T02:12:00Z,15.7
2026-08-21T02:17:00Z,15.7
2026-08-21T02:22:00Z,15.8
2026-08-21T02:27:00Z,15.8
2026-08-21T02:32:00Z,15.8
2026-08-21T02:37:00Z,15.7
2026-08-21T02:42:00Z,15.8
2026-08-21T02:47:00Z,15.7
2026-08-21T02:52:00Z,15.7
2026-08-21T02:57:00Z,15.7
2026-08-21T03:02:00Z,15.6
2026-08-21T03:07:00Z,15.6
2026-08-21T03:12:00Z,15.6
2026-08-21T03:17:00Z,15.5
2026-08-21T03:22:00Z,15.5
2026-08-21T03:27:00Z,15.4
2026-08-21T03:32:00Z,15.4
2026-08-21T03:37:00Z,15.3
2026-08-21T03:42:00Z,15.3
2026-08-21T03:47:00Z,15.2
2026-08-21T03:52:00Z,15.3
2026-08-21T03:57:00Z,15.3
2026-08-21T04:02:00Z,15.3
2026-08-21T04:07:00Z,15.2
2026-08-21T04:12:00Z,15.2
2026-08-21T04:17:00Z,15.1
2026-08-21T04:22:00Z,15.0
2026-08-21T04:27:00Z,15.0
2026-08-21T04:32:00Z,14.9
2026-08-21T04:37:00Z,14.9
2026-08-21T04:42:00Z,14.8
2026-08-21T04:47:00Z,14.8
2026-08-21T04:52:00Z,14.7
2026-08-21T04:57:00Z,14.6
2026-08-21T05:02:00Z,14.6
2026-08-21T05:07:00Z,14.6
2026-08-21T05:12:00Z,14.6
2026-08-21T05:17:00Z,14.5
2026-08-21T05:22:00Z,14.5
2026-08-21T05:27:00Z,14.5
2026-08-21T05:32:00Z,14.5
2026-08-21T05:37:00Z,14.5
2026-08-21T05:42:00Z,14.5
2026-08-21T05:47:00Z,14.4
2026-08-21T05:52:00Z,14.4
2026-08-21T05:57:00Z,14.4
2026-08-21T06:03:00Z,14.4
2026-08-21T06:07:00Z,14.4
2026-08-21T06:12:00Z,14.5
2026-08-21T06:17:00Z,14.5
2026-08-21T06:22:00Z,14.6
2026-08-21T06:28:00Z,14.6
2026-08-21T06:32:00Z,14.7
2026-08-21T06:37:00Z,14.7
2026-08-21T06:43:00Z,14.8
2026-08-21T06:47:00Z,14.9
2026-08-21T06:53:00Z,14.9
2026-08-21T06:57:00Z,15.0
2026-08-21T07:03:00Z,15.1
2026-08-21T07:08:00Z,15.2
2026-08-21T07:13:00Z,15.3
2026-08-21T07:18:00Z,15.4
2026-08-21T07:22:00Z,15.5
2026-08-21T07:28:00Z,15.6
2026-08-21T07:33:00Z,15.7
2026-08-21T07:38:00Z,15.8
2026-08-21T07:43:00Z,16.0
2026-08-21T07:48:00Z,16.2
2026-08-21T07:53:00Z,16.4
2026-08-21T07:58:00Z,16.7
2026-08-21T08:03:00Z,17.1
2026-08-21T08:08:00Z,17.1
2026-08-21T08:13:00Z,17.1
2026-08-21T08:18:00Z,17.1
2026-08-21T08:23:00Z,17.2
2026-08-21T08:28:00Z,17.1
2026-08-21T08:33:00Z,16.9
2026-08-21T08:38:00Z,16.9
2026-08-21T08:43:00Z,17.0
2026-08-21T08:48:00Z,17.1
2026-08-21T08:53:00Z,17.4
2026-08-21T08:58:00Z,17.4
2026-08-21T09:03:00Z,17.7
2026-08-21T09:08:00Z,17.9
2026-08-21T09:13:00Z,18.1
2026-08-21T09:18:00Z,18.1
2026-08-21T09:23:00Z,18.3
2026-08-21T09:28:00Z,18.3
2026-08-21T09:33:00Z,18.5
2026-08-21T09:38:00Z,18.4
2026-08-21T09:43:00Z,18.0
2026-08-21T09:48:00Z,18.7
2026-08-21T09:53:00Z,18.6
2026-08-21T09:58:00Z,18.3
2026-08-21T10:03:00Z,19.0
2026-08-21T10:08:00Z,19.1
2026-08-21T10:13:00Z,19.7
2026-08-21T10:18:00Z,20.0
2026-08-21T10:23:00Z,20.0
2026-08-21T10:28:00Z,21.6
2026-08-21T10:33:00Z,22.0
2026-08-21T10:38:00Z,21.4
2026-08-21T10:43:00Z,21.0
2026-08-21T10:48:00Z,21.4
2026-08-21T10:53:00Z,21.7
2026-08-21T10:58:00Z,20.9
2026-08-21T11:03:00Z,20.6
2026-08-21T11:08:00Z,21.6
2026-08-21T11:13:00Z,21.5
2026-08-21T11:18:00Z,22.9
2026-08-21T11:23:00Z,24.1
2026-08-21T11:28:00Z,22.2
2026-08-21T11:33:00Z,21.1
2026-08-21T11:38:00Z,20.5
2026-08-21T11:43:00Z,22.0
2026-08-21T11:48:00Z,23.6
2026-08-21T11:53:00Z,22.4
2026-08-21T11:58:00Z,22.5
2026-08-21T12:03:00Z,21.6
2026-08-21T12:08:00Z,21.0
2026-08-21T12:13:00Z,20.5
2026-08-21T12:18:00Z,20.6
2026-08-21T12:23:00Z,20.7
2026-08-21T12:28:00Z,20.9
2026-08-21T12:33:00Z,21.2
2026-08-21T12:38:00Z,21.3
2026-08-21T12:43:00Z,21.1
2026-08-21T12:48:00Z,21.7
2026-08-21T12:53:00Z,22.7
2026-08-21T12:58:00Z,22.7
2026-08-21T13:03:00Z,21.9
2026-08-21T13:08:00Z,21.1
2026-08-21T13:13:00Z,21.1
2026-08-21T13:18:00Z,21.2
2026-08-21T13:23:00Z,21.6
2026-08-21T13:28:00Z,21.6
2026-08-21T13:33:00Z,21.3
2026-08-21T13:38:00Z,22.0
2026-08-21T13:43:00Z,22.1
2026-08-21T13:48:00Z,21.8
2026-08-21T13:53:00Z,21.8
2026-08-21T13:58:00Z,21.9
2026-08-21T14:03:00Z,21.6
2026-08-21T14:08:00Z,21.7
2026-08-21T14:13:00Z,21.6
2026-08-21T14:18:00Z,21.4
2026-08-21T14:23:00Z,21.2
2026-08-21T14:28:00Z,21.0
2026-08-21T14:33:00Z,21.2
2026-08-21T14:38:00Z,21.2
2026-08-21T14:43:00Z,21.2
2026-08-21T14:48:00Z,21.3
2026-08-21T14:53:00Z,21.4
2026-08-21T14:58:00Z,21.6
2026-08-21T15:03:00Z,21.9
2026-08-21T15:08:00Z,22.1
2026-08-21T15:13:00Z,22.0
2026-08-21T15:18:00Z,22.1
2026-08-21T15:23:00Z,22.0
2026-08-21T15:28:00Z,21.8
2026-08-21T15:33:00Z,21.7
2026-08-21T15:38:00Z,21.4
2026-08-21T15:43:00Z,21.7
2026-08-21T15:48:00Z,21.8
2026-08-21T15:53:00Z,21.8
2026-08-21T15:58:00Z,21.8
2026-08-21T16:03:00Z,21.6
2026-08-21T16:08:00Z,21.3
2026-08-21T16:13:00Z,21.2
2026-08-21T16:18:00Z,21.1
2026-08-21T16:23:00Z,21.3
2026-08-21T16:28:00Z,21.3
2026-08-21T16:33:00Z,21.4
2026-08-21T16:38:00Z,21.4
2026-08-21T16:43:00Z,21.3
2026-08-21T16:48:00Z,21.2
2026-08-21T16:53:00Z,21.2
2026-08-21T16:58:00Z,21.2
2026-08-21T17:03:00Z,21.1
2026-08-21T17:08:00Z,21.1
2026-08-21T17:13:00Z,21.1
2026-08-21T17:18:00Z,21.1
2026-08-21T17:23:00Z,20.9
2026-08-21T17:28:00Z,20.9
2026-08-21T17:33:00Z,20.9
2026-08-21T17:38:00Z,20.7
2026-08-21T17:43:00Z,20.6
2026-08-21T17:48:00Z,20.3
2026-08-21T17:53:00Z,20.1
2026-08-21T17:58:00Z,19.9
2026-08-21T18:03:00Z,19.9
2026-08-21T18:08:00Z,19.7
2026-08-21T18:13:00Z,19.6
2026-08-21T18:18:00Z,19.5
2026-08-21T18:23:00Z,19.4
2026-08-21T18:28:00Z,19.2
2026-08-21T18:33:00Z,18.8
2026-08-21T18:38:00Z,18.6
2026-08-21T18:43:00Z,18.4
2026-08-21T18:48:00Z,18.4
2026-08-21T18:53:00Z,18.3
2026-08-21T18:58:00Z,18.1
2026-08-21T19:03:00Z,17.9
2026-08-21T19:08:00Z,17.8
2026-08-21T19:13:00Z,17.5
2026-08-21T19:18:00Z,17.4
2026-08-21T19:23:00Z,17.3
2026-08-21T19:28:00Z,17.0
2026-08-21T19:33:00Z,17.0
2026-08-21T19:38:00Z,16.9
2026-08-21T19:43:00Z,16.8
2026-08-21T19:48:00Z,16.8
2026-08-21T19:53:00Z,16.6
2026-08-21T19:58:00Z,16.4
2026-08-21T20:03:00Z,16.2
2026-08-21T20:08:00Z,16.2
2026-08-21T20:13:00Z,16.1
2026-08-21T20:18:00Z,16.0
2026-08-21T20:23:00Z,16.0
2026-08-21T20:28:00Z,15.9
2026-08-21T20:33:00Z,15.8
2026-08-21T20:38:00Z,15.8
2026-08-21T20:43:00Z,15.6
2026-08-21T20:48:00Z,15.6
2026-08-21T20:53:00Z,15.5
2026-08-21T20:58:00Z,15.5
2026-08-21T21:03:00Z,15.5
2026-08-21T21:08:00Z,15.5
2026-08-21T21:13:00Z,15.5
2026-08-21T21:19:00Z,15.5
2026-08-21T21:23:00Z,15.5
2026-08-21T21:28:00Z,15.5
2026-08-21T21:34:00Z,15.5
2026-08-21T21:38:00Z,15.5
2026-08-21T21:44:00Z,15.5
2026-08-21T21:48:00Z,15.5
2026-08-21T21:53:00Z,15.6
2026-08-21T21:59:00Z,15.5
2026-08-21T22:03:00Z,15.5
2026-08-21T22:09:00Z,15.5
2026-08-21T22:13:00Z,15.4
2026-08-21T22:19:00Z,15.4
2026-08-21T22:24:00Z,15.4
2026-08-21T22:29:00Z,15.5
2026-08-21T22:34:00Z,15.5
2026-08-21T22:38:00Z,15.5
2026-08-21T22:44:00Z,15.5
2026-08-21T22:49:00Z,15.5
2026-08-21T22:54:00Z,15.4
2026-08-21T22:59:00Z,15.5
2026-08-21T23:04:00Z,15.5
2026-08-21T23:09:00Z,15.4
2026-08-21T23:14:00Z,15.4
2026-08-21T23:19:00Z,15.4
2026-08-21T23:24:00Z,15.3
2026-08-21T23:29:00Z,15.3
2026-08-21T23:34:00Z,15.3
2026-08-21T23:39:00Z,15.3
2026-08-21T23:44:00Z,15.2
2026-08-21T23:49:00Z,15.2
2026-08-21T23:54:00Z,15.2
2026-08-21T23:59:00Z,15.1
2026-08-22T00:04:00Z,15.1
2026-08-22T00:09:00Z,15.1
2026-08-22T00:14:00Z,15.0
2026-08-22T00:19:00Z,15.1
2026-08-22T00:24:00Z,15.0
2026-08-22T00:29:00Z,15.0
2026-08-22T00:34:00Z,15.0
2026-08-22T00:39:00Z,15.0
2026-08-22T00:44:00Z,14.9
2026-08-22T00:49:00Z,14.9
2026-08-22T00:54:00Z,14.9
2026-08-22T00:59:00Z,14.9
2026-08-22T01:04:00Z,14.9
2026-08-22T01:09:00Z,14.9
2026-08-22T01:14:00Z,14.9
2026-08-22T01:19:00Z,14.8
2026-08-22T01:24:00Z,14.8
2026-08-22T01:29:00Z,14.8
2026-08-22T01:34:00Z,14.8
2026-08-22T01:39:00Z,14.7
2026-08-22T01:44:00Z,14.7
2026-08-22T01:49:00Z,14.7
2026-08-22T01:54:00Z,14.6
2026-08-22T01:59:00Z,14.6
2026-08-22T02:04:00Z,14.5
2026-08-22T02:09:00Z,14.5
2026-08-22T02:14:00Z,14.4
2026-08-22T02:19:00Z,14.4
2026-08-22T02:24:00Z,14.4
2026-08-22T02:29:00Z,14.3
2026-08-22T02:34:00Z,14.2
2026-08-22T02:39:00Z,14.1
2026-08-22T02:44:00Z,14.0
2026-08-22T02:49:00Z,14.0
2026-08-22T02:54:00Z,13.9
2026-08-22T02:59:00Z,13.8
2026-08-22T03:04:00Z,13.7
2026-08-22T03:09:00Z,13.7
2026-08-22T03:14:00Z,13.7
2026-08-22T03:19:00Z,13.6
2026-08-22T03:24:00Z,13.6
2026-08-22T03:29:00Z,13.5
2026-08-22T03:34:00Z,13.5
2026-08-22T03:39:00Z,13.4
2026-08-22T03:44:00Z,13.4
2026-08-22T03:49:00Z,13.3
2026-08-22T03:54:00Z,13.3
2026-08-22T03:59:00Z,13.3
2026-08-22T04:04:00Z,13.3
2026-08-22T04:09:00Z,13.2
2026-08-22T04:14:00Z,13.1
2026-08-22T04:19:00Z,13.1
2026-08-22T04:24:00Z,13.0
2026-08-22T04:29:00Z,12.9
2026-08-22T04:34:00Z,12.9
2026-08-22T04:39:00Z,12.8
2026-08-22T04:44:00Z,12.8
2026-08-22T04:49:00Z,12.8
2026-08-22T04:54:00Z,12.7
2026-08-22T04:59:00Z,12.7
2026-08-22T05:04:00Z,12.7
2026-08-22T05:09:00Z,12.7
2026-08-22T05:14:00Z,12.7
2026-08-22T05:19:00Z,12.7
2026-08-22T05:24:00Z,12.7
2026-08-22T05:29:00Z,12.6
2026-08-22T05:34:00Z,12.6
2026-08-22T05:39:00Z,12.6
2026-08-22T05:44:00Z,12.6
2026-08-22T05:49:00Z,12.6
2026-08-22T05:54:00Z,12.6
2026-08-22T05:59:00Z,12.6
2026-08-22T06:04:00Z,12.7
2026-08-22T06:09:00Z,12.8
2026-08-22T06:14:00Z,12.8
2026-08-22T06:19:00Z,12.9
2026-08-22T06:24:00Z,13.0
2026-08-22T06:29:00Z,13.0
2026-08-22T06:34:00Z,13.1
2026-08-22T06:39:00Z,13.2
2026-08-22T06:44:00Z,13.2
2026-08-22T06:49:00Z,13.3
2026-08-22T06:54:00Z,13.4
2026-08-22T06:59:00Z,13.5
2026-08-22T07:04:00Z,13.6
2026-08-22T07:09:00Z,13.7
2026-08-22T07:14:00Z,13.8
2026-08-22T07:19:00Z,13.9
2026-08-22T07:24:00Z,13.9
2026-08-22T07:29:00Z,14.0
2026-08-22T07:34:00Z,14.2
2026-08-22T07:39:00Z,14.4
2026-08-22T07:44:00Z,14.5
2026-08-22T07:49:00Z,14.6
2026-08-22T07:54:00Z,14.8
2026-08-22T07:59:00Z,14.9
2026-08-22T08:04:00Z,15.0
2026-08-22T08:09:00Z,15.1
2026-08-22T08:14:00Z,15.1
2026-08-22T08:19:00Z,15.3
2026-08-22T08:24:00Z,15.4
2026-08-22T08:29:00Z,15.5
2026-08-22T08:34:00Z,15.6
2026-08-22T08:39:00Z,15.7
2026-08-22T08:44:00Z,15.9
2026-08-22T08:49:00Z,16.0
2026-08-22T08:54:00Z,16.3
2026-08-22T08:59:00Z,16.5
2026-08-22T09:04:00Z,16.9
2026-08-22T09:09:00Z,17.1
2026-08-22T09:14:00Z,17.3
2026-08-22T09:19:00Z,17.5
2026-08-22T09:24:00Z,17.6
2026-08-22T09:29:00Z,17.5
2026-08-22T09:34:00Z,17.8
2026-08-22T09:39:00Z,18.3
2026-08-22T09:44:00Z,18.2
2026-08-22T09:49:00Z,18.5
2026-08-22T09:54:00Z,18.5
2026-08-22T09:59:00Z,18.6
2026-08-22T10:04:00Z,19.5
2026-08-22T10:09:00Z,19.4
2026-08-22T10:14:00Z,18.9
2026-08-22T10:19:00Z,19.4
2026-08-22T10:24:00Z,20.8
2026-08-22T10:29:00Z,21.9
2026-08-22T10:34:00Z,21.4
2026-08-22T10:39:00Z,19.8
2026-08-22T10:44:00Z,20.9
2026-08-22T10:49:00Z,22.1
2026-08-22T10:54:00Z,21.4
2026-08-22T10:59:00Z,21.8
2026-08-22T11:04:00Z,20.8
2026-08-22T11:09:00Z,20.4
2026-08-22T11:14:00Z,20.6
2026-08-22T11:19:00Z,21.2
2026-08-22T11:24:00Z,20.9
2026-08-22T11:29:00Z,20.9
2026-08-22T11:34:00Z,21.4
2026-08-22T11:39:00Z,21.1
2026-08-22T11:44:00Z,21.0
2026-08-22T11:49:00Z,23.0
2026-08-22T11:54:00Z,23.4
2026-08-22T11:59:00Z,22.2
2026-08-22T12:05:00Z,21.3
2026-08-22T12:09:00Z,21.5
2026-08-22T12:14:00Z,23.2
2026-08-22T12:19:00Z,24.3
2026-08-22T12:24:00Z,22.7
2026-08-22T12:30:00Z,21.8
2026-08-22T12:34:00Z,21.2
2026-08-22T12:40:00Z,23.3
2026-08-22T12:44:00Z,25.1
2026-08-22T12:49:00Z,25.9
2026-08-22T12:55:00Z,24.4
2026-08-22T12:59:00Z,23.8
2026-08-22T13:05:00Z,23.8
2026-08-22T13:09:00Z,23.5
2026-08-22T13:15:00Z,23.6
2026-08-22T13:20:00Z,23.7
2026-08-22T13:25:00Z,23.2
2026-08-22T13:29:00Z,22.8
2026-08-22T13:35:00Z,22.2
2026-08-22T13:40:00Z,22.1
2026-08-22T13:44:00Z,21.9
2026-08-22T13:50:00Z,22.0
2026-08-22T13:55:00Z,22.0
2026-08-22T13:59:00Z,22.2
2026-08-22T14:05:00Z,22.2
2026-08-22T14:09:00Z,22.3
2026-08-22T14:15:00Z,22.2
2026-08-22T14:20:00Z,22.2
2026-08-22T14:25:00Z,22.4
2026-08-22T14:30:00Z,22.4
2026-08-22T14:34:00Z,22.2
2026-08-22T14:40:00Z,22.2
2026-08-22T14:45:00Z,22.2
2026-08-22T14:50:00Z,22.0
2026-08-22T14:55:00Z,21.8
2026-08-22T15:00:00Z,21.8
2026-08-22T15:05:00Z,21.9
2026-08-22T15:10:00Z,22.1
2026-08-22T15:15:00Z,22.0
2026-08-22T15:20:00Z,22.1
2026-08-22T15:25:00Z,22.2
2026-08-22T15:30:00Z,22.2
2026-08-22T15:35:00Z,22.0
2026-08-22T15:40:00Z,22.1
2026-08-22T15:45:00Z,22.0
2026-08-22T15:50:00Z,21.8
2026-08-22T15:55:00Z,21.6
2026-08-22T16:00:00Z,21.7
2026-08-22T16:05:00Z,21.7
2026-08-22T16:10:00Z,21.8
2026-08-22T16:15:00Z,21.8
2026-08-22T16:20:00Z,21.8
2026-08-22T16:25:00Z,21.7
2026-08-22T16:30:00Z,21.7
2026-08-22T16:35:00Z,21.7
2026-08-22T16:40:00Z,21.5
2026-08-22T16:45:00Z,21.5
2026-08-22T16:50:00Z,21.8
2026-08-22T16:55:00Z,22.1
2026-08-22T17:00:00Z,22.0
2026-08-22T17:05:00Z,21.7
2026-08-22T17:10:00Z,21.6
2026-08-22T17:15:00Z,21.3
2026-08-22T17:20:00Z,21.3
2026-08-22T17:25:00Z,21.3
2026-08-22T17:30:00Z,21.4
2026-08-22T17:35:00Z,21.8
2026-08-22T17:40:00Z,22.2
2026-08-22T17:45:00Z,22.4
2026-08-22T17:50:00Z,22.7
2026-08-22T17:55:00Z,22.6
2026-08-22T18:00:00Z,22.2
2026-08-22T18:05:00Z,21.7
2026-08-22T18:10:00Z,21.4
2026-08-22T18:15:00Z,21.2
2026-08-22T18:20:00Z,21.1
2026-08-22T18:25:00Z,21.1
2026-08-22T18:30:00Z,20.9
2026-08-22T18:35:00Z,20.8
2026-08-22T18:40:00Z,20.7
2026-08-22T18:45:00Z,20.5
2026-08-22T18:50:00Z,20.1
2026-08-22T18:55:00Z,20.0
2026-08-22T19:00:00Z,19.7
2026-08-22T19:05:00Z,19.5
2026-08-22T19:10:00Z,19.4
2026-08-22T19:15:00Z,19.4
2026-08-22T19:20:00Z,19.3
2026-08-22T19:25:00Z,19.3
2026-08-22T19:30:00Z,19.2
2026-08-22T19:35:00Z,19.1
2026-08-22T19:40:00Z,19.0
2026-08-22T19:45:00Z,18.9
2026-08-22T19:50:00Z,18.8
2026-08-22T19:55:00Z,18.7
2026-08-22T20:00:00Z,18.7
2026-08-22T20:05:00Z,18.6
2026-08-22T20:10:00Z,18.5
2026-08-22T20:15:00Z,18.5
2026-08-22T20:20:00Z,18.5
2026-08-22T20:25:00Z,18.4
2026-08-22T20:30:00Z,18.4
2026-08-22T20:35:00Z,18.5
2026-08-22T20:40:00Z,18.4
2026-08-22T20:45:00Z,18.3
2026-08-22T20:50:00Z,18.3
2026-08-22T20:55:00Z,18.2
2026-08-22T21:00:00Z,18.1
2026-08-22T21:05:00Z,17.9
2026-08-22T21:10:00Z,17.8
2026-08-22T21:15:00Z,17.8
2026-08-22T21:20:00Z,17.6
2026-08-22T21:25:00Z,17.6
2026-08-22T21:30:00Z,17.6
2026-08-22T21:35:00Z,17.6
2026-08-22T21:40:00Z,17.4
2026-08-22T21:45:00Z,17.4
2026-08-22T21:50:00Z,17.3
2026-08-22T22:00:00Z,17.3
2026-08-22T22:05:00Z,17.2
2026-08-22T22:10:00Z,17.2
2026-08-22T22:15:00Z,17.1
2026-08-22T22:20:00Z,17.1
2026-08-22T22:25:00Z,17.0
2026-08-22T22:30:00Z,17.0
2026-08-22T22:35:00Z,16.9
2026-08-22T22:40:00Z,16.9
2026-08-22T22:45:00Z,16.8
2026-08-22T22:50:00Z,16.8
2026-08-22T22:55:00Z,16.8
2026-08-22T23:00:00Z,16.8
2026-08-22T23:05:00Z,16.8
2026-08-22T23:10:00Z,16.6
2026-08-22T23:15:00Z,16.5
2026-08-22T23:20:00Z,16.5
2026-08-22T23:25:00Z,16.4
2026-08-22T23:30:00Z,16.3
2026-08-22T23:35:00Z,16.3
2026-08-22T23:40:00Z,16.2
2026-08-22T23:45:00Z,16.2
2026-08-22T23:50:00Z,16.2
2026-08-22T23:55:00Z,16.1
2026-08-23T00:00:00Z,16.1
2026-08-23T00:05:00Z,16.0
2026-08-23T00:10:00Z,16.0
2026-08-23T00:15:00Z,15.9
2026-08-23T00:20:00Z,15.9
2026-08-23T00:25:00Z,15.9
2026-08-23T00:30:00Z,15.9
2026-08-23T00:35:00Z,15.8
2026-08-23T00:40:00Z,15.8
2026-08-23T00:45:00Z,15.7
2026-08-23T00:50:00Z,15.8
2026-08-23T00:55:00Z,15.8
2026-08-23T01:00:00Z,15.8
2026-08-23T01:05:00Z,15.6
2026-08-23T01:10:00Z,15.6
2026-08-23T01:15:00Z,15.6
2026-08-23T01:20:00Z,15.4
2026-08-23T01:25:00Z,15.4
2026-08-23T01:30:00Z,15.4
2026-08-23T01:35:00Z,15.4
2026-08-23T01:40:00Z,15.4
2026-08-23T01:45:00Z,15.3
2026-08-23T01:50:00Z,15.3
2026-08-23T01:55:00Z,15.3
2026-08-23T02:00:00Z,15.2
2026-08-23T02:05:00Z,15.2
2026-08-23T02:10:00Z,15.2
2026-08-23T02:15:00Z,15.2
2026-08-23T02:20:00Z,15.2
2026-08-23T02:25:00Z,15.2
2026-08-23T02:30:00Z,15.1
2026-08-23T02:35:00Z,15.1
2026-08-23T02:40:00Z,15.1
2026-08-23T02:45:00Z,15.1
2026-08-23T02:50:00Z,15.1
2026-08-23T02:55:00Z,15.1
2026-08-23T03:00:00Z,15.1
2026-08-23T03:05:00Z,15.1
2026-08-23T03:10:00Z,15.1
2026-08-23T03:15:00Z,15.0
2026-08-23T03:20:00Z,14.9
2026-08-23T03:25:00Z,14.9
2026-08-23T03:30:00Z,14.8
2026-08-23T03:35:00Z,14.7
2026-08-23T03:40:00Z,14.7
2026-08-23T03:45:00Z,14.7
2026-08-23T03:50:00Z,14.7
2026-08-23T03:55:00Z,14.7
2026-08-23T04:00:00Z,14.6
2026-08-23T04:05:00Z,14.6
2026-08-23T04:10:00Z,14.5
2026-08-23T04:16:00Z,14.3
2026-08-23T04:20:00Z,14.2
2026-08-23T04:25:00Z,14.1
2026-08-23T04:30:00Z,14.0
2026-08-23T04:35:00Z,14.0
2026-08-23T04:41:00Z,13.9
2026-08-23T04:45:00Z,13.9
2026-08-23T04:51:00Z,13.9
2026-08-23T04:55:00Z,13.8
2026-08-23T05:00:00Z,13.8
2026-08-23T05:06:00Z,13.7
2026-08-23T05:10:00Z,13.7
2026-08-23T05:16:00Z,13.7
2026-08-23T05:20:00Z,13.6
2026-08-23T05:26:00Z,13.6
2026-08-23T05:31:00Z,13.6
2026-08-23T05:35:00Z,13.6
2026-08-23T05:41:00Z,13.7
2026-08-23T05:45:00Z,13.7
2026-08-23T05:51:00Z,13.8
2026-08-23T05:56:00Z,13.9
2026-08-23T06:01:00Z,14.0
2026-08-23T06:06:00Z,14.0
2026-08-23T06:11:00Z,14.0
2026-08-23T06:16:00Z,14.0
2026-08-23T06:21:00Z,14.1
2026-08-23T06:26:00Z,14.0
2026-08-23T06:31:00Z,14.1
2026-08-23T06:36:00Z,14.3
2026-08-23T06:41:00Z,14.5
2026-08-23T06:46:00Z,14.5
2026-08-23T06:51:00Z,14.7
2026-08-23T06:56:00Z,14.7
2026-08-23T07:01:00Z,14.8
2026-08-23T07:06:00Z,14.9
2026-08-23T07:11:00Z,15.1
2026-08-23T07:16:00Z,15.2
2026-08-23T07:21:00Z,15.3
2026-08-23T07:26:00Z,15.5
2026-08-23T07:31:00Z,15.6
2026-08-23T07:36:00Z,15.6
2026-08-23T07:41:00Z,15.6
2026-08-23T07:46:00Z,15.8
2026-08-23T07:51:00Z,15.9
2026-08-23T07:56:00Z,15.9
2026-08-23T08:01:00Z,16.1
2026-08-23T08:06:00Z,16.3
2026-08-23T08:11:00Z,16.4
2026-08-23T08:16:00Z,16.6
2026-08-23T08:21:00Z,16.8
2026-08-23T08:26:00Z,16.9
2026-08-23T08:31:00Z,17.0
2026-08-23T08:36:00Z,17.1
2026-08-23T08:41:00Z,17.3
2026-08-23T08:46:00Z,17.4
2026-08-23T08:51:00Z,17.6
2026-08-23T08:56:00Z,17.9
2026-08-23T09:01:00Z,18.3
2026-08-23T09:06:00Z,18.7
2026-08-23T09:11:00Z,18.9
2026-08-23T09:16:00Z,19.1
2026-08-23T09:21:00Z,19.7
2026-08-23T09:26:00Z,19.8
2026-08-23T09:31:00Z,20.1
2026-08-23T09:36:00Z,20.5
2026-08-23T09:41:00Z,20.8
2026-08-23T09:46:00Z,20.8
2026-08-23T09:51:00Z,21.2
2026-08-23T09:56:00Z,21.9
2026-08-23T10:01:00Z,22.7
2026-08-23T10:06:00Z,23.5
2026-08-23T10:11:00Z,25.0
2026-08-23T10:16:00Z,24.7
2026-08-23T10:21:00Z,24.5
2026-08-23T10:26:00Z,24.8
2026-08-23T10:31:00Z,24.6
2026-08-23T10:36:00Z,24.1
2026-08-23T10:41:00Z,24.7
2026-08-23T10:46:00Z,24.1
2026-08-23T10:51:00Z,22.7
2026-08-23T10:56:00Z,22.3
2026-08-23T11:01:00Z,22.0
2026-08-23T11:06:00Z,21.5
2026-08-23T11:11:00Z,21.4
2026-08-23T11:16:00Z,21.4
2026-08-23T11:21:00Z,21.4
2026-08-23T11:26:00Z,22.4
2026-08-23T11:31:00Z,24.4
2026-08-23T11:36:00Z,25.2
2026-08-23T11:41:00Z,25.7
2026-08-23T11:46:00Z,25.5
2026-08-23T11:51:00Z,25.9
2026-08-23T11:56:00Z,25.6
2026-08-23T12:01:00Z,25.3
2026-08-23T12:06:00Z,24.6
2026-08-23T12:11:00Z,24.3
2026-08-23T12:16:00Z,23.8
2026-08-23T12:21:00Z,23.5
2026-08-23T12:26:00Z,23.4
2026-08-23T12:31:00Z,23.5
2026-08-23T12:36:00Z,22.9
2026-08-23T12:41:00Z,22.8
2026-08-23T12:46:00Z,23.0
2026-08-23T12:51:00Z,23.4
2026-08-23T12:56:00Z,25.2
2026-08-23T13:01:00Z,26.0
2026-08-23T13:06:00Z,25.4
2026-08-23T13:11:00Z,25.4
2026-08-23T13:16:00Z,27.1
2026-08-23T13:21:00Z,26.9
2026-08-23T13:26:00Z,25.1
2026-08-23T13:31:00Z,24.2
2026-08-23T13:36:00Z,24.3
2026-08-23T13:41:00Z,24.5
2026-08-23T13:46:00Z,24.4
2026-08-23T13:51:00Z,24.7
2026-08-23T13:56:00Z,24.7
2026-08-23T14:01:00Z,24.9
2026-08-23T14:06:00Z,24.8
2026-08-23T14:11:00Z,24.5
2026-08-23T14:16:00Z,24.6
2026-08-23T14:21:00Z,24.5
2026-08-23T14:26:00Z,24.4
2026-08-23T14:31:00Z,24.3
2026-08-23T14:36:00Z,24.4
2026-08-23T14:41:00Z,24.5
2026-08-23T14:46:00Z,24.3
2026-08-23T14:51:00Z,23.9
2026-08-23T14:56:00Z,23.9
2026-08-23T15:01:00Z,24.1
2026-08-23T15:06:00Z,24.2
2026-08-23T15:11:00Z,24.0
2026-08-23T15:16:00Z,24.1
2026-08-23T15:21:00Z,24.0
2026-08-23T15:26:00Z,24.3
2026-08-23T15:31:00Z,24.4
2026-08-23T15:36:00Z,24.5
2026-08-23T15:41:00Z,24.5
2026-08-23T15:46:00Z,24.4
2026-08-23T15:51:00Z,24.4
2026-08-23T15:56:00Z,24.5
2026-08-23T16:01:00Z,24.6
2026-08-23T16:06:00Z,24.6
2026-08-23T16:11:00Z,24.7
2026-08-23T16:16:00Z,25.0
2026-08-23T16:21:00Z,24.7
2026-08-23T16:26:00Z,24.7
2026-08-23T16:31:00Z,25.1
2026-08-23T16:36:00Z,25.3
2026-08-23T16:41:00Z,25.7
2026-08-23T16:46:00Z,25.7
2026-08-23T16:51:00Z,25.8
2026-08-23T16:56:00Z,25.5
2026-08-23T17:01:00Z,25.6
2026-08-23T17:06:00Z,25.3
2026-08-23T17:11:00Z,24.8
2026-08-23T17:16:00Z,24.6
2026-08-23T17:21:00Z,24.0
2026-08-23T17:26:00Z,23.7
2026-08-23T17:31:00Z,23.3
2026-08-23T17:36:00Z,23.3
2026-08-23T17:41:00Z,23.1
2026-08-23T17:46:00Z,23.0
2026-08-23T17:51:00Z,23.0
2026-08-23T17:56:00Z,22.7
2026-08-23T18:01:00Z,22.3
2026-08-23T18:06:00Z,21.9
2026-08-23T18:11:00Z,21.6
2026-08-23T18:16:00Z,21.2
2026-08-23T18:21:00Z,21.1
2026-08-23T18:26:00Z,20.7
2026-08-23T18:31:00Z,20.5
2026-08-23T18:36:00Z,20.4
2026-08-23T18:41:00Z,20.2
2026-08-23T18:46:00Z,20.1
2026-08-23T18:51:00Z,19.9
2026-08-23T18:56:00Z,19.9
2026-08-23T19:01:00Z,19.8
2026-08-23T19:06:00Z,19.6
2026-08-23T19:11:00Z,19.5
2026-08-23T19:16:00Z,19.4
2026-08-23T19:21:00Z,19.3
2026-08-23T19:26:00Z,19.2
2026-08-23T19:31:00Z,19.2
2026-08-23T19:36:00Z,19.2
2026-08-23T19:41:00Z,19.1
2026-08-23T19:46:00Z,19.0
2026-08-23T19:51:00Z,19.0
2026-08-23T19:56:00Z,18.9
2026-08-23T20:01:00Z,18.9
2026-08-23T20:06:00Z,18.8
2026-08-23T20:11:00Z,18.8
2026-08-23T20:16:00Z,18.8
2026-08-23T20:21:00Z,18.7
2026-08-23T20:26:00Z,18.6
2026-08-23T20:31:00Z,18.5
2026-08-23T20:36:00Z,18.4
2026-08-23T20:41:00Z,18.4
2026-08-23T20:46:00Z,18.3
2026-08-23T20:51:00Z,18.2
2026-08-23T20:56:00Z,18.2
2026-08-23T21:01:00Z,18.0
2026-08-23T21:06:00Z,18.0
2026-08-23T21:11:00Z,18.0
2026-08-23T21:16:00Z,18.0
2026-08-23T21:21:00Z,18.1
2026-08-23T21:26:00Z,18.1
2026-08-23T21:31:00Z,18.1
2026-08-23T21:36:00Z,18.0
2026-08-23T21:41:00Z,18.0
2026-08-23T21:46:00Z,18.0
2026-08-23T21:51:00Z,17.8
2026-08-23T21:56:00Z,17.7
2026-08-23T22:01:00Z,17.6
2026-08-23T22:06:00Z,17.5
2026-08-23T22:11:00Z,17.4
2026-08-23T22:16:00Z,17.4
2026-08-23T22:21:00Z,17.2
2026-08-23T22:26:00Z,17.2
2026-08-23T22:31:00Z,17.0
2026-08-23T22:36:00Z,17.0
2026-08-23T22:41:00Z,17.0
2026-08-23T22:46:00Z,17.0
2026-08-23T22:51:00Z,16.9
2026-08-23T22:56:00Z,16.9
2026-08-23T23:01:00Z,16.9
2026-08-23T23:06:00Z,16.8
2026-08-23T23:11:00Z,16.8
2026-08-23T23:16:00Z,16.8
2026-08-23T23:22:00Z,16.8
2026-08-23T23:26:00Z,16.7
2026-08-23T23:31:00Z,16.6
2026-08-23T23:36:00Z,16.6
2026-08-23T23:41:00Z,16.5
2026-08-23T23:47:00Z,16.5
2026-08-23T23:51:00Z,16.4
2026-08-23T23:57:00Z,16.4
2026-08-24T00:01:00Z,16.4
2026-08-24T00:06:00Z,16.4
2026-08-24T00:12:00Z,16.4
2026-08-24T00:16:00Z,16.4
2026-08-24T00:22:00Z,16.3
2026-08-24T00:26:00Z,16.3
2026-08-24T00:32:00Z,16.2
2026-08-24T00:37:00Z,16.1
2026-08-24T00:41:00Z,16.1
2026-08-24T00:47:00Z,16.1
2026-08-24T00:51:00Z,16.0
2026-08-24T00:57:00Z,16.0
2026-08-24T01:02:00Z,15.9
2026-08-24T01:07:00Z,15.9
2026-08-24T01:12:00Z,15.7
2026-08-24T01:16:00Z,15.5
2026-08-24T01:22:00Z,15.5
2026-08-24T01:27:00Z,15.4
2026-08-24T01:32:00Z,15.3
2026-08-24T01:37:00Z,15.2
2026-08-24T01:42:00Z,15.1
2026-08-24T01:47:00Z,15.0
2026-08-24T01:52:00Z,14.9
2026-08-24T01:57:00Z,14.8
2026-08-24T02:02:00Z,14.8
2026-08-24T02:07:00Z,14.7
2026-08-24T02:12:00Z,14.6
2026-08-24T02:17:00Z,14.6
2026-08-24T02:22:00Z,14.6
2026-08-24T02:27:00Z,14.5
2026-08-24T02:32:00Z,14.5
2026-08-24T02:37:00Z,14.4
2026-08-24T02:42:00Z,14.4
2026-08-24T02:47:00Z,14.4
2026-08-24T02:52:00Z,14.3
2026-08-24T02:57:00Z,14.3
2026-08-24T03:02:00Z,14.3
2026-08-24T03:07:00Z,14.3
2026-08-24T03:12:00Z,14.3
2026-08-24T03:17:00Z,14.3
2026-08-24T03:22:00Z,14.2
2026-08-24T03:27:00Z,14.2
2026-08-24T03:32:00Z,14.2
2026-08-24T03:37:00Z,14.1
2026-08-24T03:42:00Z,14.1
2026-08-24T03:47:00Z,14.0
2026-08-24T03:52:00Z,14.0
2026-08-24T03:57:00Z,13.9
2026-08-24T04:02:00Z,13.9
2026-08-24T04:07:00Z,13.8
2026-08-24T04:12:00Z,13.8
2026-08-24T04:17:00Z,13.8
2026-08-24T04:22:00Z,13.8
2026-08-24T04:27:00Z,13.7
2026-08-24T04:32:00Z,13.7
2026-08-24T04:37:00Z,13.7
2026-08-24T04:42:00Z,13.7
2026-08-24T04:47:00Z,13.6
2026-08-24T04:52:00Z,13.7
2026-08-24T04:57:00Z,13.7
2026-08-24T05:02:00Z,13.6
2026-08-24T05:07:00Z,13.6
2026-08-24T05:12:00Z,13.6
2026-08-24T05:17:00Z,13.6
2026-08-24T05:22:00Z,13.6
2026-08-24T05:27:00Z,13.6
2026-08-24T05:32:00Z,13.6
2026-08-24T05:37:00Z,13.7
2026-08-24T05:42:00Z,13.8
2026-08-24T05:47:00Z,13.8
2026-08-24T05:52:00Z,13.8
2026-08-24T05:57:00Z,13.9
2026-08-24T06:02:00Z,14.0
2026-08-24T06:07:00Z,14.1
2026-08-24T06:12:00Z,14.2
2026-08-24T06:17:00Z,14.3
2026-08-24T06:22:00Z,14.4
2026-08-24T06:27:00Z,14.5
2026-08-24T06:32:00Z,14.7
2026-08-24T06:37:00Z,14.8
2026-08-24T06:42:00Z,14.9
2026-08-24T06:47:00Z,15.1
2026-08-24T06:52:00Z,15.2
2026-08-24T06:57:00Z,15.4
2026-08-24T07:02:00Z,15.6
2026-08-24T07:07:00Z,15.7
2026-08-24T07:12:00Z,15.9
2026-08-24T07:17:00Z,15.9
2026-08-24T07:22:00Z,16.0
2026-08-24T07:27:00Z,16.0
2026-08-24T07:32:00Z,16.0
2026-08-24T07:37:00Z,16.1
2026-08-24T07:42:00Z,16.4
2026-08-24T07:47:00Z,16.6
2026-08-24T07:52:00Z,16.8
2026-08-24T07:57:00Z,17.1
2026-08-24T08:02:00Z,17.3
2026-08-24T08:07:00Z,17.4
2026-08-24T08:12:00Z,17.5
2026-08-24T08:17:00Z,17.7
2026-08-24T08:22:00Z,17.8
2026-08-24T08:27:00Z,17.8
2026-08-24T08:32:00Z,17.8
2026-08-24T08:37:00Z,17.8
2026-08-24T08:42:00Z,17.9
2026-08-24T08:47:00Z,18.0
2026-08-24T08:52:00Z,18.1
2026-08-24T08:57:00Z,18.3
2026-08-24T09:02:00Z,18.4
2026-08-24T09:07:00Z,18.6
2026-08-24T09:12:00Z,18.6
2026-08-24T09:17:00Z,18.7
2026-08-24T09:22:00Z,18.8
2026-08-24T09:27:00Z,18.9
2026-08-24T09:32:00Z,19.1
2026-08-24T09:37:00Z,19.1
2026-08-24T09:42:00Z,19.2
2026-08-24T09:47:00Z,19.0
2026-08-24T09:52:00Z,19.1
2026-08-24T09:57:00Z,19.9
2026-08-24T10:02:00Z,20.3
2026-08-24T10:07:00Z,20.6
2026-08-24T10:12:00Z,20.6
2026-08-24T10:17:00Z,20.0
2026-08-24T10:22:00Z,20.5
2026-08-24T10:27:00Z,21.3
2026-08-24T10:32:00Z,21.3
2026-08-24T10:37:00Z,20.7
2026-08-24T10:42:00Z,20.7
2026-08-24T10:47:00Z,20.7
2026-08-24T10:52:00Z,20.8
2026-08-24T10:57:00Z,20.8
2026-08-24T11:02:00Z,21.3
2026-08-24T11:07:00Z,20.9
2026-08-24T11:12:00Z,20.6
2026-08-24T11:17:00Z,21.1
2026-08-24T11:22:00Z,22.2
2026-08-24T11:27:00Z,22.3
2026-08-24T11:32:00Z,22.7
2026-08-24T11:37:00Z,23.1
2026-08-24T11:42:00Z,22.9
2026-08-24T11:47:00Z,23.0
2026-08-24T11:52:00Z,22.6
2026-08-24T11:57:00Z,22.4
2026-08-24T12:02:00Z,22.8
2026-08-24T12:07:00Z,23.5
2026-08-24T12:12:00Z,23.7
2026-08-24T12:17:00Z,22.5
2026-08-24T12:22:00Z,21.9
2026-08-24T12:27:00Z,22.3
2026-08-24T12:32:00Z,22.4
2026-08-24T12:37:00Z,22.5
2026-08-24T12:42:00Z,23.3
2026-08-24T12:47:00Z,22.9
2026-08-24T12:52:00Z,23.0
2026-08-24T12:57:00Z,23.2
2026-08-24T13:02:00Z,22.3
2026-08-24T13:07:00Z,22.8
2026-08-24T13:12:00Z,23.2
2026-08-24T13:17:00Z,23.3
2026-08-24T13:22:00Z,22.3
2026-08-24T13:27:00Z,22.2
2026-08-24T13:32:00Z,22.2
2026-08-24T13:37:00Z,21.9
2026-08-24T13:42:00Z,22.1
2026-08-24T13:47:00Z,22.0
2026-08-24T13:52:00Z,22.2
2026-08-24T13:57:00Z,22.4
2026-08-24T14:02:00Z,22.0
2026-08-24T14:07:00Z,21.7
2026-08-24T14:12:00Z,21.8
2026-08-24T14:17:00Z,21.7
2026-08-24T14:22:00Z,22.0
2026-08-24T14:27:00Z,21.6
2026-08-24T14:32:00Z,21.7
2026-08-24T14:37:00Z,21.5
2026-08-24T14:42:00Z,21.6
2026-08-24T14:47:00Z,21.5
2026-08-24T14:52:00Z,21.4
2026-08-24T14:57:00Z,21.4
2026-08-24T15:02:00Z,21.5
2026-08-24T15:07:00Z,21.5
2026-08-24T15:12:00Z,21.3
2026-08-24T15:17:00Z,21.2
2026-08-24T15:22:00Z,21.0
2026-08-24T15:27:00Z,21.1
2026-08-24T15:32:00Z,21.0
2026-08-24T15:37:00Z,20.9
2026-08-24T15:42:00Z,21.0
2026-08-24T15:47:00Z,20.8
2026-08-24T15:52:00Z,20.9
2026-08-24T15:57:00Z,20.8
2026-08-24T16:02:00Z,20.6
2026-08-24T16:07:00Z,20.5
2026-08-24T16:12:00Z,20.6
2026-08-24T16:17:00Z,20.8
2026-08-24T16:22:00Z,20.7
2026-08-24T16:27:00Z,20.8
2026-08-24T16:32:00Z,20.5
2026-08-24T16:37:00Z,20.3
2026-08-24T16:42:00Z,20.4
2026-08-24T16:47:00Z,20.3
2026-08-24T16:52:00Z,20.3
2026-08-24T16:57:00Z,20.1
2026-08-24T17:02:00Z,20.2
2026-08-24T17:07:00Z,20.4
2026-08-24T17:12:00Z,20.5
2026-08-24T17:17:00Z,20.5
2026-08-24T17:22:00Z,20.4
2026-08-24T17:27:00Z,20.5
2026-08-24T17:32:00Z,20.4
2026-08-24T17:37:00Z,20.5
2026-08-24T17:42:00Z,20.6
2026-08-24T17:47:00Z,20.4
2026-08-24T17:52:00Z,20.2
2026-08-24T17:57:00Z,20.1
2026-08-24T18:02:00Z,19.9
2026-08-24T18:07:00Z,19.7
2026-08-24T18:12:00Z,19.6
2026-08-24T18:17:00Z,19.5
2026-08-24T18:22:00Z,19.5
2026-08-24T18:27:00Z,19.4
2026-08-24T18:32:00Z,19.3
2026-08-24T18:37:00Z,19.1
2026-08-24T18:42:00Z,19.0
2026-08-24T18:47:00Z,19.0
2026-08-24T18:52:00Z,19.0
2026-08-24T18:57:00Z,18.9
2026-08-24T19:02:00Z,18.8
2026-08-24T19:07:00Z,18.8
2026-08-24T19:12:00Z,18.7
2026-08-24T19:17:00Z,18.6
2026-08-24T19:22:00Z,18.5
2026-08-24T19:27:00Z,18.4
2026-08-24T19:32:00Z,18.4
2026-08-24T19:37:00Z,18.3
2026-08-24T19:42:00Z,18.3
2026-08-24T19:47:00Z,18.3
2026-08-24T19:52:00Z,18.3
2026-08-24T19:57:00Z,18.2
2026-08-24T20:02:00Z,18.2
2026-08-24T20:07:00Z,18.1
2026-08-24T20:12:00Z,18.0
2026-08-24T20:17:00Z,18.0
2026-08-24T20:22:00Z,18.0
2026-08-24T20:28:00Z,17.9
2026-08-24T20:32:00Z,17.9
2026-08-24T20:38:00Z,17.9
2026-08-24T20:42:00Z,17.8
2026-08-24T20:47:00Z,17.8
2026-08-24T20:53:00Z,17.8
2026-08-24T20:57:00Z,17.8
2026-08-24T21:03:00Z,17.7
2026-08-24T21:07:00Z,17.7
2026-08-24T21:13:00Z,17.6
2026-08-24T21:18:00Z,17.6
2026-08-24T21:22:00Z,17.5
2026-08-24T21:28:00Z,17.5
2026-08-24T21:32:00Z,17.5
2026-08-24T21:38:00Z,17.5
2026-08-24T21:43:00Z,17.4
2026-08-24T21:48:00Z,17.4
2026-08-24T21:53:00Z,17.3
2026-08-24T21:57:00Z,17.3
2026-08-24T22:03:00Z,17.3
2026-08-24T22:08:00Z,17.2
2026-08-24T22:13:00Z,17.2
2026-08-24T22:18:00Z,17.2
2026-08-24T22:23:00Z,17.1
2026-08-24T22:28:00Z,17.1
2026-08-24T22:33:00Z,17.0
2026-08-24T22:37:00Z,17.0
2026-08-24T22:43:00Z,17.0
2026-08-24T22:48:00Z,16.9
2026-08-24T22:53:00Z,16.9
2026-08-24T22:58:00Z,16.8
2026-08-24T23:03:00Z,16.8
2026-08-24T23:08:00Z,16.8
2026-08-24T23:13:00Z,16.8
2026-08-24T23:18:00Z,16.8
2026-08-24T23:23:00Z,16.8
2026-08-24T23:28:00Z,16.8
2026-08-24T23:33:00Z,16.8
2026-08-24T23:38:00Z,16.8
2026-08-24T23:43:00Z,16.7
2026-08-24T23:48:00Z,16.7
2026-08-24T23:53:00Z,16.6
2026-08-24T23:58:00Z,16.6
2026-08-25T00:03:00Z,16.6
2026-08-25T00:08:00Z,16.6
2026-08-25T00:13:00Z,16.5
2026-08-25T00:18:00Z,16.5
2026-08-25T00:23:00Z,16.5
2026-08-25T00:28:00Z,16.5
2026-08-25T00:33:00Z,16.5
2026-08-25T00:38:00Z,16.5
2026-08-25T00:43:00Z,16.5
2026-08-25T00:48:00Z,16.5
2026-08-25T00:53:00Z,16.6
2026-08-25T00:58:00Z,16.6
2026-08-25T01:03:00Z,16.7
2026-08-25T01:08:00Z,16.7
2026-08-25T01:13:00Z,16.6
2026-08-25T01:18:00Z,16.6
2026-08-25T01:23:00Z,16.6
2026-08-25T01:28:00Z,16.5
2026-08-25T01:33:00Z,16.5
2026-08-25T01:38:00Z,16.5
2026-08-25T01:43:00Z,16.5
2026-08-25T01:48:00Z,16.5
2026-08-25T01:53:00Z,16.4
2026-08-25T01:58:00Z,16.4
2026-08-25T02:03:00Z,16.4
2026-08-25T02:08:00Z,16.4
2026-08-25T02:13:00Z,16.4
2026-08-25T02:18:00Z,16.4
2026-08-25T02:23:00Z,16.4
2026-08-25T02:28:00Z,16.4
2026-08-25T02:33:00Z,16.4
2026-08-25T02:38:00Z,16.3
2026-08-25T02:43:00Z,16.3
2026-08-25T02:48:00Z,16.3
2026-08-25T02:53:00Z,16.3
2026-08-25T02:58:00Z,16.3
2026-08-25T03:03:00Z,16.3
2026-08-25T03:08:00Z,16.3
2026-08-25T03:13:00Z,16.2
2026-08-25T03:18:00Z,16.2
2026-08-25T03:23:00Z,16.2
2026-08-25T03:28:00Z,16.1
2026-08-25T03:33:00Z,16.1
2026-08-25T03:38:00Z,16.0
2026-08-25T03:43:00Z,16.0
2026-08-25T03:48:00Z,16.0
2026-08-25T03:53:00Z,15.9
2026-08-25T03:58:00Z,15.9
2026-08-25T04:03:00Z,15.9
2026-08-25T04:08:00Z,15.8
2026-08-25T04:13:00Z,15.8
2026-08-25T04:18:00Z,15.7
2026-08-25T04:23:00Z,15.7
2026-08-25T04:28:00Z,15.7
2026-08-25T04:33:00Z,15.7
2026-08-25T04:38:00Z,15.7
2026-08-25T04:43:00Z,15.7
2026-08-25T04:48:00Z,15.7
2026-08-25T04:53:00Z,15.7
2026-08-25T04:58:00Z,15.7
2026-08-25T05:03:00Z,15.7
2026-08-25T05:08:00Z,15.7
2026-08-25T05:13:00Z,15.8
2026-08-25T05:18:00Z,15.8
2026-08-25T05:23:00Z,15.8
2026-08-25T05:28:00Z,15.8
2026-08-25T05:33:00Z,15.8
2026-08-25T05:38:00Z,15.8
2026-08-25T05:43:00Z,15.9
2026-08-25T05:48:00Z,15.9
2026-08-25T05:53:00Z,16.0
2026-08-25T05:58:00Z,16.0
2026-08-25T06:03:00Z,16.0
2026-08-25T06:08:00Z,16.1
2026-08-25T06:13:00Z,16.1
2026-08-25T06:18:00Z,16.2
2026-08-25T06:23:00Z,16.2
2026-08-25T06:28:00Z,16.3
2026-08-25T06:33:00Z,16.4
2026-08-25T06:38:00Z,16.5
2026-08-25T06:43:00Z,16.6
2026-08-25T06:48:00Z,16.7
2026-08-25T06:53:00Z,16.8
2026-08-25T06:58:00Z,17.0
2026-08-25T07:03:00Z,17.1
2026-08-25T07:08:00Z,17.3
2026-08-25T07:13:00Z,17.4
2026-08-25T07:18:00Z,17.6
2026-08-25T07:23:00Z,17.8
2026-08-25T07:28:00Z,17.9
2026-08-25T07:33:00Z,18.3
2026-08-25T07:38:00Z,18.4
2026-08-25T07:43:00Z,18.6
2026-08-25T07:48:00Z,18.7
2026-08-25T07:53:00Z,18.8
2026-08-25T07:58:00Z,19.0
2026-08-25T08:03:00Z,19.1
2026-08-25T08:08:00Z,19.1
2026-08-25T08:13:00Z,19.3
2026-08-25T08:18:00Z,19.5
2026-08-25T08:23:00Z,19.8
2026-08-25T08:28:00Z,19.9
2026-08-25T08:33:00Z,20.1
2026-08-25T08:38:00Z,20.3
2026-08-25T08:43:00Z,20.4
2026-08-25T08:48:00Z,20.5
2026-08-25T08:53:00Z,20.8
2026-08-25T08:58:00Z,20.8
2026-08-25T09:03:00Z,21.0
2026-08-25T09:08:00Z,21.2
2026-08-25T09:13:00Z,21.6
2026-08-25T09:18:00Z,21.9
2026-08-25T09:23:00Z,21.9
2026-08-25T09:28:00Z,22.1
2026-08-25T09:33:00Z,22.6
2026-08-25T09:38:00Z,23.0
2026-08-25T09:43:00Z,23.2
2026-08-25T09:48:00Z,23.3
2026-08-25T09:53:00Z,23.6
2026-08-25T09:58:00Z,24.2
2026-08-25T10:03:00Z,24.1
2026-08-25T10:08:00Z,24.0
2026-08-25T10:13:00Z,24.6
2026-08-25T10:18:00Z,24.2
2026-08-25T10:23:00Z,24.1
2026-08-25T10:28:00Z,24.3
2026-08-25T10:33:00Z,25.8
2026-08-25T10:38:00Z,24.5
2026-08-25T10:43:00Z,24.5
2026-08-25T10:48:00Z,24.2
2026-08-25T10:53:00Z,24.7
2026-08-25T10:58:00Z,24.9
2026-08-25T11:03:00Z,25.7
2026-08-25T11:08:00Z,26.0
2026-08-25T11:13:00Z,26.5
2026-08-25T11:18:00Z,26.5
2026-08-25T11:23:00Z,26.2
2026-08-25T11:28:00Z,26.9
2026-08-25T11:33:00Z,27.2
2026-08-25T11:38:00Z,26.7
2026-08-25T11:43:00Z,26.4
2026-08-25T11:48:00Z,26.9
2026-08-25T11:53:00Z,27.3
2026-08-25T11:58:00Z,27.0
2026-08-25T12:03:00Z,27.3
2026-08-25T12:08:00Z,27.2
2026-08-25T12:13:00Z,27.4
2026-08-25T12:18:00Z,27.2
2026-08-25T12:23:00Z,27.6
2026-08-25T12:28:00Z,27.3
2026-08-25T12:33:00Z,27.3
2026-08-25T12:39:00Z,28.3
2026-08-25T12:48:00Z,27.2
2026-08-25T12:53:00Z,27.2
2026-08-25T12:58:00Z,27.8
2026-08-25T13:04:00Z,27.4
2026-08-25T13:08:00Z,27.1
2026-08-25T13:14:00Z,27.7
2026-08-25T13:18:00Z,27.8
2026-08-25T13:24:00Z,26.9
2026-08-25T13:28:00Z,26.5
2026-08-25T13:33:00Z,26.2
2026-08-25T13:39:00Z,26.1
2026-08-25T13:43:00Z,25.6
2026-08-25T13:49:00Z,25.7
2026-08-25T13:53:00Z,25.5
2026-08-25T13:59:00Z,25.2
2026-08-25T14:04:00Z,25.2
2026-08-25T14:08:00Z,25.0
2026-08-25T14:14:00Z,24.7
2026-08-25T14:18:00Z,24.8
2026-08-25T14:24:00Z,24.8
2026-08-25T14:28:00Z,24.8
2026-08-25T14:34:00Z,24.8
2026-08-25T14:39:00Z,24.8
2026-08-25T14:43:00Z,24.5
2026-08-25T14:49:00Z,24.5
2026-08-25T14:53:00Z,24.4
2026-08-25T14:59:00Z,24.5
2026-08-25T15:04:00Z,24.5
2026-08-25T15:09:00Z,24.3
2026-08-25T15:14:00Z,24.3
2026-08-25T15:19:00Z,24.2
2026-08-25T15:23:00Z,24.1
2026-08-25T15:29:00Z,24.1
2026-08-25T15:34:00Z,23.9
2026-08-25T15:39:00Z,23.7
2026-08-25T15:44:00Z,23.6
2026-08-25T15:49:00Z,23.4
2026-08-25T15:54:00Z,23.3
2026-08-25T15:59:00Z,23.2
2026-08-25T16:04:00Z,23.5
2026-08-25T16:09:00Z,23.8
2026-08-25T16:14:00Z,23.9
2026-08-25T16:19:00Z,24.0
2026-08-25T16:24:00Z,24.2
2026-08-25T16:29:00Z,24.3
2026-08-25T16:34:00Z,24.5
2026-08-25T16:39:00Z,24.7
2026-08-25T16:44:00Z,24.5
2026-08-25T16:49:00Z,24.6
2026-08-25T16:54:00Z,24.7
2026-08-25T16:59:00Z,24.5
2026-08-25T17:04:00Z,24.5
2026-08-25T17:09:00Z,24.4
2026-08-25T17:14:00Z,24.3
2026-08-25T17:19:00Z,23.8
2026-08-25T17:24:00Z,23.7
2026-08-25T17:29:00Z,23.6
2026-08-25T17:34:00Z,23.5
2026-08-25T17:39:00Z,23.5
2026-08-25T17:44:00Z,23.6
2026-08-25T17:49:00Z,23.3
2026-08-25T17:54:00Z,22.9
2026-08-25T17:59:00Z,22.7
2026-08-25T18:04:00Z,22.3
2026-08-25T18:09:00Z,22.3
2026-08-25T18:14:00Z,22.1
2026-08-25T18:19:00Z,22.0
2026-08-25T18:24:00Z,21.9
2026-08-25T18:29:00Z,21.8
2026-08-25T18:34:00Z,21.7
2026-08-25T18:39:00Z,21.6
2026-08-25T18:44:00Z,21.4
2026-08-25T18:49:00Z,21.2
2026-08-25T18:54:00Z,21.1
2026-08-25T18:59:00Z,21.0
2026-08-25T19:04:00Z,20.9
2026-08-25T19:09:00Z,20.8
2026-08-25T19:14:00Z,20.7
2026-08-25T19:19:00Z,20.6
2026-08-25T19:24:00Z,20.6
2026-08-25T19:29:00Z,20.6
2026-08-25T19:34:00Z,20.6
2026-08-25T19:39:00Z,20.5
2026-08-25T19:44:00Z,20.4
2026-08-25T19:49:00Z,20.3
2026-08-25T19:54:00Z,20.3
2026-08-25T19:59:00Z,20.3
2026-08-25T20:04:00Z,20.2
2026-08-25T20:09:00Z,20.1
2026-08-25T20:14:00Z,20.1
2026-08-25T20:19:00Z,20.1
2026-08-25T20:24:00Z,20.0
2026-08-25T20:29:00Z,20.0
2026-08-25T20:34:00Z,20.0
2026-08-25T20:39:00Z,19.9
2026-08-25T20:44:00Z,19.9
2026-08-25T20:49:00Z,19.9
2026-08-25T20:54:00Z,19.9
2026-08-25T20:59:00Z,19.8
2026-08-25T21:04:00Z,19.8
2026-08-25T21:09:00Z,19.8
2026-08-25T21:14:00Z,19.7
2026-08-25T21:19:00Z,19.8
2026-08-25T21:24:00Z,19.8
2026-08-25T21:29:00Z,19.8
2026-08-25T21:34:00Z,19.8
2026-08-25T21:39:00Z,19.8
2026-08-25T21:44:00Z,19.8
2026-08-25T21:49:00Z,19.8
2026-08-25T21:54:00Z,19.8
2026-08-25T21:59:00Z,19.8
2026-08-25T22:04:00Z,19.8
2026-08-25T22:14:00Z,19.7
2026-08-25T22:19:00Z,19.6
2026-08-25T22:24:00Z,19.6
2026-08-25T22:29:00Z,19.6
2026-08-25T22:34:00Z,19.5
2026-08-25T22:39:00Z,19.6
2026-08-25T22:44:00Z,19.5
2026-08-25T22:49:00Z,19.5
2026-08-25T22:54:00Z,19.5
2026-08-25T22:59:00Z,19.5
2026-08-25T23:04:00Z,19.5
2026-08-25T23:09:00Z,19.6
2026-08-25T23:14:00Z,19.6
2026-08-25T23:19:00Z,19.6
2026-08-25T23:24:00Z,19.5
2026-08-25T23:29:00Z,19.4
2026-08-25T23:34:00Z,19.4
2026-08-25T23:39:00Z,19.4
2026-08-25T23:44:00Z,19.4
2026-08-25T23:49:00Z,19.4
2026-08-25T23:54:00Z,19.4
2026-08-25T23:59:00Z,19.4
2026-08-26T00:04:00Z,19.4
2026-08-26T00:09:00Z,19.4
2026-08-26T00:14:00Z,19.4
2026-08-26T00:19:00Z,19.4
2026-08-26T00:24:00Z,19.4
2026-08-26T00:29:00Z,19.4
2026-08-26T00:34:00Z,19.4
2026-08-26T00:39:00Z,19.4
2026-08-26T00:44:00Z,19.4
2026-08-26T00:49:00Z,19.4
2026-08-26T00:54:00Z,19.4
2026-08-26T00:59:00Z,19.4
2026-08-26T01:04:00Z,19.5
2026-08-26T01:09:00Z,19.5
2026-08-26T01:14:00Z,19.6
2026-08-26T01:19:00Z,19.6
2026-08-26T01:24:00Z,19.6
2026-08-26T01:29:00Z,19.6
2026-08-26T01:34:00Z,19.6
2026-08-26T01:39:00Z,19.6
2026-08-26T01:44:00Z,19.6
2026-08-26T01:49:00Z,19.7
2026-08-26T01:54:00Z,19.7
2026-08-26T01:59:00Z,19.8
2026-08-26T02:04:00Z,19.9
2026-08-26T02:09:00Z,19.9
2026-08-26T02:14:00Z,19.9
2026-08-26T02:19:00Z,19.8
2026-08-26T02:24:00Z,19.9
2026-08-26T02:29:00Z,19.9
2026-08-26T02:34:00Z,20.0
2026-08-26T02:39:00Z,19.9
2026-08-26T02:44:00Z,19.7
2026-08-26T02:49:00Z,19.7
2026-08-26T02:54:00Z,19.5
2026-08-26T02:59:00Z,19.5
2026-08-26T03:04:00Z,19.5
2026-08-26T03:09:00Z,19.4
2026-08-26T03:14:00Z,19.4
2026-08-26T03:19:00Z,19.4
2026-08-26T03:24:00Z,19.3
2026-08-26T03:29:00Z,19.2
2026-08-26T03:34:00Z,19.0
2026-08-26T03:39:00Z,19.0
2026-08-26T03:44:00Z,19.0
2026-08-26T03:49:00Z,19.0
2026-08-26T03:54:00Z,18.9
2026-08-26T03:59:00Z,18.8
2026-08-26T04:04:00Z,18.8
2026-08-26T04:09:00Z,18.9
2026-08-26T04:14:00Z,18.9
2026-08-26T04:19:00Z,18.9
2026-08-26T04:24:00Z,19.0
2026-08-26T04:29:00Z,18.9
2026-08-26T04:34:00Z,18.9
2026-08-26T04:39:00Z,18.9
2026-08-26T04:44:00Z,19.0
2026-08-26T04:49:00Z,19.0
2026-08-26T04:54:00Z,18.9
2026-08-26T04:59:00Z,18.9
2026-08-26T05:04:00Z,18.9
2026-08-26T05:09:00Z,18.9
2026-08-26T05:14:00Z,18.9
2026-08-26T05:19:00Z,18.9
2026-08-26T05:24:00Z,18.9
2026-08-26T05:29:00Z,19.0
2026-08-26T05:34:00Z,19.0
2026-08-26T05:39:00Z,19.0
2026-08-26T05:44:00Z,19.0
2026-08-26T05:49:00Z,19.0
2026-08-26T05:54:00Z,19.1
2026-08-26T05:59:00Z,19.1
2026-08-26T06:04:00Z,19.0
2026-08-26T06:09:00Z,19.0
2026-08-26T06:15:00Z,19.1
2026-08-26T06:19:00Z,19.2
2026-08-26T06:25:00Z,19.3
2026-08-26T06:34:00Z,19.4
2026-08-26T06:40:00Z,19.5
2026-08-26T06:44:00Z,19.5
2026-08-26T06:50:00Z,19.7
2026-08-26T06:54:00Z,19.7
2026-08-26T07:00:00Z,19.8
2026-08-26T07:05:00Z,19.7
2026-08-26T07:09:00Z,19.7
2026-08-26T07:15:00Z,19.8
2026-08-26T07:19:00Z,19.8
2026-08-26T07:25:00Z,19.9
2026-08-26T07:30:00Z,19.9
2026-08-26T07:35:00Z,20.0
2026-08-26T07:40:00Z,19.9
2026-08-26T07:44:00Z,20.0
2026-08-26T07:50:00Z,20.1
2026-08-26T07:55:00Z,20.2
2026-08-26T08:00:00Z,20.1
2026-08-26T08:05:00Z,20.2
2026-08-26T08:10:00Z,20.3
2026-08-26T08:15:00Z,20.5
2026-08-26T08:20:00Z,20.5
2026-08-26T08:25:00Z,20.4
2026-08-26T08:30:00Z,20.4
2026-08-26T08:35:00Z,20.6
2026-08-26T08:40:00Z,20.5
2026-08-26T08:45:00Z,20.6
2026-08-26T08:50:00Z,20.8
2026-08-26T08:55:00Z,20.9
2026-08-26T09:00:00Z,21.0
2026-08-26T09:05:00Z,21.4
2026-08-26T09:10:00Z,21.4
2026-08-26T09:15:00Z,21.5
2026-08-26T09:20:00Z,21.5
2026-08-26T09:25:00Z,21.6
2026-08-26T09:30:00Z,21.8
2026-08-26T09:35:00Z,21.8
2026-08-26T09:40:00Z,21.8
2026-08-26T09:45:00Z,22.0
2026-08-26T09:50:00Z,22.4
2026-08-26T09:55:00Z,22.5
2026-08-26T10:00:00Z,22.6
2026-08-26T10:05:00Z,23.0
2026-08-26T10:10:00Z,23.4
2026-08-26T10:15:00Z,23.4
2026-08-26T10:20:00Z,22.8
2026-08-26T10:25:00Z,22.9
2026-08-26T10:30:00Z,22.7
2026-08-26T10:35:00Z,22.8
2026-08-26T10:40:00Z,22.9
2026-08-26T10:45:00Z,22.9
2026-08-26T10:50:00Z,23.0
2026-08-26T10:55:00Z,23.1
2026-08-26T11:00:00Z,23.5
2026-08-26T11:05:00Z,23.5
2026-08-26T11:10:00Z,23.5
2026-08-26T11:15:00Z,23.8
2026-08-26T11:20:00Z,24.3
2026-08-26T11:25:00Z,25.0
2026-08-26T11:30:00Z,26.1
2026-08-26T11:35:00Z,25.7
2026-08-26T11:40:00Z,25.9
2026-08-26T11:45:00Z,27.4
2026-08-26T11:50:00Z,27.3
2026-08-26T11:55:00Z,26.5
2026-08-26T12:00:00Z,27.1
2026-08-26T12:05:00Z,28.1
2026-08-26T12:10:00Z,28.2
2026-08-26T12:15:00Z,28.0
2026-08-26T12:20:00Z,28.2
2026-08-26T12:25:00Z,27.0
2026-08-26T12:30:00Z,26.9
2026-08-26T12:35:00Z,28.0
2026-08-26T12:40:00Z,28.9
2026-08-26T12:45:00Z,28.9
2026-08-26T12:50:00Z,28.6
2026-08-26T12:55:00Z,28.9
2026-08-26T13:00:00Z,28.6
2026-08-26T13:05:00Z,28.3
2026-08-26T13:10:00Z,28.4
2026-08-26T13:15:00Z,28.0
2026-08-26T13:20:00Z,27.4
2026-08-26T13:25:00Z,27.4
2026-08-26T13:30:00Z,27.4
2026-08-26T13:35:00Z,27.4
2026-08-26T13:40:00Z,27.0
2026-08-26T13:45:00Z,26.6
2026-08-26T13:50:00Z,26.6
2026-08-26T13:55:00Z,26.6
2026-08-26T14:00:00Z,26.3
2026-08-26T14:05:00Z,26.4
2026-08-26T14:10:00Z,26.5
2026-08-26T14:15:00Z,26.4
2026-08-26T14:20:00Z,26.3
2026-08-26T14:25:00Z,26.2
2026-08-26T14:30:00Z,26.1
2026-08-26T14:35:00Z,26.2
2026-08-26T14:45:00Z,25.9
2026-08-26T14:50:00Z,26.0
2026-08-26T14:55:00Z,26.2
2026-08-26T15:00:00Z,26.0
2026-08-26T15:05:00Z,25.5
2026-08-26T15:10:00Z,25.3
2026-08-26T15:15:00Z,25.5
2026-08-26T15:20:00Z,25.1
2026-08-26T15:25:00Z,25.2
2026-08-26T15:30:00Z,25.2
2026-08-26T15:35:00Z,25.2
2026-08-26T15:40:00Z,25.3
2026-08-26T15:45:00Z,25.3
2026-08-26T15:50:00Z,25.3
2026-08-26T15:55:00Z,25.1
2026-08-26T16:00:00Z,25.2
2026-08-26T16:10:00Z,25.3
2026-08-26T16:15:00Z,25.2
2026-08-26T16:20:00Z,25.3
2026-08-26T16:25:00Z,25.4
2026-08-26T16:30:00Z,25.6
2026-08-26T16:35:00Z,25.7
2026-08-26T16:40:00Z,25.6
2026-08-26T16:45:00Z,25.3
2026-08-26T16:50:00Z,25.3
2026-08-26T16:55:00Z,25.3
2026-08-26T17:00:00Z,25.3
2026-08-26T17:05:00Z,25.3
2026-08-26T17:10:00Z,25.1
2026-08-26T17:15:00Z,25.1
2026-08-26T17:20:00Z,25.1
2026-08-26T17:25:00Z,25.1
2026-08-26T17:30:00Z,24.9
2026-08-26T17:35:00Z,24.7
2026-08-26T17:40:00Z,24.7
2026-08-26T17:45:00Z,24.5
2026-08-26T17:50:00Z,24.5
2026-08-26T17:55:00Z,24.5
2026-08-26T18:00:00Z,24.2
2026-08-26T18:05:00Z,24.0
2026-08-26T18:10:00Z,23.7
2026-08-26T18:15:00Z,23.4
2026-08-26T18:20:00Z,23.3
2026-08-26T18:25:00Z,23.1
2026-08-26T18:30:00Z,22.9
2026-08-26T18:35:00Z,22.7
2026-08-26T18:40:00Z,22.4
2026-08-26T18:45:00Z,22.2
2026-08-26T18:50:00Z,22.1
2026-08-26T18:55:00Z,21.9
2026-08-26T19:00:00Z,21.8
2026-08-26T19:05:00Z,21.7
2026-08-26T19:10:00Z,21.6
2026-08-26T19:15:00Z,21.6
2026-08-26T19:20:00Z,21.6
2026-08-26T19:25:00Z,21.6
2026-08-26T19:30:00Z,21.5
2026-08-26T19:35:00Z,21.5
2026-08-26T19:40:00Z,21.5
2026-08-26T19:45:00Z,21.5
2026-08-26T19:50:00Z,21.4
2026-08-26T19:55:00Z,21.2
2026-08-26T20:00:00Z,21.1
2026-08-26T20:05:00Z,21.0
2026-08-26T20:10:00Z,21.0
2026-08-26T20:15:00Z,20.9
2026-08-26T20:20:00Z,20.9
2026-08-26T20:25:00Z,20.8
2026-08-26T20:30:00Z,20.7
2026-08-26T20:35:00Z,20.6
2026-08-26T20:40:00Z,20.7
2026-08-26T20:45:00Z,20.6
2026-08-26T20:50:00Z,20.6
2026-08-26T20:55:00Z,20.6
2026-08-26T21:00:00Z,20.6
2026-08-26T21:05:00Z,20.5
2026-08-26T21:10:00Z,20.5
2026-08-26T21:15:00Z,20.4
2026-08-26T21:20:00Z,20.3
2026-08-26T21:25:00Z,20.3
2026-08-26T21:30:00Z,20.3
2026-08-26T21:35:00Z,20.2
2026-08-26T21:40:00Z,20.2
2026-08-26T21:45:00Z,20.2
2026-08-26T21:50:00Z,20.1
2026-08-26T21:55:00Z,20.1
2026-08-26T22:00:00Z,20.1
2026-08-26T22:05:00Z,20.1
2026-08-26T22:10:00Z,20.0
2026-08-26T22:15:00Z,20.0
2026-08-26T22:20:00Z,20.0
2026-08-26T22:25:00Z,19.9
2026-08-26T22:30:00Z,20.0
2026-08-26T22:35:00Z,20.0
2026-08-26T22:40:00Z,20.0
2026-08-26T22:45:00Z,20.0
2026-08-26T22:50:00Z,20.0
2026-08-26T22:55:00Z,20.1
2026-08-26T23:00:00Z,20.1
2026-08-26T23:05:00Z,20.1
2026-08-26T23:10:00Z,20.0
2026-08-26T23:15:00Z,20.0
2026-08-26T23:20:00Z,20.0
2026-08-26T23:25:00Z,20.0
2026-08-26T23:30:00Z,20.0
2026-08-26T23:35:00Z,20.0
2026-08-26T23:40:00Z,20.0
2026-08-26T23:45:00Z,20.0
2026-08-26T23:50:00Z,20.0
2026-08-26T23:55:00Z,20.0
2026-08-27T00:00:00Z,20.0
2026-08-27T00:05:00Z,20.0
2026-08-27T00:11:00Z,20.1
2026-08-27T00:15:00Z,20.1
2026-08-27T00:20:00Z,20.1
2026-08-27T00:25:00Z,20.1
2026-08-27T00:30:00Z,20.1
2026-08-27T00:36:00Z,20.1
2026-08-27T00:40:00Z,20.2
2026-08-27T00:46:00Z,20.2
2026-08-27T00:50:00Z,20.2
2026-08-27T00:55:00Z,20.2
2026-08-27T01:01:00Z,20.2
2026-08-27T01:05:00Z,20.1
2026-08-27T01:11:00Z,20.1
2026-08-27T01:15:00Z,20.1
2026-08-27T01:21:00Z,20.1
2026-08-27T01:25:00Z,20.1
2026-08-27T01:30:00Z,20.1
2026-08-27T01:36:00Z,20.1
2026-08-27T01:40:00Z,20.0
2026-08-27T01:46:00Z,20.0
2026-08-27T01:50:00Z,20.1
2026-08-27T01:56:00Z,20.1
2026-08-27T02:01:00Z,20.0
2026-08-27T02:05:00Z,20.0
2026-08-27T02:11:00Z,20.0
2026-08-27T02:15:00Z,20.0
2026-08-27T02:21:00Z,20.0
2026-08-27T02:25:00Z,20.0
2026-08-27T02:31:00Z,20.0
2026-08-27T02:36:00Z,20.1
2026-08-27T02:40:00Z,20.1
2026-08-27T02:46:00Z,20.1
2026-08-27T02:50:00Z,20.1
2026-08-27T02:56:00Z,20.1
2026-08-27T03:01:00Z,20.2
2026-08-27T03:06:00Z,20.2
2026-08-27T03:11:00Z,20.2
2026-08-27T03:15:00Z,20.3
2026-08-27T03:21:00Z,20.3
2026-08-27T03:26:00Z,20.3
2026-08-27T03:31:00Z,20.4
2026-08-27T03:36:00Z,20.4
2026-08-27T03:41:00Z,20.4
2026-08-27T03:46:00Z,20.4
2026-08-27T03:50:00Z,20.4
2026-08-27T03:56:00Z,20.4
2026-08-27T04:01:00Z,20.4
2026-08-27T04:06:00Z,20.4
2026-08-27T04:11:00Z,20.4
2026-08-27T04:16:00Z,20.4
2026-08-27T04:21:00Z,20.5
2026-08-27T04:25:00Z,20.5
2026-08-27T04:31:00Z,20.6
2026-08-27T04:36:00Z,20.6
2026-08-27T04:41:00Z,20.6
2026-08-27T04:46:00Z,20.6
2026-08-27T04:51:00Z,20.6
2026-08-27T04:56:00Z,20.6
2026-08-27T05:01:00Z,20.6
2026-08-27T05:06:00Z,20.5
2026-08-27T05:11:00Z,20.4
2026-08-27T05:16:00Z,20.5
2026-08-27T05:21:00Z,20.4
2026-08-27T05:26:00Z,20.2
2026-08-27T05:31:00Z,20.1
2026-08-27T05:36:00Z,20.1
2026-08-27T05:41:00Z,20.2
2026-08-27T05:46:00Z,20.4
2026-08-27T05:51:00Z,20.3
2026-08-27T05:56:00Z,20.4
2026-08-27T06:01:00Z,20.6
2026-08-27T06:06:00Z,20.7
2026-08-27T06:11:00Z,20.7
2026-08-27T06:16:00Z,20.6
2026-08-27T06:21:00Z,20.6
2026-08-27T06:26:00Z,20.4
2026-08-27T06:31:00Z,20.4
2026-08-27T06:36:00Z,20.5
2026-08-27T06:41:00Z,20.4
2026-08-27T06:46:00Z,20.3
2026-08-27T06:51:00Z,20.2
2026-08-27T06:56:00Z,20.2
2026-08-27T07:01:00Z,20.2
2026-08-27T07:06:00Z,20.1
2026-08-27T07:11:00Z,20.1
2026-08-27T07:16:00Z,20.1
2026-08-27T07:21:00Z,19.9
2026-08-27T07:26:00Z,19.8
2026-08-27T07:31:00Z,19.6
2026-08-27T07:36:00Z,19.4
2026-08-27T07:41:00Z,19.3
2026-08-27T07:46:00Z,19.3
2026-08-27T07:51:00Z,19.2
2026-08-27T07:56:00Z,19.0
2026-08-27T08:01:00Z,19.0
2026-08-27T08:06:00Z,19.1
2026-08-27T08:11:00Z,19.1
2026-08-27T08:16:00Z,19.1
2026-08-27T08:21:00Z,19.1
2026-08-27T08:26:00Z,19.1
2026-08-27T08:31:00Z,19.0
2026-08-27T08:36:00Z,19.1
2026-08-27T08:41:00Z,19.1
2026-08-27T08:46:00Z,19.1
2026-08-27T08:51:00Z,19.2
2026-08-27T08:56:00Z,19.4
2026-08-27T09:01:00Z,19.5
2026-08-27T09:06:00Z,19.7
2026-08-27T09:11:00Z,19.9
2026-08-27T09:16:00Z,20.1
2026-08-27T09:21:00Z,20.1
2026-08-27T09:26:00Z,20.1
2026-08-27T09:31:00Z,20.1
2026-08-27T09:36:00Z,20.1
2026-08-27T09:41:00Z,20.1
2026-08-27T09:46:00Z,20.1
2026-08-27T09:51:00Z,20.3
2026-08-27T09:56:00Z,20.5
2026-08-27T10:01:00Z,20.5
2026-08-27T10:06:00Z,20.7
2026-08-27T10:11:00Z,20.7
2026-08-27T10:16:00Z,20.8
2026-08-27T10:21:00Z,20.9
2026-08-27T10:26:00Z,20.9
2026-08-27T10:31:00Z,21.0
2026-08-27T10:36:00Z,20.9
2026-08-27T10:41:00Z,21.0
2026-08-27T10:46:00Z,21.1
2026-08-27T10:51:00Z,21.0
2026-08-27T10:56:00Z,21.0
2026-08-27T11:01:00Z,21.0
2026-08-27T11:06:00Z,21.1
2026-08-27T11:11:00Z,21.4
2026-08-27T11:16:00Z,21.4
2026-08-27T11:21:00Z,21.4
2026-08-27T11:26:00Z,21.4
2026-08-27T11:31:00Z,21.5
2026-08-27T11:36:00Z,21.6
2026-08-27T11:41:00Z,22.0
2026-08-27T11:46:00Z,22.2
2026-08-27T11:51:00Z,22.7
2026-08-27T11:56:00Z,23.9
2026-08-27T12:01:00Z,23.6
2026-08-27T12:06:00Z,24.5
2026-08-27T12:11:00Z,26.0
2026-08-27T12:16:00Z,27.2
2026-08-27T12:21:00Z,26.7
2026-08-27T12:26:00Z,27.1
2026-08-27T12:31:00Z,26.2
2026-08-27T12:36:00Z,25.6
2026-08-27T12:41:00Z,24.8
2026-08-27T12:46:00Z,25.0
2026-08-27T12:51:00Z,24.6
2026-08-27T12:56:00Z,24.5
2026-08-27T13:01:00Z,24.2
2026-08-27T13:06:00Z,24.6
2026-08-27T13:11:00Z,24.8
2026-08-27T13:16:00Z,25.0
2026-08-27T13:21:00Z,25.0
2026-08-27T13:26:00Z,24.6
2026-08-27T13:31:00Z,24.4
2026-08-27T13:36:00Z,24.2
2026-08-27T13:41:00Z,24.0
2026-08-27T13:46:00Z,23.9
2026-08-27T13:51:00Z,24.3
2026-08-27T13:56:00Z,24.3
2026-08-27T14:01:00Z,24.5
2026-08-27T14:06:00Z,24.8
2026-08-27T14:11:00Z,24.9
2026-08-27T14:16:00Z,25.2
2026-08-27T14:21:00Z,24.8
2026-08-27T14:26:00Z,24.8
2026-08-27T14:31:00Z,24.8
2026-08-27T14:36:00Z,24.8
2026-08-27T14:41:00Z,25.0
2026-08-27T14:46:00Z,24.9
2026-08-27T14:51:00Z,24.9
2026-08-27T14:56:00Z,24.9
2026-08-27T15:01:00Z,24.9
2026-08-27T15:06:00Z,24.7
2026-08-27T15:11:00Z,24.6
2026-08-27T15:16:00Z,24.6
2026-08-27T15:21:00Z,24.4
2026-08-27T15:26:00Z,24.4
2026-08-27T15:31:00Z,24.4
2026-08-27T15:36:00Z,24.4
2026-08-27T15:41:00Z,24.6
2026-08-27T15:46:00Z,24.5
2026-08-27T15:51:00Z,24.4
2026-08-27T15:56:00Z,24.4
2026-08-27T16:01:00Z,24.5
2026-08-27T16:06:00Z,24.4
2026-08-27T16:11:00Z,24.4
2026-08-27T16:16:00Z,24.5
2026-08-27T16:21:00Z,24.4
2026-08-27T16:26:00Z,24.4
2026-08-27T16:31:00Z,24.2
2026-08-27T16:41:00Z,24.0
2026-08-27T16:46:00Z,23.8
2026-08-27T16:51:00Z,23.7
2026-08-27T16:56:00Z,23.7
2026-08-27T17:01:00Z,23.5
2026-08-27T17:06:00Z,23.5
2026-08-27T17:11:00Z,23.5
2026-08-27T17:16:00Z,23.3
2026-08-27T17:21:00Z,23.2
2026-08-27T17:26:00Z,23.1
2026-08-27T17:31:00Z,23.0
2026-08-27T17:36:00Z,22.9
2026-08-27T17:41:00Z,22.8
2026-08-27T17:46:00Z,22.7
2026-08-27T17:51:00Z,22.6
2026-08-27T17:56:00Z,22.5
2026-08-27T18:01:00Z,22.3
2026-08-27T18:06:00Z,22.2
2026-08-27T18:11:00Z,22.2
2026-08-27T18:16:00Z,22.1
2026-08-27T18:21:00Z,22.0
2026-08-27T18:26:00Z,21.9
2026-08-27T18:31:00Z,21.8
2026-08-27T18:36:00Z,21.8
2026-08-27T18:41:00Z,21.7
2026-08-27T18:46:00Z,21.7
2026-08-27T18:51:00Z,21.7
2026-08-27T18:56:00Z,21.6
2026-08-27T19:01:00Z,21.6
2026-08-27T19:06:00Z,21.6
2026-08-27T19:11:00Z,21.5
2026-08-27T19:16:00Z,21.4
2026-08-27T19:21:00Z,21.4
2026-08-27T19:26:00Z,21.3
2026-08-27T19:31:00Z,21.2
2026-08-27T19:36:00Z,21.2
2026-08-27T19:41:00Z,21.1
2026-08-27T19:46:00Z,21.0
2026-08-27T19:51:00Z,21.0
2026-08-27T19:56:00Z,20.9
2026-08-27T20:01:00Z,20.8
2026-08-27T20:06:00Z,20.8
2026-08-27T20:11:00Z,20.7
2026-08-27T20:16:00Z,20.6
2026-08-27T20:21:00Z,20.5
2026-08-27T20:26:00Z,20.5
2026-08-27T20:31:00Z,20.4
2026-08-27T20:36:00Z,20.4
2026-08-27T20:41:00Z,20.4
2026-08-27T20:46:00Z,20.3
2026-08-27T20:51:00Z,20.3
2026-08-27T20:56:00Z,20.2
2026-08-27T21:01:00Z,20.3
2026-08-27T21:06:00Z,20.2
2026-08-27T21:11:00Z,20.2
2026-08-27T21:16:00Z,20.2
2026-08-27T21:21:00Z,20.2
2026-08-27T21:26:00Z,20.1
2026-08-27T21:31:00Z,20.1
2026-08-27T21:36:00Z,20.0
2026-08-27T21:41:00Z,19.9
2026-08-27T21:46:00Z,19.9
2026-08-27T21:51:00Z,19.8
2026-08-27T21:57:00Z,19.8
2026-08-27T22:01:00Z,19.8
2026-08-27T22:06:00Z,19.7
2026-08-27T22:12:00Z,19.7
2026-08-27T22:16:00Z,19.7
2026-08-27T22:22:00Z,19.7
2026-08-27T22:26:00Z,19.7
2026-08-27T22:32:00Z,19.7
2026-08-27T22:37:00Z,19.6
2026-08-27T22:41:00Z,19.5
2026-08-27T22:47:00Z,19.5
2026-08-27T22:51:00Z,19.5
2026-08-27T22:57:00Z,19.4
2026-08-27T23:02:00Z,19.4
2026-08-27T23:07:00Z,19.4
2026-08-27T23:12:00Z,19.4
2026-08-27T23:16:00Z,19.4
2026-08-27T23:22:00Z,19.4
2026-08-27T23:27:00Z,19.3
2026-08-27T23:32:00Z,19.1
2026-08-27T23:37:00Z,19.0
2026-08-27T23:42:00Z,19.0
2026-08-27T23:47:00Z,18.9
2026-08-27T23:52:00Z,18.9
2026-08-27T23:57:00Z,18.8
2026-08-28T00:02:00Z,18.8
2026-08-28T00:07:00Z,18.8
2026-08-28T00:12:00Z,18.7
2026-08-28T00:17:00Z,18.7
2026-08-28T00:22:00Z,18.7
2026-08-28T00:27:00Z,18.6
2026-08-28T00:32:00Z,18.5
2026-08-28T00:37:00Z,18.5
2026-08-28T00:42:00Z,18.4
2026-08-28T00:47:00Z,18.4
2026-08-28T00:52:00Z,18.4
2026-08-28T00:57:00Z,18.3
2026-08-28T01:02:00Z,18.3
2026-08-28T01:07:00Z,18.3
2026-08-28T01:12:00Z,18.2
2026-08-28T01:17:00Z,18.1
2026-08-28T01:22:00Z,18.1
2026-08-28T01:27:00Z,18.1
2026-08-28T01:32:00Z,18.0
2026-08-28T01:37:00Z,17.9
2026-08-28T01:42:00Z,17.9
2026-08-28T01:47:00Z,17.8
2026-08-28T01:52:00Z,17.8
2026-08-28T01:57:00Z,17.7
2026-08-28T02:02:00Z,17.7
2026-08-28T02:07:00Z,17.7
2026-08-28T02:12:00Z,17.7
2026-08-28T02:17:00Z,17.6
2026-08-28T02:22:00Z,17.5
2026-08-28T02:27:00Z,17.5
2026-08-28T02:32:00Z,17.5
2026-08-28T02:37:00Z,17.4
2026-08-28T02:42:00Z,17.4
2026-08-28T02:47:00Z,17.3
2026-08-28T02:52:00Z,17.4
2026-08-28T02:57:00Z,17.3
2026-08-28T03:02:00Z,17.3
2026-08-28T03:07:00Z,17.3
2026-08-28T03:12:00Z,17.2
2026-08-28T03:17:00Z,17.2
2026-08-28T03:22:00Z,17.1
2026-08-28T03:27:00Z,17.1
2026-08-28T03:32:00Z,17.1
2026-08-28T03:37:00Z,17.0
2026-08-28T03:42:00Z,16.9
2026-08-28T03:47:00Z,16.9
2026-08-28T03:52:00Z,16.9
2026-08-28T03:57:00Z,16.8
2026-08-28T04:02:00Z,16.7
2026-08-28T04:07:00Z,16.6
2026-08-28T04:12:00Z,16.6
2026-08-28T04:17:00Z,16.5
2026-08-28T04:22:00Z,16.5
2026-08-28T04:27:00Z,16.4
2026-08-28T04:32:00Z,16.4
2026-08-28T04:37:00Z,16.4
2026-08-28T04:42:00Z,16.3
2026-08-28T04:47:00Z,16.2
2026-08-28T04:52:00Z,16.2
2026-08-28T04:57:00Z,16.2
2026-08-28T05:02:00Z,16.1
2026-08-28T05:07:00Z,16.1
2026-08-28T05:12:00Z,16.1
2026-08-28T05:17:00Z,16.1
2026-08-28T05:22:00Z,16.1
2026-08-28T05:27:00Z,16.1
2026-08-28T05:32:00Z,16.0
2026-08-28T05:37:00Z,16.0
2026-08-28T05:42:00Z,16.0
2026-08-28T05:47:00Z,16.0
2026-08-28T05:52:00Z,16.1
2026-08-28T05:57:00Z,16.0
2026-08-28T06:02:00Z,16.0
2026-08-28T06:07:00Z,16.0
2026-08-28T06:12:00Z,16.0
2026-08-28T06:17:00Z,16.1
2026-08-28T06:22:00Z,16.1
2026-08-28T06:27:00Z,16.2
2026-08-28T06:32:00Z,16.2
2026-08-28T06:37:00Z,16.3
2026-08-28T06:42:00Z,16.3
2026-08-28T06:47:00Z,16.4
2026-08-28T06:52:00Z,16.5
2026-08-28T06:57:00Z,16.5
2026-08-28T07:02:00Z,16.7
2026-08-28T07:07:00Z,16.8
2026-08-28T07:12:00Z,16.9
2026-08-28T07:17:00Z,16.8
2026-08-28T07:22:00Z,16.9
2026-08-28T07:27:00Z,17.0
2026-08-28T07:32:00Z,17.0
2026-08-28T07:37:00Z,17.1
2026-08-28T07:42:00Z,17.2
2026-08-28T07:47:00Z,17.3
2026-08-28T07:52:00Z,17.4
2026-08-28T07:57:00Z,17.5
2026-08-28T08:02:00Z,17.6
2026-08-28T08:07:00Z,17.6
2026-08-28T08:12:00Z,17.8
2026-08-28T08:17:00Z,18.0
2026-08-28T08:22:00Z,18.2
2026-08-28T08:27:00Z,18.3
2026-08-28T08:32:00Z,18.3
2026-08-28T08:37:00Z,18.4
2026-08-28T08:42:00Z,18.6
2026-08-28T08:47:00Z,18.7
2026-08-28T08:52:00Z,18.8
2026-08-28T08:57:00Z,19.1
2026-08-28T09:02:00Z,19.3
2026-08-28T09:07:00Z,19.6
2026-08-28T09:12:00Z,19.8
2026-08-28T09:17:00Z,20.1
2026-08-28T09:22:00Z,20.1
2026-08-28T09:27:00Z,20.2
2026-08-28T09:32:00Z,20.8
2026-08-28T09:37:00Z,20.8
2026-08-28T09:42:00Z,21.1
2026-08-28T09:47:00Z,21.7
2026-08-28T09:52:00Z,22.4
2026-08-28T09:57:00Z,22.5
2026-08-28T10:02:00Z,23.4
2026-08-28T10:07:00Z,22.7
2026-08-28T10:12:00Z,22.6
2026-08-28T10:17:00Z,22.7
2026-08-28T10:22:00Z,23.1
2026-08-28T10:27:00Z,23.2
2026-08-28T10:32:00Z,24.0
2026-08-28T10:37:00Z,24.9
2026-08-28T10:42:00Z,24.6
2026-08-28T10:47:00Z,25.1
2026-08-28T10:52:00Z,24.2
2026-08-28T10:57:00Z,25.2
2026-08-28T11:02:00Z,24.0
2026-08-28T11:07:00Z,24.1
2026-08-28T11:12:00Z,24.4
2026-08-28T11:17:00Z,24.3
2026-08-28T11:22:00Z,24.4
2026-08-28T11:27:00Z,24.4
2026-08-28T11:32:00Z,25.4
2026-08-28T11:37:00Z,25.3
2026-08-28T11:42:00Z,25.1
2026-08-28T11:47:00Z,25.3
2026-08-28T11:52:00Z,25.7
2026-08-28T11:57:00Z,26.1
2026-08-28T12:02:00Z,27.0
2026-08-28T12:07:00Z,26.9
2026-08-28T12:13:00Z,26.8
2026-08-28T12:17:00Z,26.2
2026-08-28T12:22:00Z,26.1
2026-08-28T12:28:00Z,25.7
2026-08-28T12:32:00Z,25.7
2026-08-28T12:38:00Z,25.4
2026-08-28T12:42:00Z,26.2
2026-08-28T12:47:00Z,25.3
2026-08-28T12:53:00Z,24.7
2026-08-28T12:57:00Z,24.7
2026-08-28T13:03:00Z,24.7
2026-08-28T13:07:00Z,24.8
2026-08-28T13:13:00Z,25.1
2026-08-28T13:18:00Z,24.9
2026-08-28T13:23:00Z,25.5
2026-08-28T13:28:00Z,24.9
2026-08-28T13:32:00Z,24.5
2026-08-28T13:38:00Z,24.8
2026-08-28T13:43:00Z,24.4
2026-08-28T13:48:00Z,24.3
2026-08-28T13:53:00Z,24.4
2026-08-28T13:58:00Z,24.3
2026-08-28T14:03:00Z,24.1
2026-08-28T14:08:00Z,24.3
2026-08-28T14:13:00Z,24.1
2026-08-28T14:18:00Z,24.3
2026-08-28T14:23:00Z,23.9
2026-08-28T14:28:00Z,23.8
2026-08-28T14:33:00Z,24.0
2026-08-28T14:38:00Z,24.1
2026-08-28T14:43:00Z,23.6
2026-08-28T14:48:00Z,22.5
2026-08-28T14:53:00Z,22.0
2026-08-28T14:58:00Z,22.0
2026-08-28T15:03:00Z,21.8
2026-08-28T15:08:00Z,21.2
2026-08-28T15:13:00Z,21.0
2026-08-28T15:18:00Z,20.8
2026-08-28T15:23:00Z,20.7
2026-08-28T15:28:00Z,20.8
2026-08-28T15:33:00Z,21.0
2026-08-28T15:38:00Z,21.2
2026-08-28T15:43:00Z,21.0
2026-08-28T15:48:00Z,21.3
2026-08-28T15:53:00Z,21.3
2026-08-28T15:58:00Z,21.3
2026-08-28T16:03:00Z,21.4
2026-08-28T16:08:00Z,21.6
2026-08-28T16:13:00Z,21.9
2026-08-28T16:18:00Z,22.0
2026-08-28T16:23:00Z,22.2
2026-08-28T16:28:00Z,22.1
2026-08-28T16:33:00Z,21.5
2026-08-28T16:38:00Z,21.3
2026-08-28T16:43:00Z,21.3
2026-08-28T16:48:00Z,21.0
2026-08-28T16:53:00Z,21.0
2026-08-28T16:58:00Z,20.7
2026-08-28T17:03:00Z,20.6
2026-08-28T17:08:00Z,20.7
2026-08-28T17:13:00Z,20.7
2026-08-28T17:18:00Z,20.8
2026-08-28T17:23:00Z,20.9
2026-08-28T17:28:00Z,21.0
2026-08-28T17:33:00Z,21.2
2026-08-28T17:38:00Z,21.0
2026-08-28T17:43:00Z,21.0
2026-08-28T17:48:00Z,21.0
2026-08-28T17:53:00Z,21.0
2026-08-28T17:58:00Z,21.0
2026-08-28T18:03:00Z,20.9
2026-08-28T18:08:00Z,20.9
2026-08-28T18:13:00Z,20.9
2026-08-28T18:18:00Z,20.8
2026-08-28T18:23:00Z,20.7
2026-08-28T18:28:00Z,20.6
2026-08-28T18:33:00Z,20.6
2026-08-28T18:38:00Z,20.6
2026-08-28T18:43:00Z,20.5
2026-08-28T18:48:00Z,20.4
2026-08-28T18:53:00Z,20.4
2026-08-28T18:58:00Z,20.4
2026-08-28T19:03:00Z,20.3
2026-08-28T19:08:00Z,20.3
2026-08-28T19:13:00Z,20.2
2026-08-28T19:18:00Z,20.2
2026-08-28T19:23:00Z,20.2
2026-08-28T19:28:00Z,20.1
2026-08-28T19:33:00Z,20.0
2026-08-28T19:38:00Z,19.9
2026-08-28T19:43:00Z,19.9
2026-08-28T19:48:00Z,19.9
2026-08-28T19:53:00Z,19.8
2026-08-28T19:58:00Z,19.8
2026-08-28T20:03:00Z,19.6
2026-08-28T20:08:00Z,19.4
2026-08-28T20:13:00Z,19.3
2026-08-28T20:18:00Z,19.3
2026-08-28T20:23:00Z,19.2
2026-08-28T20:28:00Z,19.2
2026-08-28T20:33:00Z,19.2
2026-08-28T20:38:00Z,19.2
2026-08-28T20:43:00Z,19.2
2026-08-28T20:48:00Z,19.1
2026-08-28T20:53:00Z,19.1
2026-08-28T20:58:00Z,19.1
2026-08-28T21:03:00Z,19.1
2026-08-28T21:08:00Z,19.1
2026-08-28T21:13:00Z,19.1
2026-08-28T21:18:00Z,19.1
2026-08-28T21:23:00Z,19.1
2026-08-28T21:28:00Z,19.1
2026-08-28T21:33:00Z,19.1
2026-08-28T21:38:00Z,19.1
2026-08-28T21:43:00Z,19.1
2026-08-28T21:48:00Z,19.1
2026-08-28T21:53:00Z,19.1
2026-08-28T21:58:00Z,19.1
2026-08-28T22:03:00Z,19.1
2026-08-28T22:13:00Z,19.0
2026-08-28T22:18:00Z,19.0
2026-08-28T22:23:00Z,19.0
2026-08-28T22:28:00Z,19.0
2026-08-28T22:33:00Z,19.1
2026-08-28T22:38:00Z,19.1
2026-08-28T22:43:00Z,19.1
2026-08-28T22:48:00Z,19.1
2026-08-28T22:53:00Z,19.1
2026-08-28T22:58:00Z,19.1
2026-08-28T23:03:00Z,19.1
2026-08-28T23:08:00Z,19.1
2026-08-28T23:13:00Z,19.1
2026-08-28T23:18:00Z,19.1
2026-08-28T23:23:00Z,19.1
2026-08-28T23:28:00Z,19.0
2026-08-28T23:33:00Z,19.0
2026-08-28T23:38:00Z,19.1
2026-08-28T23:43:00Z,19.0
2026-08-28T23:48:00Z,19.0
2026-08-28T23:53:00Z,18.9
2026-08-28T23:58:00Z,19.0
2026-08-29T00:03:00Z,18.9
2026-08-29T00:08:00Z,18.9
2026-08-29T00:13:00Z,18.9
2026-08-29T00:18:00Z,18.9
2026-08-29T00:23:00Z,18.9
2026-08-29T00:28:00Z,18.8
2026-08-29T00:33:00Z,18.8
2026-08-29T00:38:00Z,18.7
2026-08-29T00:43:00Z,18.7
2026-08-29T00:48:00Z,18.6
2026-08-29T00:53:00Z,18.6
2026-08-29T00:58:00Z,18.5
2026-08-29T01:03:00Z,18.5
2026-08-29T01:08:00Z,18.5
2026-08-29T01:13:00Z,18.5
2026-08-29T01:18:00Z,18.5
2026-08-29T01:23:00Z,18.5
2026-08-29T01:28:00Z,18.5
2026-08-29T01:33:00Z,18.5
2026-08-29T01:38:00Z,18.5
2026-08-29T01:43:00Z,18.6
2026-08-29T01:48:00Z,18.6
2026-08-29T01:53:00Z,18.6
2026-08-29T01:58:00Z,18.6
2026-08-29T02:03:00Z,18.6
2026-08-29T02:08:00Z,18.6
2026-08-29T02:13:00Z,18.6
2026-08-29T02:18:00Z,18.6
2026-08-29T02:23:00Z,18.7
2026-08-29T02:28:00Z,18.7
2026-08-29T02:33:00Z,18.6
2026-08-29T02:38:00Z,18.7
2026-08-29T02:43:00Z,18.7
2026-08-29T02:48:00Z,18.6
2026-08-29T02:53:00Z,18.6
2026-08-29T02:58:00Z,18.6
2026-08-29T03:03:00Z,18.5
2026-08-29T03:08:00Z,18.5
2026-08-29T03:13:00Z,18.5
2026-08-29T03:18:00Z,18.5
2026-08-29T03:23:00Z,18.4
2026-08-29T03:28:00Z,18.4
2026-08-29T03:33:00Z,18.4
2026-08-29T03:38:00Z,18.3
2026-08-29T03:44:00Z,18.2
2026-08-29T03:48:00Z,18.1
2026-08-29T03:54:00Z,18.1
2026-08-29T03:58:00Z,18.1
2026-08-29T04:03:00Z,18.1
2026-08-29T04:09:00Z,18.1
2026-08-29T04:13:00Z,18.1
2026-08-29T04:19:00Z,18.2
2026-08-29T04:23:00Z,18.2
2026-08-29T04:29:00Z,18.1
2026-08-29T04:34:00Z,18.1
2026-08-29T04:38:00Z,18.1
2026-08-29T04:44:00Z,18.1
2026-08-29T04:48:00Z,18.0
2026-08-29T04:54:00Z,18.0
2026-08-29T04:59:00Z,17.9
2026-08-29T05:04:00Z,17.8
2026-08-29T05:09:00Z,17.8
2026-08-29T05:13:00Z,17.7
2026-08-29T05:19:00Z,17.7
2026-08-29T05:24:00Z,17.7
2026-08-29T05:29:00Z,17.7
2026-08-29T05:34:00Z,17.6
2026-08-29T05:39:00Z,17.7
2026-08-29T05:44:00Z,17.7
2026-08-29T05:49:00Z,17.7
2026-08-29T05:54:00Z,17.8
2026-08-29T05:59:00Z,17.8
2026-08-29T06:04:00Z,17.9
2026-08-29T06:09:00Z,17.9
2026-08-29T06:14:00Z,17.9
2026-08-29T06:19:00Z,17.9
2026-08-29T06:24:00Z,17.9
2026-08-29T06:29:00Z,17.9
2026-08-29T06:34:00Z,18.0
2026-08-29T06:39:00Z,18.0
2026-08-29T06:44:00Z,18.0
2026-08-29T06:49:00Z,18.0
2026-08-29T06:54:00Z,18.1
2026-08-29T06:59:00Z,18.1
2026-08-29T07:04:00Z,18.1
2026-08-29T07:09:00Z,18.2
2026-08-29T07:14:00Z,18.2
2026-08-29T07:19:00Z,18.2
2026-08-29T07:24:00Z,18.2
2026-08-29T07:29:00Z,18.2
2026-08-29T07:34:00Z,18.3
2026-08-29T07:39:00Z,18.3
2026-08-29T07:44:00Z,18.2
2026-08-29T07:49:00Z,18.3
2026-08-29T07:54:00Z,18.3
2026-08-29T07:59:00Z,18.4
2026-08-29T08:04:00Z,18.5
2026-08-29T08:09:00Z,18.4
2026-08-29T08:14:00Z,18.4
2026-08-29T08:19:00Z,18.3
2026-08-29T08:24:00Z,18.3
2026-08-29T08:29:00Z,18.2
2026-08-29T08:34:00Z,18.1
2026-08-29T08:39:00Z,18.1
2026-08-29T08:44:00Z,18.1
2026-08-29T08:49:00Z,18.1
2026-08-29T08:54:00Z,18.1
2026-08-29T08:59:00Z,18.1
2026-08-29T09:04:00Z,18.1
2026-08-29T09:09:00Z,18.2
2026-08-29T09:14:00Z,18.2
2026-08-29T09:19:00Z,18.3
2026-08-29T09:24:00Z,18.4
2026-08-29T09:29:00Z,18.5
2026-08-29T09:34:00Z,18.5
2026-08-29T09:39:00Z,18.6
2026-08-29T09:44:00Z,18.7
2026-08-29T09:49:00Z,18.7
2026-08-29T09:54:00Z,18.7
2026-08-29T09:59:00Z,18.6
2026-08-29T10:04:00Z,18.5
2026-08-29T10:09:00Z,18.5
2026-08-29T10:14:00Z,18.3
2026-08-29T10:19:00Z,18.1
2026-08-29T10:24:00Z,18.0
2026-08-29T10:29:00Z,18.1
2026-08-29T10:34:00Z,18.0
2026-08-29T10:39:00Z,18.1
2026-08-29T10:44:00Z,18.1
2026-08-29T10:49:00Z,18.1
2026-08-29T10:54:00Z,18.1
2026-08-29T10:59:00Z,18.0
2026-08-29T11:04:00Z,17.7
2026-08-29T11:09:00Z,17.7
2026-08-29T11:14:00Z,17.9
2026-08-29T11:19:00Z,18.0
2026-08-29T11:24:00Z,18.1
2026-08-29T11:29:00Z,18.2
2026-08-29T11:34:00Z,18.3
2026-08-29T11:39:00Z,18.2
2026-08-29T11:44:00Z,18.2
2026-08-29T11:49:00Z,18.2
2026-08-29T11:54:00Z,18.0
2026-08-29T11:59:00Z,17.8
2026-08-29T12:04:00Z,17.8
2026-08-29T12:09:00Z,17.8
2026-08-29T12:14:00Z,17.9
2026-08-29T12:19:00Z,18.0
2026-08-29T12:24:00Z,18.2
2026-08-29T12:29:00Z,18.3
2026-08-29T12:34:00Z,18.5
2026-08-29T12:44:00Z,18.6
2026-08-29T12:49:00Z,18.7
2026-08-29T12:54:00Z,18.9
2026-08-29T12:59:00Z,19.1
2026-08-29T13:04:00Z,19.2
2026-08-29T13:09:00Z,19.8
2026-08-29T13:14:00Z,20.0
2026-08-29T13:19:00Z,20.0
2026-08-29T13:24:00Z,20.2
2026-08-29T13:29:00Z,20.4
2026-08-29T13:34:00Z,20.7
2026-08-29T13:39:00Z,20.8
2026-08-29T13:44:00Z,20.8
2026-08-29T13:49:00Z,20.2
2026-08-29T13:54:00Z,19.6
2026-08-29T13:59:00Z,19.6
2026-08-29T14:04:00Z,19.6
2026-08-29T14:09:00Z,19.6
2026-08-29T14:14:00Z,19.7
2026-08-29T14:19:00Z,19.7
2026-08-29T14:24:00Z,19.8
2026-08-29T14:29:00Z,19.7
2026-08-29T14:34:00Z,19.7
2026-08-29T14:39:00Z,19.5
2026-08-29T14:44:00Z,19.6
2026-08-29T14:49:00Z,19.7
2026-08-29T14:54:00Z,19.8
2026-08-29T14:59:00Z,19.8
2026-08-29T15:04:00Z,19.8
2026-08-29T15:09:00Z,19.7
2026-08-29T15:14:00Z,19.8
2026-08-29T15:19:00Z,19.7
2026-08-29T15:24:00Z,19.7
2026-08-29T15:29:00Z,19.7
2026-08-29T15:34:00Z,19.6
2026-08-29T15:39:00Z,19.5
2026-08-29T15:44:00Z,19.6
2026-08-29T15:49:00Z,19.6
2026-08-29T15:54:00Z,19.6
2026-08-29T15:59:00Z,19.7
2026-08-29T16:04:00Z,19.8
2026-08-29T16:09:00Z,19.9
2026-08-29T16:14:00Z,20.0
2026-08-29T16:19:00Z,20.1
2026-08-29T16:24:00Z,20.1
2026-08-29T16:29:00Z,20.1
2026-08-29T16:34:00Z,19.9
2026-08-29T16:39:00Z,19.8
2026-08-29T16:44:00Z,19.6
2026-08-29T16:49:00Z,19.3
2026-08-29T16:54:00Z,19.2
2026-08-29T16:59:00Z,19.3
2026-08-29T17:04:00Z,19.1
2026-08-29T17:09:00Z,18.9
2026-08-29T17:14:00Z,18.8
2026-08-29T17:19:00Z,18.8
2026-08-29T17:24:00Z,18.8
2026-08-29T17:30:00Z,18.9
2026-08-29T17:34:00Z,19.0
2026-08-29T17:40:00Z,19.1
2026-08-29T17:44:00Z,19.3
2026-08-29T17:49:00Z,19.3
2026-08-29T17:55:00Z,19.3
2026-08-29T17:59:00Z,19.4
2026-08-29T18:05:00Z,19.5
2026-08-29T18:09:00Z,19.5
2026-08-29T18:15:00Z,19.6
2026-08-29T18:20:00Z,19.6
2026-08-29T18:24:00Z,19.7
2026-08-29T18:30:00Z,19.7
2026-08-29T18:34:00Z,19.8
2026-08-29T18:40:00Z,19.8
2026-08-29T18:45:00Z,19.8
2026-08-29T18:50:00Z,19.8
2026-08-29T18:55:00Z,19.9
2026-08-29T18:59:00Z,19.8
2026-08-29T19:05:00Z,19.8
2026-08-29T19:10:00Z,19.8
2026-08-29T19:15:00Z,19.7
2026-08-29T19:20:00Z,19.7
2026-08-29T19:25:00Z,19.6
2026-08-29T19:30:00Z,19.6
2026-08-29T19:35:00Z,19.6
2026-08-29T19:40:00Z,19.6
2026-08-29T19:45:00Z,19.6
2026-08-29T19:50:00Z,19.5
2026-08-29T19:55:00Z,19.5
2026-08-29T20:00:00Z,19.5
2026-08-29T20:05:00Z,19.5
2026-08-29T20:10:00Z,19.5
2026-08-29T20:15:00Z,19.5
2026-08-29T20:20:00Z,19.5
2026-08-29T20:25:00Z,19.4
2026-08-29T20:30:00Z,19.4
2026-08-29T20:35:00Z,19.4
2026-08-29T20:40:00Z,19.4
2026-08-29T20:45:00Z,19.4
2026-08-29T20:50:00Z,19.4
2026-08-29T20:55:00Z,19.4
2026-08-29T21:00:00Z,19.3
2026-08-29T21:05:00Z,19.3
2026-08-29T21:10:00Z,19.3
2026-08-29T21:15:00Z,19.3
2026-08-29T21:20:00Z,19.3
2026-08-29T21:25:00Z,19.3
2026-08-29T21:30:00Z,19.3
2026-08-29T21:35:00Z,19.3
2026-08-29T21:40:00Z,19.3
2026-08-29T21:45:00Z,19.3
2026-08-29T21:50:00Z,19.3
2026-08-29T21:55:00Z,19.3
2026-08-29T22:00:00Z,19.2
2026-08-29T22:05:00Z,19.2
2026-08-29T22:10:00Z,19.2
2026-08-29T22:15:00Z,19.1
2026-08-29T22:20:00Z,19.1
2026-08-29T22:25:00Z,19.0
2026-08-29T22:30:00Z,19.0
2026-08-29T22:35:00Z,19.0
2026-08-29T22:40:00Z,19.0
2026-08-29T22:45:00Z,19.0
2026-08-29T22:50:00Z,19.0
2026-08-29T22:55:00Z,19.0
2026-08-29T23:00:00Z,18.9
2026-08-29T23:05:00Z,18.8
2026-08-29T23:10:00Z,18.6
2026-08-29T23:15:00Z,18.5
2026-08-29T23:20:00Z,18.4
2026-08-29T23:25:00Z,18.3
2026-08-29T23:30:00Z,18.3
2026-08-29T23:35:00Z,18.3
2026-08-29T23:40:00Z,18.4
2026-08-29T23:45:00Z,18.5
2026-08-29T23:50:00Z,18.6
2026-08-29T23:55:00Z,18.7
2026-08-30T00:00:00Z,18.7
2026-08-30T00:05:00Z,18.7
2026-08-30T00:10:00Z,18.6
2026-08-30T00:15:00Z,18.5
2026-08-30T00:20:00Z,18.5
2026-08-30T00:25:00Z,18.4
2026-08-30T00:30:00Z,18.2
2026-08-30T00:35:00Z,18.2
2026-08-30T00:40:00Z,18.2
2026-08-30T00:45:00Z,18.3
2026-08-30T00:50:00Z,18.3
2026-08-30T00:55:00Z,18.3
2026-08-30T01:00:00Z,18.3
2026-08-30T01:05:00Z,18.3
2026-08-30T01:10:00Z,18.3
2026-08-30T01:15:00Z,18.3
2026-08-30T01:20:00Z,18.3
2026-08-30T01:25:00Z,18.3
2026-08-30T01:30:00Z,18.3
2026-08-30T01:35:00Z,18.3
2026-08-30T01:40:00Z,18.3
2026-08-30T01:45:00Z,18.4
2026-08-30T01:50:00Z,18.4
2026-08-30T01:55:00Z,18.3
2026-08-30T02:00:00Z,18.3
2026-08-30T02:05:00Z,18.3
2026-08-30T02:10:00Z,18.3
2026-08-30T02:15:00Z,18.2
2026-08-30T02:20:00Z,18.2
2026-08-30T02:25:00Z,18.2
2026-08-30T02:30:00Z,18.1
2026-08-30T02:35:00Z,18.0
2026-08-30T02:40:00Z,17.9
2026-08-30T02:45:00Z,17.8
2026-08-30T02:50:00Z,17.8
2026-08-30T02:55:00Z,17.8
2026-08-30T03:00:00Z,17.6
2026-08-30T03:05:00Z,17.6
2026-08-30T03:10:00Z,17.6
2026-08-30T03:15:00Z,17.5
2026-08-30T03:20:00Z,17.5
2026-08-30T03:25:00Z,17.4
2026-08-30T03:30:00Z,17.4
2026-08-30T03:35:00Z,17.3
2026-08-30T03:40:00Z,17.3
2026-08-30T03:45:00Z,17.3
2026-08-30T03:50:00Z,17.2
2026-08-30T03:55:00Z,17.3
2026-08-30T04:00:00Z,17.3
2026-08-30T04:05:00Z,17.3
2026-08-30T04:10:00Z,17.3
2026-08-30T04:15:00Z,17.3
2026-08-30T04:20:00Z,17.3
2026-08-30T04:25:00Z,17.3
2026-08-30T04:30:00Z,17.2
2026-08-30T04:35:00Z,17.3
2026-08-30T04:40:00Z,17.3
2026-08-30T04:45:00Z,17.2
2026-08-30T04:50:00Z,17.2
2026-08-30T04:55:00Z,17.1
2026-08-30T05:00:00Z,17.1
2026-08-30T05:05:00Z,17.1
2026-08-30T05:10:00Z,17.0
2026-08-30T05:15:00Z,17.0
2026-08-30T05:20:00Z,17.0
2026-08-30T05:25:00Z,16.9
2026-08-30T05:30:00Z,16.9
2026-08-30T05:35:00Z,16.8
2026-08-30T05:40:00Z,16.8
2026-08-30T05:45:00Z,16.8
2026-08-30T05:50:00Z,16.8
2026-08-30T05:55:00Z,16.7
2026-08-30T06:00:00Z,16.7
2026-08-30T06:05:00Z,16.7
2026-08-30T06:10:00Z,16.7
2026-08-30T06:15:00Z,16.7
2026-08-30T06:20:00Z,16.7
2026-08-30T06:25:00Z,16.7
2026-08-30T06:30:00Z,16.8
2026-08-30T06:35:00Z,16.8
2026-08-30T06:40:00Z,16.8
2026-08-30T06:45:00Z,16.8
2026-08-30T06:50:00Z,16.9
2026-08-30T06:55:00Z,17.0
2026-08-30T07:01:00Z,17.1
2026-08-30T07:05:00Z,17.3
2026-08-30T07:10:00Z,17.4
2026-08-30T07:16:00Z,17.5
2026-08-30T07:20:00Z,17.6
2026-08-30T07:25:00Z,17.6
2026-08-30T07:30:00Z,17.6
2026-08-30T07:35:00Z,17.5
2026-08-30T07:41:00Z,17.5
2026-08-30T07:45:00Z,17.7
2026-08-30T07:51:00Z,17.8
2026-08-30T07:55:00Z,17.8
2026-08-30T08:00:00Z,17.9
2026-08-30T08:06:00Z,18.1
2026-08-30T08:10:00Z,18.1
2026-08-30T08:16:00Z,18.2
2026-08-30T08:21:00Z,18.2
2026-08-30T08:26:00Z,18.3
2026-08-30T08:31:00Z,18.4
2026-08-30T08:35:00Z,18.4
2026-08-30T08:41:00Z,18.3
2026-08-30T08:46:00Z,18.5
2026-08-30T08:51:00Z,18.7
2026-08-30T08:56:00Z,18.7
2026-08-30T09:01:00Z,18.9
2026-08-30T09:06:00Z,19.3
2026-08-30T09:11:00Z,19.3
2026-08-30T09:16:00Z,19.7
2026-08-30T09:21:00Z,19.8
2026-08-30T09:26:00Z,20.1
2026-08-30T09:31:00Z,20.1
2026-08-30T09:36:00Z,20.4
2026-08-30T09:41:00Z,20.9
2026-08-30T09:46:00Z,21.7
2026-08-30T09:51:00Z,22.1
2026-08-30T09:56:00Z,21.8
2026-08-30T10:01:00Z,22.1
2026-08-30T10:06:00Z,21.4
2026-08-30T10:11:00Z,21.7
2026-08-30T10:16:00Z,21.9
2026-08-30T10:21:00Z,22.4
2026-08-30T10:26:00Z,23.3
2026-08-30T10:31:00Z,22.1
2026-08-30T10:36:00Z,22.5
2026-08-30T10:41:00Z,22.7
2026-08-30T10:46:00Z,22.7
2026-08-30T10:51:00Z,23.1
2026-08-30T10:56:00Z,22.9
2026-08-30T11:01:00Z,22.7
2026-08-30T11:06:00Z,22.6
2026-08-30T11:11:00Z,22.7
2026-08-30T11:16:00Z,22.6
2026-08-30T11:21:00Z,23.0
2026-08-30T11:26:00Z,22.5
2026-08-30T11:31:00Z,22.7
2026-08-30T11:36:00Z,23.2
2026-08-30T11:41:00Z,23.7
2026-08-30T11:46:00Z,23.7
2026-08-30T11:51:00Z,23.6
2026-08-30T11:56:00Z,23.3
2026-08-30T12:01:00Z,23.1
2026-08-30T12:06:00Z,23.0
2026-08-30T12:11:00Z,23.6
2026-08-30T12:16:00Z,23.1
2026-08-30T12:21:00Z,23.3
2026-08-30T12:26:00Z,23.3
2026-08-30T12:31:00Z,22.5
2026-08-30T12:36:00Z,22.4
2026-08-30T12:41:00Z,22.3
2026-08-30T12:46:00Z,22.5
2026-08-30T12:51:00Z,22.2
2026-08-30T12:56:00Z,22.2
2026-08-30T13:01:00Z,21.8
2026-08-30T13:06:00Z,21.6
2026-08-30T13:11:00Z,20.5
2026-08-30T13:16:00Z,19.8
2026-08-30T13:21:00Z,19.5
2026-08-30T13:26:00Z,19.5
2026-08-30T13:31:00Z,19.9
2026-08-30T13:36:00Z,20.4
2026-08-30T13:41:00Z,20.9
2026-08-30T13:46:00Z,21.1
2026-08-30T13:51:00Z,21.4
2026-08-30T13:56:00Z,21.6
2026-08-30T14:01:00Z,22.1
2026-08-30T14:06:00Z,22.2
2026-08-30T14:11:00Z,22.2
2026-08-30T14:16:00Z,22.3
2026-08-30T14:21:00Z,22.3
2026-08-30T14:26:00Z,22.3
2026-08-30T14:31:00Z,22.3
2026-08-30T14:36:00Z,22.2
2026-08-30T14:41:00Z,22.3
2026-08-30T14:46:00Z,22.2
2026-08-30T14:51:00Z,22.2
2026-08-30T14:56:00Z,22.1
2026-08-30T15:01:00Z,21.8
2026-08-30T15:06:00Z,21.8
2026-08-30T15:11:00Z,21.7
2026-08-30T15:16:00Z,21.7
2026-08-30T15:21:00Z,21.7
2026-08-30T15:26:00Z,21.8
2026-08-30T15:31:00Z,21.7
2026-08-30T15:36:00Z,21.6
2026-08-30T15:41:00Z,21.6
2026-08-30T15:46:00Z,21.7
2026-08-30T15:51:00Z,21.7
2026-08-30T15:56:00Z,21.6
2026-08-30T16:01:00Z,21.7
2026-08-30T16:06:00Z,21.7
2026-08-30T16:11:00Z,21.6
2026-08-30T16:16:00Z,21.6
2026-08-30T16:21:00Z,21.7
2026-08-30T16:26:00Z,21.8
2026-08-30T16:31:00Z,21.7
2026-08-30T16:36:00Z,21.8
2026-08-30T16:41:00Z,21.8
2026-08-30T16:46:00Z,21.7
2026-08-30T16:51:00Z,21.6
2026-08-30T16:56:00Z,21.4
2026-08-30T17:01:00Z,21.3
2026-08-30T17:06:00Z,21.2
2026-08-30T17:11:00Z,21.2
2026-08-30T17:16:00Z,21.1
2026-08-30T17:21:00Z,21.0
2026-08-30T17:26:00Z,20.9
2026-08-30T17:31:00Z,20.8
2026-08-30T17:36:00Z,20.7
2026-08-30T17:41:00Z,20.7
2026-08-30T17:46:00Z,20.6
2026-08-30T17:51:00Z,20.6
2026-08-30T17:56:00Z,20.5
2026-08-30T18:01:00Z,20.3
2026-08-30T18:06:00Z,20.2
2026-08-30T18:11:00Z,20.2
2026-08-30T18:16:00Z,20.1
2026-08-30T18:21:00Z,20.1
2026-08-30T18:26:00Z,20.1
2026-08-30T18:31:00Z,20.1
2026-08-30T18:36:00Z,20.0
2026-08-30T18:41:00Z,20.0
2026-08-30T18:46:00Z,20.0
2026-08-30T18:51:00Z,19.9
2026-08-30T18:56:00Z,19.7
2026-08-30T19:01:00Z,19.7
2026-08-30T19:06:00Z,19.6
2026-08-30T19:11:00Z,19.6
2026-08-30T19:16:00Z,19.5
2026-08-30T19:21:00Z,19.4
2026-08-30T19:26:00Z,19.4
2026-08-30T19:31:00Z,19.3
2026-08-30T19:36:00Z,19.3
2026-08-30T19:41:00Z,19.2
2026-08-30T19:46:00Z,19.2
2026-08-30T19:51:00Z,19.2
2026-08-30T19:56:00Z,19.1
2026-08-30T20:01:00Z,19.1
2026-08-30T20:06:00Z,19.1
2026-08-30T20:11:00Z,19.1
2026-08-30T20:16:00Z,19.1
2026-08-30T20:21:00Z,19.1
2026-08-30T20:26:00Z,19.1
2026-08-30T20:31:00Z,19.1
2026-08-30T20:36:00Z,19.1
2026-08-30T20:41:00Z,19.1
2026-08-30T20:46:00Z,19.1
2026-08-30T20:51:00Z,19.1
2026-08-30T20:56:00Z,19.1
2026-08-30T21:01:00Z,19.1
2026-08-30T21:06:00Z,18.9
2026-08-30T21:11:00Z,18.8
2026-08-30T21:16:00Z,18.5
2026-08-30T21:21:00Z,18.3
2026-08-30T21:26:00Z,18.2
2026-08-30T21:31:00Z,18.2
2026-08-30T21:37:00Z,18.1
2026-08-30T21:41:00Z,18.1
2026-08-30T21:46:00Z,18.0
2026-08-30T21:51:00Z,18.0
2026-08-30T21:56:00Z,18.0
2026-08-30T22:02:00Z,17.9
2026-08-30T22:06:00Z,17.7
2026-08-30T22:12:00Z,17.7
2026-08-30T22:16:00Z,17.6
2026-08-30T22:21:00Z,17.6
2026-08-30T22:27:00Z,17.6
2026-08-30T22:31:00Z,17.5
2026-08-30T22:37:00Z,17.6
2026-08-30T22:42:00Z,17.5
2026-08-30T22:47:00Z,17.5
2026-08-30T22:52:00Z,17.5
2026-08-30T22:56:00Z,17.5
2026-08-30T23:02:00Z,17.6
2026-08-30T23:07:00Z,17.5
2026-08-30T23:12:00Z,17.4
2026-08-30T23:17:00Z,17.3
2026-08-30T23:21:00Z,17.3
2026-08-30T23:27:00Z,17.2
2026-08-30T23:32:00Z,17.1
2026-08-30T23:37:00Z,16.9
2026-08-30T23:42:00Z,16.9
2026-08-30T23:47:00Z,16.9
2026-08-30T23:52:00Z,16.9
2026-08-30T23:57:00Z,16.8
2026-08-31T00:02:00Z,16.8
2026-08-31T00:07:00Z,16.9
2026-08-31T00:12:00Z,17.0
2026-08-31T00:17:00Z,17.0
2026-08-31T00:22:00Z,17.0
2026-08-31T00:27:00Z,17.0
2026-08-31T00:32:00Z,17.0
2026-08-31T00:37:00Z,16.9
2026-08-31T00:42:00Z,16.9
2026-08-31T00:47:00Z,16.9
2026-08-31T00:52:00Z,16.8
2026-08-31T00:57:00Z,16.9
2026-08-31T01:02:00Z,16.9
2026-08-31T01:07:00Z,16.8
2026-08-31T01:12:00Z,16.7
2026-08-31T01:17:00Z,16.8
2026-08-31T01:22:00Z,16.7
2026-08-31T01:27:00Z,16.7
2026-08-31T01:32:00Z,16.6
2026-08-31T01:37:00Z,16.6
2026-08-31T01:42:00Z,16.6
2026-08-31T01:47:00Z,16.6
2026-08-31T01:52:00Z,16.6
2026-08-31T01:57:00Z,16.7
2026-08-31T02:02:00Z,16.6
2026-08-31T02:07:00Z,16.6
2026-08-31T02:12:00Z,16.7
2026-08-31T02:17:00Z,16.7
2026-08-31T02:22:00Z,16.7
2026-08-31T02:27:00Z,16.8
2026-08-31T02:32:00Z,16.9
2026-08-31T02:37:00Z,16.9
2026-08-31T02:42:00Z,16.9
2026-08-31T02:47:00Z,16.9
2026-08-31T02:52:00Z,16.8
2026-08-31T02:57:00Z,16.7
2026-08-31T03:02:00Z,16.7
2026-08-31T03:07:00Z,16.7
2026-08-31T03:12:00Z,16.6
2026-08-31T03:17:00Z,16.5
2026-08-31T03:22:00Z,16.4
2026-08-31T03:27:00Z,16.4
2026-08-31T03:32:00Z,16.4
2026-08-31T03:37:00Z,16.3
2026-08-31T03:42:00Z,16.3
2026-08-31T03:47:00Z,16.3
2026-08-31T03:57:00Z,16.1
2026-08-31T04:02:00Z,16.1
2026-08-31T04:07:00Z,16.0
2026-08-31T04:12:00Z,16.0
2026-08-31T04:17:00Z,15.9
2026-08-31T04:22:00Z,16.0
2026-08-31T04:27:00Z,15.9
2026-08-31T04:32:00Z,15.8
2026-08-31T04:37:00Z,15.7
2026-08-31T04:42:00Z,15.6
2026-08-31T04:47:00Z,15.5
2026-08-31T04:52:00Z,15.5
2026-08-31T04:57:00Z,15.4
2026-08-31T05:02:00Z,15.4
2026-08-31T05:07:00Z,15.3
2026-08-31T05:12:00Z,15.3
2026-08-31T05:17:00Z,15.3
2026-08-31T05:22:00Z,15.3
2026-08-31T05:27:00Z,15.3
2026-08-31T05:32:00Z,15.4
2026-08-31T05:37:00Z,15.4
2026-08-31T05:42:00Z,15.4
2026-08-31T05:47:00Z,15.4
2026-08-31T05:52:00Z,15.4
2026-08-31T05:57:00Z,15.5
2026-08-31T06:02:00Z,15.5
2026-08-31T06:07:00Z,15.4
2026-08-31T06:12:00Z,15.5
2026-08-31T06:17:00Z,15.5
2026-08-31T06:22:00Z,15.6
2026-08-31T06:27:00Z,15.6
2026-08-31T06:32:00Z,15.6
2026-08-31T06:37:00Z,15.7
2026-08-31T06:42:00Z,15.7
2026-08-31T06:47:00Z,15.7
2026-08-31T06:52:00Z,15.7
2026-08-31T06:57:00Z,15.7
2026-08-31T07:02:00Z,15.7
2026-08-31T07:07:00Z,15.7
2026-08-31T07:12:00Z,15.8
2026-08-31T07:17:00Z,15.8
2026-08-31T07:22:00Z,15.9
2026-08-31T07:27:00Z,16.0
2026-08-31T07:32:00Z,16.0
2026-08-31T07:37:00Z,16.0
2026-08-31T07:42:00Z,16.1
2026-08-31T07:47:00Z,16.2
2026-08-31T07:52:00Z,16.3
2026-08-31T07:57:00Z,16.4
2026-08-31T08:02:00Z,16.5
2026-08-31T08:07:00Z,16.7
2026-08-31T08:12:00Z,16.8
2026-08-31T08:17:00Z,16.9
2026-08-31T08:22:00Z,17.0
2026-08-31T08:27:00Z,17.2
2026-08-31T08:32:00Z,17.2
2026-08-31T08:37:00Z,17.3
2026-08-31T08:42:00Z,17.4
2026-08-31T08:47:00Z,17.6
2026-08-31T08:52:00Z,17.7
2026-08-31T08:57:00Z,17.8
2026-08-31T09:02:00Z,17.9
2026-08-31T09:07:00Z,18.0
2026-08-31T09:12:00Z,18.1
2026-08-31T09:17:00Z,18.0
2026-08-31T09:22:00Z,18.1
2026-08-31T09:27:00Z,18.2
2026-08-31T09:32:00Z,18.4
2026-08-31T09:37:00Z,18.7
2026-08-31T09:42:00Z,18.8
2026-08-31T09:47:00Z,19.2
2026-08-31T09:52:00Z,19.5
2026-08-31T09:57:00Z,19.7
2026-08-31T10:02:00Z,20.6
2026-08-31T10:07:00Z,21.2
2026-08-31T10:12:00Z,21.0
2026-08-31T10:17:00Z,20.6
2026-08-31T10:22:00Z,21.4
2026-08-31T10:27:00Z,21.0
2026-08-31T10:32:00Z,21.3
2026-08-31T10:37:00Z,20.7
2026-08-31T10:42:00Z,21.1
2026-08-31T10:47:00Z,20.8
2026-08-31T10:52:00Z,20.6
2026-08-31T10:57:00Z,21.4
2026-08-31T11:02:00Z,22.0
2026-08-31T11:07:00Z,22.3
2026-08-31T11:12:00Z,22.0
2026-08-31T11:17:00Z,22.1
2026-08-31T11:22:00Z,22.8
2026-08-31T11:27:00Z,23.1
2026-08-31T11:33:00Z,23.2
2026-08-31T11:37:00Z,23.1
2026-08-31T11:42:00Z,22.4
2026-08-31T11:48:00Z,22.5
2026-08-31T11:52:00Z,22.2
2026-08-31T11:58:00Z,22.4
2026-08-31T12:02:00Z,22.5
2026-08-31T12:08:00Z,23.1
2026-08-31T12:13:00Z,23.8
2026-08-31T12:17:00Z,22.9
2026-08-31T12:23:00Z,22.1
2026-08-31T12:27:00Z,22.2
2026-08-31T12:33:00Z,21.9
2026-08-31T12:38:00Z,22.8
2026-08-31T12:43:00Z,23.3
2026-08-31T12:48:00Z,23.8
2026-08-31T12:52:00Z,24.1
2026-08-31T12:58:00Z,24.5
2026-08-31T13:03:00Z,24.1
2026-08-31T13:07:00Z,24.3
2026-08-31T13:13:00Z,24.5
2026-08-31T13:18:00Z,25.4
2026-08-31T13:23:00Z,24.8
2026-08-31T13:28:00Z,24.0
2026-08-31T13:33:00Z,23.6
2026-08-31T13:38:00Z,23.7
2026-08-31T13:43:00Z,23.1
2026-08-31T13:48:00Z,22.8
2026-08-31T13:53:00Z,22.2
2026-08-31T13:58:00Z,22.5
2026-08-31T14:03:00Z,22.9
2026-08-31T14:08:00Z,23.1
2026-08-31T14:13:00Z,22.8
2026-08-31T14:18:00Z,22.6
2026-08-31T14:23:00Z,22.8
2026-08-31T14:28:00Z,22.8
2026-08-31T14:33:00Z,23.1
2026-08-31T14:38:00Z,23.4
2026-08-31T14:43:00Z,22.9
2026-08-31T14:48:00Z,22.6
2026-08-31T14:53:00Z,22.3
2026-08-31T14:58:00Z,20.2
2026-08-31T15:03:00Z,19.2
2026-08-31T15:08:00Z,18.9
2026-08-31T15:13:00Z,18.9
2026-08-31T15:18:00Z,19.1
2026-08-31T15:23:00Z,19.2
2026-08-31T15:28:00Z,19.5
2026-08-31T15:33:00Z,19.8
2026-08-31T15:38:00Z,19.9
2026-08-31T15:43:00Z,19.9
2026-08-31T15:48:00Z,19.9
2026-08-31T15:53:00Z,20.0
2026-08-31T15:58:00Z,20.1
2026-08-31T16:03:00Z,20.2
2026-08-31T16:08:00Z,20.2
2026-08-31T16:13:00Z,20.3
2026-08-31T16:18:00Z,20.3
2026-08-31T16:23:00Z,20.4
2026-08-31T16:28:00Z,20.4
2026-08-31T16:33:00Z,20.6
2026-08-31T16:38:00Z,20.9
2026-08-31T16:43:00Z,21.1
2026-08-31T16:48:00Z,20.9
2026-08-31T16:53:00Z,20.8
2026-08-31T16:58:00Z,20.8
2026-08-31T17:03:00Z,20.8
2026-08-31T17:08:00Z,20.8
2026-08-31T17:13:00Z,20.9
2026-08-31T17:18:00Z,20.9
2026-08-31T17:23:00Z,20.9
2026-08-31T17:28:00Z,20.9
2026-08-31T17:33:00Z,20.9
2026-08-31T17:38:00Z,21.0
2026-08-31T17:43:00Z,21.0
2026-08-31T17:48:00Z,21.0
2026-08-31T17:53:00Z,21.0
2026-08-31T17:58:00Z,20.8
2026-08-31T18:03:00Z,20.7
2026-08-31T18:08:00Z,20.7
2026-08-31T18:13:00Z,20.7
2026-08-31T18:18:00Z,20.7
2026-08-31T18:23:00Z,20.8
2026-08-31T18:28:00Z,20.8
2026-08-31T18:33:00Z,20.8
2026-08-31T18:38:00Z,20.7
2026-08-31T18:43:00Z,20.7
2026-08-31T18:48:00Z,20.6
2026-08-31T18:53:00Z,20.5
2026-08-31T18:58:00Z,20.6
2026-08-31T19:03:00Z,20.6
2026-08-31T19:08:00Z,20.5
2026-08-31T19:13:00Z,20.4
2026-08-31T19:18:00Z,20.3
2026-08-31T19:23:00Z,20.3
2026-08-31T19:28:00Z,20.2
2026-08-31T19:33:00Z,20.1
2026-08-31T19:38:00Z,20.0
2026-08-31T19:43:00Z,19.9
2026-08-31T19:48:00Z,19.8
2026-08-31T19:53:00Z,19.7
2026-08-31T19:58:00Z,19.6
2026-08-31T20:03:00Z,19.5
2026-08-31T20:08:00Z,19.4
2026-08-31T20:13:00Z,19.3
2026-08-31T20:18:00Z,19.2
2026-08-31T20:23:00Z,19.2
2026-08-31T20:28:00Z,19.1
2026-08-31T20:33:00Z,19.0
2026-08-31T20:38:00Z,19.0
2026-08-31T20:43:00Z,18.9
2026-08-31T20:48:00Z,18.8
2026-08-31T20:53:00Z,18.8
2026-08-31T20:58:00Z,18.7
2026-08-31T21:03:00Z,18.7
2026-08-31T21:08:00Z,18.6
2026-08-31T21:13:00Z,18.6
2026-08-31T21:18:00Z,18.6
2026-08-31T21:23:00Z,18.5
2026-08-31T21:28:00Z,18.5
2026-08-31T21:33:00Z,18.4
2026-08-31T21:38:00Z,18.4
2026-08-31T21:43:00Z,18.3
2026-08-31T21:48:00Z,18.2
2026-08-31T21:53:00Z,18.1
2026-08-31T21:58:00Z,18.0
2026-08-31T22:03:00Z,17.9
2026-08-31T22:08:00Z,17.9
2026-08-31T22:13:00Z,17.8
2026-08-31T22:18:00Z,17.7
2026-08-31T22:23:00Z,17.7
2026-08-31T22:28:00Z,17.7
2026-08-31T22:33:00Z,17.7
2026-08-31T22:38:00Z,17.6
2026-08-31T22:43:00Z,17.6
2026-08-31T22:48:00Z,17.6
2026-08-31T22:53:00Z,17.6
2026-08-31T22:58:00Z,17.5
2026-08-31T23:03:00Z,17.5
2026-08-31T23:08:00Z,17.4
2026-08-31T23:13:00Z,17.4
2026-08-31T23:18:00Z,17.4
2026-08-31T23:23:00Z,17.4
2026-08-31T23:28:00Z,17.3
2026-08-31T23:38:00Z,17.3
2026-08-31T23:43:00Z,17.2
2026-08-31T23:48:00Z,17.2
2026-08-31T23:53:00Z,17.1
2026-08-31T23:58:00Z,17.1
2026-09-01T00:03:00Z,17.0
2026-09-01T00:08:00Z,16.9
2026-09-01T00:13:00Z,16.8
2026-09-01T00:18:00Z,16.7
2026-09-01T00:23:00Z,16.7
2026-09-01T00:28:00Z,16.6
2026-09-01T00:33:00Z,16.6
2026-09-01T00:38:00Z,16.6
2026-09-01T00:43:00Z,16.5
2026-09-01T00:48:00Z,16.4
2026-09-01T00:53:00Z,16.4
2026-09-01T00:58:00Z,16.3
2026-09-01T01:04:00Z,16.2
2026-09-01T01:08:00Z,16.2
2026-09-01T01:14:00Z,16.2
2026-09-01T01:18:00Z,16.1
2026-09-01T01:23:00Z,16.0
2026-09-01T01:29:00Z,16.0
2026-09-01T01:33:00Z,16.0
2026-09-01T01:39:00Z,15.9
2026-09-01T01:43:00Z,15.9
2026-09-01T01:49:00Z,15.8
2026-09-01T01:54:00Z,15.8
2026-09-01T01:58:00Z,15.7
2026-09-01T02:04:00Z,15.7
2026-09-01T02:08:00Z,15.6
2026-09-01T02:14:00Z,15.6
2026-09-01T02:19:00Z,15.6
2026-09-01T02:24:00Z,15.5
2026-09-01T02:29:00Z,15.6
2026-09-01T02:33:00Z,15.5
2026-09-01T02:39:00Z,15.4
2026-09-01T02:44:00Z,15.4
2026-09-01T02:49:00Z,15.3
2026-09-01T02:54:00Z,15.3
2026-09-01T02:59:00Z,15.3
2026-09-01T03:04:00Z,15.3
2026-09-01T03:09:00Z,15.3
2026-09-01T03:14:00Z,15.2
2026-09-01T03:19:00Z,15.2
2026-09-01T03:24:00Z,15.1
2026-09-01T03:29:00Z,15.1
2026-09-01T03:34:00Z,15.1
2026-09-01T03:39:00Z,15.1
2026-09-01T03:44:00Z,15.0
2026-09-01T03:49:00Z,15.0
2026-09-01T03:54:00Z,15.0
2026-09-01T03:59:00Z,15.0
2026-09-01T04:04:00Z,14.9
2026-09-01T04:09:00Z,14.8
2026-09-01T04:14:00Z,14.8
2026-09-01T04:19:00Z,14.7
2026-09-01T04:24:00Z,14.6
2026-09-01T04:29:00Z,14.6
2026-09-01T04:34:00Z,14.5
2026-09-01T04:39:00Z,14.4
2026-09-01T04:44:00Z,14.4
2026-09-01T04:49:00Z,14.3
2026-09-01T04:54:00Z,14.3
2026-09-01T04:59:00Z,14.2
2026-09-01T05:04:00Z,14.2
2026-09-01T05:09:00Z,14.1
2026-09-01T05:14:00Z,14.1
2026-09-01T05:19:00Z,14.1
2026-09-01T05:24:00Z,14.1
2026-09-01T05:29:00Z,14.1
2026-09-01T05:34:00Z,14.2
2026-09-01T05:39:00Z,14.2
2026-09-01T05:44:00Z,14.2
2026-09-01T05:49:00Z,14.3
2026-09-01T05:54:00Z,14.3
2026-09-01T05:59:00Z,14.3
2026-09-01T06:04:00Z,14.4
2026-09-01T06:09:00Z,14.4
2026-09-01T06:14:00Z,14.5
2026-09-01T06:19:00Z,14.4
2026-09-01T06:24:00Z,14.4
2026-09-01T06:29:00Z,14.5
2026-09-01T06:34:00Z,14.5
2026-09-01T06:39:00Z,14.6
2026-09-01T06:44:00Z,14.7
2026-09-01T06:49:00Z,14.8
2026-09-01T06:54:00Z,14.8
2026-09-01T06:59:00Z,15.0
2026-09-01T07:04:00Z,15.0
2026-09-01T07:09:00Z,15.0
2026-09-01T07:14:00Z,15.1
2026-09-01T07:19:00Z,15.1
2026-09-01T07:24:00Z,15.2
2026-09-01T07:29:00Z,15.1
2026-09-01T07:34:00Z,15.2
2026-09-01T07:39:00Z,15.3
2026-09-01T07:44:00Z,15.3
2026-09-01T07:49:00Z,15.4
2026-09-01T07:54:00Z,15.6
2026-09-01T07:59:00Z,15.7
2026-09-01T08:04:00Z,15.8
2026-09-01T08:09:00Z,15.9
2026-09-01T08:14:00Z,15.9
2026-09-01T08:19:00Z,15.9
2026-09-01T08:24:00Z,15.9
2026-09-01T08:29:00Z,16.0
2026-09-01T08:34:00Z,16.1
2026-09-01T08:39:00Z,16.1
2026-09-01T08:44:00Z,16.1
2026-09-01T08:49:00Z,16.4
2026-09-01T08:54:00Z,16.7
2026-09-01T08:59:00Z,17.2
2026-09-01T09:04:00Z,17.5
2026-09-01T09:09:00Z,17.6
2026-09-01T09:14:00Z,17.9
2026-09-01T09:19:00Z,18.3
2026-09-01T09:24:00Z,18.5
2026-09-01T09:29:00Z,18.6
2026-09-01T09:34:00Z,19.1
2026-09-01T09:39:00Z,19.1
2026-09-01T09:44:00Z,19.5
2026-09-01T09:49:00Z,20.5
2026-09-01T09:54:00Z,20.9
2026-09-01T09:59:00Z,21.5
2026-09-01T10:04:00Z,21.7
2026-09-01T10:09:00Z,22.1
2026-09-01T10:14:00Z,21.8
2026-09-01T10:19:00Z,21.4
2026-09-01T10:24:00Z,21.5
2026-09-01T10:29:00Z,22.3
2026-09-01T10:34:00Z,23.3
2026-09-01T10:39:00Z,23.6
2026-09-01T10:44:00Z,23.5
2026-09-01T10:49:00Z,23.9
2026-09-01T10:54:00Z,23.7
2026-09-01T10:59:00Z,23.4
2026-09-01T11:04:00Z,23.5
2026-09-01T11:09:00Z,23.6
2026-09-01T11:14:00Z,23.0
2026-09-01T11:19:00Z,23.8
2026-09-01T11:24:00Z,23.7
2026-09-01T11:29:00Z,24.5
2026-09-01T11:34:00Z,24.3
2026-09-01T11:39:00Z,23.9
2026-09-01T11:44:00Z,23.7
2026-09-01T11:49:00Z,24.6
2026-09-01T11:54:00Z,24.1
2026-09-01T11:59:00Z,23.7
2026-09-01T12:04:00Z,23.6
2026-09-01T12:09:00Z,24.3
2026-09-01T12:14:00Z,24.5
2026-09-01T12:19:00Z,23.5
2026-09-01T12:24:00Z,23.8
2026-09-01T12:29:00Z,24.7
2026-09-01T12:34:00Z,24.6
2026-09-01T12:39:00Z,25.0
2026-09-01T12:44:00Z,24.4
2026-09-01T12:49:00Z,24.0
2026-09-01T12:54:00Z,23.0
2026-09-01T12:59:00Z,23.3
2026-09-01T13:04:00Z,23.1
2026-09-01T13:09:00Z,24.0
2026-09-01T13:14:00Z,23.3
2026-09-01T13:19:00Z,22.8
2026-09-01T13:24:00Z,21.8
2026-09-01T13:29:00Z,22.3
2026-09-01T13:34:00Z,22.3
2026-09-01T13:39:00Z,22.5
2026-09-01T13:44:00Z,22.9
2026-09-01T13:49:00Z,22.8
2026-09-01T13:54:00Z,22.3
2026-09-01T13:59:00Z,21.9
2026-09-01T14:04:00Z,22.2
2026-09-01T14:09:00Z,21.9
2026-09-01T14:14:00Z,22.1
2026-09-01T14:19:00Z,22.1
2026-09-01T14:25:00Z,22.2
2026-09-01T14:29:00Z,22.0
2026-09-01T14:35:00Z,22.4
2026-09-01T14:39:00Z,22.3
2026-09-01T14:44:00Z,22.2
2026-09-01T14:50:00Z,22.4
2026-09-01T14:54:00Z,22.5
2026-09-01T15:00:00Z,22.4
2026-09-01T15:04:00Z,22.4
2026-09-01T15:10:00Z,22.8
2026-09-01T15:15:00Z,22.7
2026-09-01T15:19:00Z,22.8
2026-09-01T15:25:00Z,22.9
2026-09-01T15:29:00Z,22.7
2026-09-01T15:35:00Z,22.7
2026-09-01T15:40:00Z,22.5
2026-09-01T15:45:00Z,22.3
2026-09-01T15:50:00Z,22.4
2026-09-01T15:54:00Z,22.4
2026-09-01T16:00:00Z,22.3
2026-09-01T16:05:00Z,22.4
2026-09-01T16:10:00Z,22.3
2026-09-01T16:15:00Z,22.3
2026-09-01T16:20:00Z,22.5
2026-09-01T16:25:00Z,22.5
2026-09-01T16:30:00Z,22.6
2026-09-01T16:35:00Z,22.8
2026-09-01T16:40:00Z,22.7
2026-09-01T16:45:00Z,22.5
2026-09-01T16:50:00Z,22.4
2026-09-01T16:55:00Z,22.4
2026-09-01T17:00:00Z,22.4
2026-09-01T17:05:00Z,22.4
2026-09-01T17:10:00Z,22.3
2026-09-01T17:15:00Z,22.1
2026-09-01T17:20:00Z,22.1
2026-09-01T17:25:00Z,22.1
2026-09-01T17:30:00Z,22.1
2026-09-01T17:35:00Z,22.1
2026-09-01T17:40:00Z,22.1
2026-09-01T17:45:00Z,22.0
2026-09-01T17:50:00Z,22.0
2026-09-01T17:55:00Z,21.9
2026-09-01T18:00:00Z,21.9
2026-09-01T18:05:00Z,21.9
2026-09-01T18:10:00Z,21.8
2026-09-01T18:15:00Z,21.7
2026-09-01T18:20:00Z,21.6
2026-09-01T18:25:00Z,21.5
2026-09-01T18:30:00Z,21.5
2026-09-01T18:35:00Z,21.4
2026-09-01T18:40:00Z,21.4
2026-09-01T18:45:00Z,21.3
2026-09-01T18:50:00Z,21.2
2026-09-01T18:55:00Z,21.2
2026-09-01T19:00:00Z,21.2
2026-09-01T19:05:00Z,20.9
2026-09-01T19:10:00Z,20.6
2026-09-01T19:15:00Z,20.4
2026-09-01T19:20:00Z,20.3
2026-09-01T19:25:00Z,20.3
2026-09-01T19:30:00Z,20.2
2026-09-01T19:35:00Z,20.1
2026-09-01T19:40:00Z,19.9
2026-09-01T19:45:00Z,19.8
2026-09-01T19:50:00Z,19.7
2026-09-01T19:55:00Z,19.7
2026-09-01T20:00:00Z,19.6
2026-09-01T20:05:00Z,19.5
2026-09-01T20:10:00Z,19.5
2026-09-01T20:15:00Z,19.4
2026-09-01T20:20:00Z,19.3
2026-09-01T20:25:00Z,19.3
2026-09-01T20:30:00Z,19.3
2026-09-01T20:35:00Z,19.2
2026-09-01T20:40:00Z,19.2
2026-09-01T20:45:00Z,19.1
2026-09-01T20:50:00Z,19.0
2026-09-01T20:55:00Z,19.0
2026-09-01T21:00:00Z,19.0
2026-09-01T21:05:00Z,19.0
2026-09-01T21:10:00Z,19.0
2026-09-01T21:15:00Z,19.0
2026-09-01T21:20:00Z,19.0
2026-09-01T21:25:00Z,18.9
2026-09-01T21:30:00Z,18.9
2026-09-01T21:35:00Z,18.9
2026-09-01T21:40:00Z,18.9
2026-09-01T21:45:00Z,18.8
2026-09-01T21:50:00Z,18.8
2026-09-01T21:55:00Z,18.8
2026-09-01T22:00:00Z,18.8
2026-09-01T22:05:00Z,18.7
2026-09-01T22:10:00Z,18.7
2026-09-01T22:15:00Z,18.6
2026-09-01T22:20:00Z,18.6
2026-09-01T22:25:00Z,18.6
2026-09-01T22:30:00Z,18.5
2026-09-01T22:35:00Z,18.5
2026-09-01T22:40:00Z,18.5
2026-09-01T22:45:00Z,18.5
2026-09-01T22:50:00Z,18.5
2026-09-01T22:55:00Z,18.5
2026-09-01T23:00:00Z,18.5
2026-09-01T23:05:00Z,18.5
2026-09-01T23:10:00Z,18.5
2026-09-01T23:15:00Z,18.5
2026-09-01T23:20:00Z,18.4
2026-09-01T23:25:00Z,18.4
2026-09-01T23:30:00Z,18.4
2026-09-01T23:35:00Z,18.3
2026-09-01T23:40:00Z,18.3
2026-09-01T23:45:00Z,18.3
2026-09-01T23:50:00Z,18.3
2026-09-01T23:55:00Z,18.4
2026-09-02T00:00:00Z,18.4
2026-09-02T00:05:00Z,18.4
2026-09-02T00:10:00Z,18.4
2026-09-02T00:15:00Z,18.4
2026-09-02T00:20:00Z,18.3
2026-09-02T00:25:00Z,18.4
2026-09-02T00:30:00Z,18.3
2026-09-02T00:35:00Z,18.3
2026-09-02T00:40:00Z,18.3
2026-09-02T00:45:00Z,18.3
2026-09-02T00:50:00Z,18.4
2026-09-02T00:55:00Z,18.4
2026-09-02T01:00:00Z,18.3
2026-09-02T01:05:00Z,18.2
2026-09-02T01:10:00Z,18.1
2026-09-02T01:15:00Z,18.1
2026-09-02T01:20:00Z,18.1
2026-09-02T01:25:00Z,18.1
2026-09-02T01:30:00Z,18.1
2026-09-02T01:35:00Z,18.0
2026-09-02T01:40:00Z,17.9
2026-09-02T01:45:00Z,17.9
2026-09-02T01:50:00Z,17.9
2026-09-02T01:55:00Z,17.9
2026-09-02T02:00:00Z,17.8
2026-09-02T02:05:00Z,17.8
2026-09-02T02:10:00Z,17.8
2026-09-02T02:15:00Z,17.8
2026-09-02T02:20:00Z,17.7
2026-09-02T02:25:00Z,17.6
2026-09-02T02:30:00Z,17.6
2026-09-02T02:35:00Z,17.6
2026-09-02T02:40:00Z,17.6
2026-09-02T02:45:00Z,17.6
2026-09-02T02:50:00Z,17.6
2026-09-02T02:55:00Z,17.5
2026-09-02T03:00:00Z,17.5
2026-09-02T03:05:00Z,17.5
2026-09-02T03:10:00Z,17.5
2026-09-02T03:15:00Z,17.6
2026-09-02T03:20:00Z,17.6
2026-09-02T03:25:00Z,17.6
2026-09-02T03:30:00Z,17.6
2026-09-02T03:35:00Z,17.5
2026-09-02T03:40:00Z,17.5
2026-09-02T03:45:00Z,17.5
2026-09-02T03:50:00Z,17.5
2026-09-02T03:55:00Z,17.4
2026-09-02T04:00:00Z,17.4
2026-09-02T04:05:00Z,17.4
2026-09-02T04:10:00Z,17.3
2026-09-02T04:15:00Z,17.3
2026-09-02T04:20:00Z,17.3
2026-09-02T04:25:00Z,17.3
2026-09-02T04:30:00Z,17.3
2026-09-02T04:35:00Z,17.2
2026-09-02T04:40:00Z,17.2
2026-09-02T04:45:00Z,17.2
2026-09-02T04:50:00Z,17.2
2026-09-02T04:55:00Z,17.2
2026-09-02T05:00:00Z,17.2
2026-09-02T05:05:00Z,17.1
2026-09-02T05:11:00Z,17.1
2026-09-02T05:15:00Z,17.2
2026-09-02T05:20:00Z,17.2
2026-09-02T05:25:00Z,17.1
2026-09-02T05:30:00Z,17.1
2026-09-02T05:36:00Z,17.2
2026-09-02T05:40:00Z,17.1
2026-09-02T05:46:00Z,17.1
2026-09-02T05:50:00Z,17.1
2026-09-02T05:55:00Z,17.1
2026-09-02T06:01:00Z,17.1
2026-09-02T06:05:00Z,17.0
2026-09-02T06:11:00Z,17.0
2026-09-02T06:15:00Z,17.0
2026-09-02T06:21:00Z,17.1
2026-09-02T06:26:00Z,17.1
2026-09-02T06:30:00Z,17.2
2026-09-02T06:36:00Z,17.3
2026-09-02T06:40:00Z,17.2
2026-09-02T06:46:00Z,17.2
2026-09-02T06:51:00Z,17.2
2026-09-02T06:56:00Z,17.3
2026-09-02T07:01:00Z,17.3
2026-09-02T07:05:00Z,17.4
2026-09-02T07:11:00Z,17.4
2026-09-02T07:16:00Z,17.5
2026-09-02T07:21:00Z,17.5
2026-09-02T07:26:00Z,17.7
2026-09-02T07:31:00Z,17.8
2026-09-02T07:36:00Z,17.8
2026-09-02T07:41:00Z,17.8
2026-09-02T07:46:00Z,17.9
2026-09-02T07:51:00Z,18.1
2026-09-02T07:56:00Z,18.2
2026-09-02T08:01:00Z,18.2
2026-09-02T08:06:00Z,18.2
2026-09-02T08:11:00Z,18.3
2026-09-02T08:16:00Z,18.5
2026-09-02T08:21:00Z,18.6
2026-09-02T08:26:00Z,18.8
2026-09-02T08:31:00Z,18.6
2026-09-02T08:36:00Z,18.5
2026-09-02T08:41:00Z,18.6
2026-09-02T08:46:00Z,18.7
2026-09-02T08:51:00Z,18.8
2026-09-02T08:56:00Z,18.9
2026-09-02T09:01:00Z,18.9
2026-09-02T09:06:00Z,19.0
2026-09-02T09:11:00Z,18.9
2026-09-02T09:16:00Z,19.0
2026-09-02T09:21:00Z,19.0
2026-09-02T09:26:00Z,19.0
2026-09-02T09:31:00Z,19.0
2026-09-02T09:36:00Z,18.9
2026-09-02T09:41:00Z,18.8
2026-09-02T09:46:00Z,18.9
2026-09-02T09:51:00Z,19.1
2026-09-02T09:56:00Z,19.1
2026-09-02T10:01:00Z,19.2
2026-09-02T10:06:00Z,19.2
2026-09-02T10:11:00Z,19.2
2026-09-02T10:16:00Z,19.4
2026-09-02T10:21:00Z,19.5
2026-09-02T10:26:00Z,19.4
2026-09-02T10:31:00Z,19.1
2026-09-02T10:36:00Z,18.9
2026-09-02T10:41:00Z,18.9
2026-09-02T10:46:00Z,18.8
2026-09-02T10:51:00Z,18.9
2026-09-02T10:56:00Z,18.9
2026-09-02T11:01:00Z,18.5
2026-09-02T11:06:00Z,18.1
2026-09-02T11:11:00Z,18.0
2026-09-02T11:16:00Z,18.0
2026-09-02T11:21:00Z,18.1
2026-09-02T11:26:00Z,18.3
2026-09-02T11:31:00Z,19.0
2026-09-02T11:36:00Z,19.3
2026-09-02T11:41:00Z,19.8
2026-09-02T11:46:00Z,19.8
2026-09-02T11:51:00Z,20.5
2026-09-02T11:56:00Z,21.4
2026-09-02T12:01:00Z,21.2
2026-09-02T12:06:00Z,20.7
2026-09-02T12:11:00Z,20.2
2026-09-02T12:16:00Z,20.1
2026-09-02T12:21:00Z,20.0
2026-09-02T12:26:00Z,20.0
2026-09-02T12:31:00Z,20.1
2026-09-02T12:36:00Z,20.1
2026-09-02T12:41:00Z,20.4
2026-09-02T12:46:00Z,20.5
2026-09-02T12:51:00Z,20.3
2026-09-02T12:56:00Z,20.2
2026-09-02T13:01:00Z,20.0
2026-09-02T13:06:00Z,20.1
2026-09-02T13:11:00Z,20.3
2026-09-02T13:16:00Z,20.3
2026-09-02T13:21:00Z,20.2
2026-09-02T13:26:00Z,20.2
2026-09-02T13:31:00Z,20.1
2026-09-02T13:36:00Z,20.1
2026-09-02T13:41:00Z,20.1
2026-09-02T13:46:00Z,20.1
2026-09-02T13:51:00Z,20.1
2026-09-02T13:56:00Z,20.1
2026-09-02T14:01:00Z,20.2
2026-09-02T14:06:00Z,20.2
2026-09-02T14:11:00Z,20.3
2026-09-02T14:16:00Z,20.4
2026-09-02T14:21:00Z,20.3
2026-09-02T14:26:00Z,20.5
2026-09-02T14:31:00Z,20.5
2026-09-02T14:36:00Z,20.5
2026-09-02T14:41:00Z,20.7
2026-09-02T14:46:00Z,20.7
2026-09-02T14:51:00Z,20.8
2026-09-02T14:56:00Z,20.8
2026-09-02T15:01:00Z,20.6
2026-09-02T15:06:00Z,20.5
2026-09-02T15:11:00Z,20.6
2026-09-02T15:16:00Z,20.7
2026-09-02T15:21:00Z,20.6
2026-09-02T15:26:00Z,20.6
2026-09-02T15:31:00Z,20.2
2026-09-02T15:36:00Z,20.4
2026-09-02T15:41:00Z,20.6
2026-09-02T15:46:00Z,20.4
2026-09-02T15:51:00Z,20.4
2026-09-02T15:56:00Z,20.3
2026-09-02T16:01:00Z,20.3
2026-09-02T16:06:00Z,20.5
2026-09-02T16:11:00Z,20.5
2026-09-02T16:16:00Z,20.4
2026-09-02T16:21:00Z,20.3
2026-09-02T16:26:00Z,20.2
2026-09-02T16:31:00Z,20.2
2026-09-02T16:36:00Z,20.0
2026-09-02T16:41:00Z,20.0
2026-09-02T16:46:00Z,19.8
2026-09-02T16:51:00Z,19.7
2026-09-02T16:56:00Z,19.7
2026-09-02T17:01:00Z,19.7
2026-09-02T17:06:00Z,19.6
2026-09-02T17:11:00Z,19.6
2026-09-02T17:16:00Z,19.7
2026-09-02T17:21:00Z,19.7
2026-09-02T17:26:00Z,19.7
2026-09-02T17:31:00Z,19.7
2026-09-02T17:36:00Z,19.5
2026-09-02T17:41:00Z,19.5
2026-09-02T17:46:00Z,19.4
2026-09-02T17:51:00Z,19.3
2026-09-02T17:56:00Z,19.2
2026-09-02T18:01:00Z,19.2
2026-09-02T18:06:00Z,19.1
2026-09-02T18:11:00Z,19.1
2026-09-02T18:16:00Z,19.0
2026-09-02T18:21:00Z,19.0
2026-09-02T18:26:00Z,18.9
2026-09-02T18:31:00Z,19.0
2026-09-02T18:36:00Z,19.0
2026-09-02T18:41:00Z,19.0
2026-09-02T18:46:00Z,19.0
2026-09-02T18:51:00Z,19.0
2026-09-02T18:56:00Z,19.0
2026-09-02T19:01:00Z,19.0
2026-09-02T19:06:00Z,19.0
2026-09-02T19:11:00Z,19.1
2026-09-02T19:16:00Z,19.1
2026-09-02T19:21:00Z,19.1
2026-09-02T19:27:00Z,19.1
2026-09-02T19:31:00Z,19.2
2026-09-02T19:36:00Z,19.1
2026-09-02T19:41:00Z,19.2
2026-09-02T19:46:00Z,19.2
2026-09-02T19:52:00Z,19.2
2026-09-02T19:56:00Z,19.1
2026-09-02T20:02:00Z,19.1
2026-09-02T20:07:00Z,19.1
2026-09-02T20:11:00Z,19.2
2026-09-02T20:17:00Z,19.3
2026-09-02T20:21:00Z,19.3
2026-09-02T20:27:00Z,19.4
2026-09-02T20:32:00Z,19.4
2026-09-02T20:37:00Z,19.5
2026-09-02T20:42:00Z,19.6
2026-09-02T20:46:00Z,19.6
2026-09-02T20:57:00Z,19.6
2026-09-02T21:02:00Z,19.7
2026-09-02T21:07:00Z,19.7
2026-09-02T21:12:00Z,19.7
2026-09-02T21:17:00Z,19.7
2026-09-02T21:22:00Z,19.7
2026-09-02T21:27:00Z,19.7
2026-09-02T21:32:00Z,19.6
2026-09-02T21:37:00Z,19.6
2026-09-02T21:42:00Z,19.6
2026-09-02T21:47:00Z,19.6
2026-09-02T21:52:00Z,19.6
2026-09-02T21:57:00Z,19.6
2026-09-02T22:02:00Z,19.6
2026-09-02T22:07:00Z,19.6
2026-09-02T22:12:00Z,19.6
2026-09-02T22:17:00Z,19.6
2026-09-02T22:22:00Z,19.5
2026-09-02T22:27:00Z,19.5
2026-09-02T22:32:00Z,19.5
2026-09-02T22:37:00Z,19.5
2026-09-02T22:42:00Z,19.5
2026-09-02T22:47:00Z,19.5
2026-09-02T22:52:00Z,19.4
2026-09-02T22:57:00Z,19.4
2026-09-02T23:02:00Z,19.4
2026-09-02T23:07:00Z,19.4
2026-09-02T23:12:00Z,19.4
2026-09-02T23:17:00Z,19.3
2026-09-02T23:22:00Z,19.3
2026-09-02T23:27:00Z,19.3
2026-09-02T23:32:00Z,19.3
2026-09-02T23:37:00Z,19.3
2026-09-02T23:42:00Z,19.3
2026-09-02T23:47:00Z,19.3
2026-09-02T23:52:00Z,19.3
2026-09-02T23:57:00Z,19.3
2026-09-03T00:02:00Z,19.3
2026-09-03T00:07:00Z,19.3
2026-09-03T00:12:00Z,19.3
2026-09-03T00:17:00Z,19.3
2026-09-03T00:22:00Z,19.3
2026-09-03T00:27:00Z,19.2
2026-09-03T00:32:00Z,19.2
2026-09-03T00:37:00Z,19.2
2026-09-03T00:42:00Z,19.2
2026-09-03T00:47:00Z,19.2
2026-09-03T00:52:00Z,19.2
2026-09-03T00:57:00Z,19.1
2026-09-03T01:02:00Z,19.1
2026-09-03T01:07:00Z,19.1
2026-09-03T01:12:00Z,19.1
2026-09-03T01:17:00Z,19.1
2026-09-03T01:22:00Z,19.1
2026-09-03T01:27:00Z,19.1
2026-09-03T01:32:00Z,19.2
2026-09-03T01:37:00Z,19.2
2026-09-03T01:42:00Z,19.2
2026-09-03T01:47:00Z,19.2
2026-09-03T01:52:00Z,19.2
2026-09-03T01:57:00Z,19.2
2026-09-03T02:02:00Z,19.2
2026-09-03T02:07:00Z,19.2
2026-09-03T02:12:00Z,19.2
2026-09-03T02:17:00Z,19.2
2026-09-03T02:22:00Z,19.2
2026-09-03T02:27:00Z,19.2
2026-09-03T02:32:00Z,19.2
2026-09-03T02:37:00Z,19.2
2026-09-03T02:42:00Z,19.3
2026-09-03T02:47:00Z,19.3
2026-09-03T02:52:00Z,19.3
2026-09-03T02:57:00Z,19.3
2026-09-03T03:02:00Z,19.3
2026-09-03T03:07:00Z,19.3
2026-09-03T03:12:00Z,19.3
2026-09-03T03:17:00Z,19.3
2026-09-03T03:22:00Z,19.3
2026-09-03T03:27:00Z,19.3
2026-09-03T03:32:00Z,19.3
2026-09-03T03:37:00Z,19.3
2026-09-03T03:42:00Z,19.3
2026-09-03T03:47:00Z,19.2
2026-09-03T03:52:00Z,19.2
2026-09-03T03:57:00Z,19.2
2026-09-03T04:02:00Z,19.2
2026-09-03T04:07:00Z,19.2
2026-09-03T04:12:00Z,19.2
2026-09-03T04:17:00Z,19.1
2026-09-03T04:22:00Z,19.1
2026-09-03T04:27:00Z,19.1
2026-09-03T04:32:00Z,19.1
2026-09-03T04:37:00Z,19.1
2026-09-03T04:42:00Z,19.2
2026-09-03T04:47:00Z,19.2
2026-09-03T04:52:00Z,19.2
2026-09-03T04:57:00Z,19.3
2026-09-03T05:02:00Z,19.3
2026-09-03T05:07:00Z,19.3
2026-09-03T05:12:00Z,19.3
2026-09-03T05:17:00Z,19.3
2026-09-03T05:22:00Z,19.3
2026-09-03T05:27:00Z,19.3
2026-09-03T05:32:00Z,19.4
2026-09-03T05:37:00Z,19.3
2026-09-03T05:42:00Z,19.4
2026-09-03T05:47:00Z,19.4
2026-09-03T05:52:00Z,19.4
2026-09-03T05:57:00Z,19.4
2026-09-03T06:02:00Z,19.4
2026-09-03T06:07:00Z,19.4
2026-09-03T06:12:00Z,19.5
2026-09-03T06:17:00Z,19.5
2026-09-03T06:22:00Z,19.5
2026-09-03T06:27:00Z,19.6
2026-09-03T06:32:00Z,19.6
2026-09-03T06:37:00Z,19.7
2026-09-03T06:42:00Z,19.7
2026-09-03T06:47:00Z,19.8
2026-09-03T06:52:00Z,19.8
2026-09-03T06:58:00Z,19.8
2026-09-03T07:02:00Z,19.9
2026-09-03T07:07:00Z,19.9
2026-09-03T07:12:00Z,19.9
2026-09-03T07:17:00Z,19.9
2026-09-03T07:23:00Z,20.0
2026-09-03T07:27:00Z,20.1
2026-09-03T07:37:00Z,20.2
2026-09-03T07:42:00Z,20.2
2026-09-03T07:48:00Z,20.3
2026-09-03T07:52:00Z,20.3
2026-09-03T07:58:00Z,20.4
2026-09-03T08:02:00Z,20.4
2026-09-03T08:08:00Z,20.5
2026-09-03T08:13:00Z,20.6
2026-09-03T08:17:00Z,20.7
2026-09-03T08:23:00Z,20.8
2026-09-03T08:28:00Z,20.9
2026-09-03T08:33:00Z,21.0
2026-09-03T08:38:00Z,21.1
2026-09-03T08:43:00Z,21.1
2026-09-03T08:48:00Z,21.2
2026-09-03T08:53:00Z,21.4
2026-09-03T08:58:00Z,21.4
2026-09-03T09:03:00Z,21.4
2026-09-03T09:08:00Z,21.3
2026-09-03T09:13:00Z,21.4
2026-09-03T09:18:00Z,21.5
2026-09-03T09:23:00Z,21.6
2026-09-03T09:28:00Z,21.6
2026-09-03T09:33:00Z,21.7
2026-09-03T09:38:00Z,21.8
2026-09-03T09:43:00Z,22.1
2026-09-03T09:48:00Z,22.4
2026-09-03T09:53:00Z,22.3
2026-09-03T09:58:00Z,22.3
2026-09-03T10:03:00Z,22.5
2026-09-03T10:08:00Z,22.5
2026-09-03T10:13:00Z,23.0
2026-09-03T10:18:00Z,23.0
2026-09-03T10:23:00Z,23.0
2026-09-03T10:28:00Z,23.1
2026-09-03T10:33:00Z,23.3
2026-09-03T10:38:00Z,23.7
2026-09-03T10:43:00Z,23.5
2026-09-03T10:48:00Z,23.5
2026-09-03T10:53:00Z,23.5
2026-09-03T10:58:00Z,23.6
2026-09-03T11:03:00Z,23.9
2026-09-03T11:08:00Z,24.1
2026-09-03T11:13:00Z,24.3
2026-09-03T11:18:00Z,24.5
2026-09-03T11:23:00Z,24.5
2026-09-03T11:28:00Z,24.4
2026-09-03T11:33:00Z,24.2
2026-09-03T11:38:00Z,24.0
2026-09-03T11:43:00Z,24.1
2026-09-03T11:48:00Z,24.1
2026-09-03T11:53:00Z,24.0
2026-09-03T11:58:00Z,24.1
2026-09-03T12:03:00Z,24.1
2026-09-03T12:08:00Z,24.3
2026-09-03T12:13:00Z,24.4
2026-09-03T12:18:00Z,24.5
2026-09-03T12:23:00Z,24.6
2026-09-03T12:28:00Z,25.1
2026-09-03T12:33:00Z,25.1
2026-09-03T12:38:00Z,25.6
2026-09-03T12:43:00Z,26.2
2026-09-03T12:48:00Z,26.2
2026-09-03T12:53:00Z,26.7
2026-09-03T12:58:00Z,26.4
2026-09-03T13:03:00Z,26.3
2026-09-03T13:08:00Z,26.4
2026-09-03T13:13:00Z,27.0
2026-09-03T13:18:00Z,27.0
2026-09-03T13:23:00Z,26.3
2026-09-03T13:28:00Z,25.7
2026-09-03T13:33:00Z,25.4
2026-09-03T13:38:00Z,25.7
2026-09-03T13:43:00Z,26.1
2026-09-03T13:48:00Z,26.1
2026-09-03T13:53:00Z,26.2
2026-09-03T13:58:00Z,26.3
2026-09-03T14:03:00Z,26.4
2026-09-03T14:08:00Z,26.1
2026-09-03T14:13:00Z,26.2
2026-09-03T14:18:00Z,26.3
2026-09-03T14:23:00Z,26.2
2026-09-03T14:28:00Z,26.4
2026-09-03T14:33:00Z,26.2
2026-09-03T14:38:00Z,26.3
2026-09-03T14:43:00Z,26.3
2026-09-03T14:48:00Z,26.1
2026-09-03T14:53:00Z,26.0
2026-09-03T14:58:00Z,26.3
2026-09-03T15:03:00Z,26.1
2026-09-03T15:08:00Z,26.1
2026-09-03T15:13:00Z,26.1
2026-09-03T15:18:00Z,25.9
2026-09-03T15:23:00Z,25.8
2026-09-03T15:28:00Z,26.0
2026-09-03T15:33:00Z,26.0
2026-09-03T15:38:00Z,25.5
2026-09-03T15:43:00Z,25.3
2026-09-03T15:48:00Z,25.4
2026-09-03T15:53:00Z,25.4
2026-09-03T15:58:00Z,25.4
2026-09-03T16:03:00Z,25.2
2026-09-03T16:08:00Z,25.0
2026-09-03T16:13:00Z,25.0
2026-09-03T16:18:00Z,25.1
2026-09-03T16:23:00Z,25.1
2026-09-03T16:28:00Z,25.1
2026-09-03T16:33:00Z,24.7
2026-09-03T16:38:00Z,24.7
2026-09-03T16:43:00Z,24.6
2026-09-03T16:48:00Z,24.6
2026-09-03T16:53:00Z,24.6
2026-09-03T16:58:00Z,24.5
2026-09-03T17:03:00Z,24.4
2026-09-03T17:08:00Z,24.4
2026-09-03T17:13:00Z,24.4
2026-09-03T17:18:00Z,24.3
2026-09-03T17:23:00Z,24.3
2026-09-03T17:28:00Z,24.2
2026-09-03T17:33:00Z,24.0
2026-09-03T17:38:00Z,24.0
2026-09-03T17:43:00Z,24.0
2026-09-03T17:48:00Z,24.0
2026-09-03T17:53:00Z,24.0
2026-09-03T17:58:00Z,23.9
2026-09-03T18:03:00Z,23.9
2026-09-03T18:08:00Z,23.9
2026-09-03T18:13:00Z,23.8
2026-09-03T18:18:00Z,23.7
2026-09-03T18:28:00Z,23.6
2026-09-03T18:33:00Z,23.6
2026-09-03T18:38:00Z,23.6
2026-09-03T18:43:00Z,23.6
2026-09-03T18:48:00Z,23.5
2026-09-03T18:53:00Z,23.5
2026-09-03T18:58:00Z,23.4
2026-09-03T19:03:00Z,23.4
2026-09-03T19:08:00Z,23.3
2026-09-03T19:13:00Z,23.2
2026-09-03T19:18:00Z,23.2
2026-09-03T19:23:00Z,23.0
2026-09-03T19:28:00Z,22.9
2026-09-03T19:33:00Z,22.7
2026-09-03T19:38:00Z,22.5
2026-09-03T19:43:00Z,22.5
2026-09-03T19:48:00Z,22.3
2026-09-03T19:53:00Z,22.2
2026-09-03T19:59:00Z,22.0
2026-09-03T20:03:00Z,21.9
2026-09-03T20:08:00Z,21.8
2026-09-03T20:13:00Z,21.7
2026-09-03T20:18:00Z,21.6
2026-09-03T20:24:00Z,21.5
2026-09-03T20:28:00Z,21.5
2026-09-03T20:34:00Z,21.5
2026-09-03T20:38:00Z,21.5
2026-09-03T20:43:00Z,21.5
2026-09-03T20:48:00Z,21.5
2026-09-03T20:54:00Z,21.5
2026-09-03T20:58:00Z,21.6
2026-09-03T21:04:00Z,21.5
2026-09-03T21:09:00Z,21.5
2026-09-03T21:13:00Z,21.5
2026-09-03T21:19:00Z,21.5
2026-09-03T21:23:00Z,21.5
2026-09-03T21:29:00Z,21.5
2026-09-03T21:34:00Z,21.5
2026-09-03T21:39:00Z,21.4
2026-09-03T21:44:00Z,21.4
2026-09-03T21:48:00Z,21.3
2026-09-03T21:54:00Z,21.3
2026-09-03T21:59:00Z,21.3
2026-09-03T22:04:00Z,21.3
2026-09-03T22:09:00Z,21.3
2026-09-03T22:14:00Z,21.2
2026-09-03T22:19:00Z,21.2
2026-09-03T22:24:00Z,21.1
2026-09-03T22:29:00Z,21.1
2026-09-03T22:34:00Z,21.0
2026-09-03T22:39:00Z,20.9
2026-09-03T22:44:00Z,20.8
2026-09-03T22:49:00Z,20.8
2026-09-03T22:54:00Z,20.7
2026-09-03T22:59:00Z,20.7
2026-09-03T23:04:00Z,20.7
2026-09-03T23:09:00Z,20.6
2026-09-03T23:14:00Z,20.5
2026-09-03T23:19:00Z,20.5
2026-09-03T23:24:00Z,20.5
2026-09-03T23:29:00Z,20.4
2026-09-03T23:34:00Z,20.4
2026-09-03T23:39:00Z,20.4
2026-09-03T23:44:00Z,20.4
2026-09-03T23:49:00Z,20.4
2026-09-03T23:54:00Z,20.4
2026-09-03T23:59:00Z,20.4
2026-09-04T00:04:00Z,20.4
2026-09-04T00:09:00Z,20.4
2026-09-04T00:14:00Z,20.4
2026-09-04T00:19:00Z,20.4
2026-09-04T00:24:00Z,20.4
2026-09-04T00:29:00Z,20.4
2026-09-04T00:34:00Z,20.4
2026-09-04T00:39:00Z,20.5
2026-09-04T00:44:00Z,20.5
2026-09-04T00:49:00Z,20.5
2026-09-04T00:54:00Z,20.5
2026-09-04T00:59:00Z,20.5
2026-09-04T01:04:00Z,20.6
2026-09-04T01:09:00Z,20.6
2026-09-04T01:14:00Z,20.6
2026-09-04T01:19:00Z,20.7
2026-09-04T01:24:00Z,20.7
2026-09-04T01:29:00Z,20.8
2026-09-04T01:34:00Z,20.8
2026-09-04T01:39:00Z,20.8
2026-09-04T01:44:00Z,20.8
2026-09-04T01:49:00Z,20.8
2026-09-04T01:54:00Z,20.8
2026-09-04T01:59:00Z,20.8
2026-09-04T02:04:00Z,20.8
2026-09-04T02:09:00Z,20.8
2026-09-04T02:14:00Z,20.8
2026-09-04T02:19:00Z,20.8
2026-09-04T02:24:00Z,20.8
2026-09-04T02:29:00Z,20.8
2026-09-04T02:34:00Z,20.8
2026-09-04T02:39:00Z,20.8
2026-09-04T02:44:00Z,20.8
2026-09-04T02:49:00Z,20.8
2026-09-04T02:54:00Z,20.8
2026-09-04T02:59:00Z,20.8
2026-09-04T03:04:00Z,20.8
2026-09-04T03:09:00Z,20.8
2026-09-04T03:14:00Z,20.9
2026-09-04T03:19:00Z,20.9
2026-09-04T03:24:00Z,20.8
2026-09-04T03:29:00Z,20.8
2026-09-04T03:34:00Z,20.8
2026-09-04T03:39:00Z,20.8
2026-09-04T03:44:00Z,20.8
2026-09-04T03:49:00Z,20.9
2026-09-04T03:54:00Z,20.9
2026-09-04T03:59:00Z,20.9
2026-09-04T04:04:00Z,20.9
2026-09-04T04:09:00Z,20.9
2026-09-04T04:14:00Z,20.9
2026-09-04T04:19:00Z,20.9
2026-09-04T04:24:00Z,20.9
2026-09-04T04:29:00Z,20.9
2026-09-04T04:34:00Z,21.0
2026-09-04T04:39:00Z,21.0
2026-09-04T04:44:00Z,21.0
2026-09-04T04:49:00Z,21.0
2026-09-04T04:54:00Z,21.1
2026-09-04T04:59:00Z,21.0
2026-09-04T05:04:00Z,21.0
2026-09-04T05:09:00Z,21.0
2026-09-04T05:14:00Z,21.0
2026-09-04T05:19:00Z,20.9
2026-09-04T05:24:00Z,20.9
2026-09-04T05:29:00Z,20.9
2026-09-04T05:34:00Z,20.8
2026-09-04T05:39:00Z,20.8
2026-09-04T05:44:00Z,20.8
2026-09-04T05:49:00Z,20.8
2026-09-04T05:54:00Z,20.8
2026-09-04T05:59:00Z,20.8
2026-09-04T06:04:00Z,20.8
2026-09-04T06:09:00Z,20.8
2026-09-04T06:14:00Z,20.8
2026-09-04T06:19:00Z,20.8
2026-09-04T06:24:00Z,20.9
2026-09-04T06:29:00Z,20.9
2026-09-04T06:34:00Z,20.9
2026-09-04T06:39:00Z,21.0
2026-09-04T06:44:00Z,21.0
2026-09-04T06:49:00Z,21.0
2026-09-04T06:54:00Z,21.1
2026-09-04T06:59:00Z,21.1
2026-09-04T07:04:00Z,21.2
2026-09-04T07:09:00Z,21.3
2026-09-04T07:14:00Z,21.4
2026-09-04T07:19:00Z,21.5
2026-09-04T07:24:00Z,21.5
2026-09-04T07:29:00Z,21.5
2026-09-04T07:34:00Z,21.5
2026-09-04T07:39:00Z,21.5
2026-09-04T07:44:00Z,21.5
2026-09-04T07:49:00Z,21.5
2026-09-04T07:54:00Z,21.3
2026-09-04T07:59:00Z,21.1
2026-09-04T08:04:00Z,21.0
2026-09-04T08:09:00Z,21.0
2026-09-04T08:14:00Z,19.7
2026-09-04T08:19:00Z,18.6
2026-09-04T08:24:00Z,18.4
2026-09-04T08:29:00Z,18.2
2026-09-04T08:34:00Z,18.2
2026-09-04T08:39:00Z,18.2
2026-09-04T08:44:00Z,18.0
2026-09-04T08:49:00Z,18.1
2026-09-04T08:54:00Z,18.2
2026-09-04T08:59:00Z,18.3
2026-09-04T09:04:00Z,18.3
2026-09-04T09:09:00Z,18.4
2026-09-04T09:14:00Z,18.5
2026-09-04T09:20:00Z,18.7
2026-09-04T09:24:00Z,18.9
2026-09-04T09:29:00Z,19.0
2026-09-04T09:34:00Z,19.1
2026-09-04T09:39:00Z,19.3
2026-09-04T09:45:00Z,19.4
2026-09-04T09:49:00Z,19.7
2026-09-04T09:55:00Z,19.9
2026-09-04T09:59:00Z,20.1
2026-09-04T10:04:00Z,20.2
2026-09-04T10:10:00Z,20.0
2026-09-04T10:14:00Z,20.2
2026-09-04T10:20:00Z,20.1
2026-09-04T10:24:00Z,20.2
2026-09-04T10:30:00Z,20.4
2026-09-04T10:35:00Z,20.4
2026-09-04T10:39:00Z,20.5
2026-09-04T10:44:00Z,20.4
2026-09-04T10:50:00Z,20.5
2026-09-04T10:55:00Z,20.6
2026-09-04T11:00:00Z,20.6
2026-09-04T11:05:00Z,20.7
2026-09-04T11:10:00Z,20.6
2026-09-04T11:15:00Z,20.6
2026-09-04T11:20:00Z,20.6
2026-09-04T11:25:00Z,20.6
2026-09-04T11:30:00Z,20.5
2026-09-04T11:35:00Z,20.4
2026-09-04T11:40:00Z,20.4
2026-09-04T11:45:00Z,20.5
2026-09-04T11:50:00Z,20.5
2026-09-04T11:55:00Z,20.5
2026-09-04T12:00:00Z,20.4
2026-09-04T12:05:00Z,20.5
2026-09-04T12:10:00Z,20.4
2026-09-04T12:15:00Z,20.3
2026-09-04T12:20:00Z,20.3
2026-09-04T12:25:00Z,20.3
2026-09-04T12:30:00Z,20.3
2026-09-04T12:35:00Z,20.4
2026-09-04T12:40:00Z,20.6
2026-09-04T12:45:00Z,20.5
2026-09-04T12:50:00Z,20.6
2026-09-04T12:55:00Z,20.7
2026-09-04T13:00:00Z,20.6
2026-09-04T13:05:00Z,20.8
2026-09-04T13:10:00Z,20.8
2026-09-04T13:15:00Z,20.8
2026-09-04T13:20:00Z,20.6
2026-09-04T13:25:00Z,20.7
2026-09-04T13:30:00Z,20.6
2026-09-04T13:35:00Z,20.5
2026-09-04T13:40:00Z,20.5
2026-09-04T13:45:00Z,20.3
2026-09-04T13:50:00Z,20.2
2026-09-04T13:55:00Z,20.2
2026-09-04T14:00:00Z,20.2
2026-09-04T14:05:00Z,20.1
2026-09-04T14:10:00Z,20.1
2026-09-04T14:15:00Z,20.1
2026-09-04T14:20:00Z,20.3
2026-09-04T14:25:00Z,20.3
2026-09-04T14:30:00Z,20.3
2026-09-04T14:35:00Z,20.3
2026-09-04T14:40:00Z,20.2
2026-09-04T14:45:00Z,20.3
2026-09-04T14:50:00Z,20.4
2026-09-04T14:55:00Z,20.4
2026-09-04T15:00:00Z,20.6
2026-09-04T15:05:00Z,20.5
2026-09-04T15:10:00Z,20.5
2026-09-04T15:15:00Z,20.5
2026-09-04T15:20:00Z,20.7
2026-09-04T15:25:00Z,20.7
2026-09-04T15:30:00Z,20.7
2026-09-04T15:35:00Z,20.6
2026-09-04T15:40:00Z,20.5
2026-09-04T15:45:00Z,20.4
2026-09-04T15:50:00Z,20.4
2026-09-04T15:55:00Z,20.2
2026-09-04T16:00:00Z,20.2
2026-09-04T16:05:00Z,20.2
2026-09-04T16:10:00Z,20.2
2026-09-04T16:15:00Z,20.2
2026-09-04T16:20:00Z,20.1
2026-09-04T16:25:00Z,20.1
2026-09-04T16:30:00Z,20.0
2026-09-04T16:35:00Z,20.0
2026-09-04T16:40:00Z,19.9
2026-09-04T16:45:00Z,19.8
2026-09-04T16:50:00Z,19.8
2026-09-04T16:55:00Z,19.8
2026-09-04T17:00:00Z,19.7
2026-09-04T17:05:00Z,19.7
2026-09-04T17:10:00Z,19.7
2026-09-04T17:15:00Z,19.6
2026-09-04T17:20:00Z,19.6
2026-09-04T17:25:00Z,19.5
2026-09-04T17:30:00Z,19.5
2026-09-04T17:35:00Z,19.5
2026-09-04T17:40:00Z,19.4
2026-09-04T17:45:00Z,19.4
2026-09-04T17:50:00Z,19.4
2026-09-04T17:55:00Z,19.4
2026-09-04T18:00:00Z,19.4
2026-09-04T18:05:00Z,19.3
2026-09-04T18:10:00Z,19.3
2026-09-04T18:15:00Z,19.2
2026-09-04T18:20:00Z,19.2
2026-09-04T18:25:00Z,19.2
2026-09-04T18:30:00Z,19.1
2026-09-04T18:35:00Z,19.1
2026-09-04T18:40:00Z,19.1
2026-09-04T18:45:00Z,19.0
2026-09-04T18:50:00Z,18.9
2026-09-04T18:55:00Z,18.8
2026-09-04T19:00:00Z,18.8
2026-09-04T19:05:00Z,18.7
2026-09-04T19:10:00Z,18.6
2026-09-04T19:15:00Z,18.6
2026-09-04T19:20:00Z,18.5
2026-09-04T19:25:00Z,18.5
2026-09-04T19:30:00Z,18.4
2026-09-04T19:35:00Z,18.4
2026-09-04T19:40:00Z,18.3
2026-09-04T19:45:00Z,18.3
2026-09-04T19:50:00Z,18.3
2026-09-04T19:55:00Z,18.2
2026-09-04T20:00:00Z,18.2
2026-09-04T20:05:00Z,18.1
2026-09-04T20:10:00Z,18.1
2026-09-04T20:15:00Z,18.0
2026-09-04T20:20:00Z,18.0
2026-09-04T20:25:00Z,17.9
2026-09-04T20:30:00Z,17.9
2026-09-04T20:35:00Z,17.8
2026-09-04T20:40:00Z,17.8
2026-09-04T20:45:00Z,17.7
2026-09-04T20:50:00Z,17.7
2026-09-04T20:55:00Z,17.6
2026-09-04T21:00:00Z,17.6
2026-09-04T21:05:00Z,17.5
2026-09-04T21:10:00Z,17.5
2026-09-04T21:15:00Z,17.4
2026-09-04T21:20:00Z,17.4
2026-09-04T21:25:00Z,17.3
2026-09-04T21:30:00Z,17.3
2026-09-04T21:35:00Z,17.2
2026-09-04T21:40:00Z,17.2
2026-09-04T21:45:00Z,17.2
2026-09-04T21:50:00Z,17.1
2026-09-04T21:56:00Z,17.0
2026-09-04T22:00:00Z,17.0
2026-09-04T22:05:00Z,17.0
2026-09-04T22:10:00Z,16.9
2026-09-04T22:15:00Z,16.9
2026-09-04T22:21:00Z,16.8
2026-09-04T22:25:00Z,16.8
2026-09-04T22:31:00Z,16.8
2026-09-04T22:35:00Z,16.7
2026-09-04T22:40:00Z,16.6
2026-09-04T22:46:00Z,16.5
2026-09-04T22:50:00Z,16.4
2026-09-04T22:56:00Z,16.3
2026-09-04T23:00:00Z,16.2
2026-09-04T23:06:00Z,16.2
2026-09-04T23:11:00Z,16.1
2026-09-04T23:15:00Z,16.1
2026-09-04T23:21:00Z,16.0
2026-09-04T23:26:00Z,16.0
2026-09-04T23:31:00Z,16.0
2026-09-04T23:36:00Z,16.0
2026-09-04T23:41:00Z,16.0
2026-09-04T23:46:00Z,16.0
2026-09-04T23:51:00Z,15.9
2026-09-04T23:56:00Z,15.9
2026-09-05T00:01:00Z,15.9
2026-09-05T00:06:00Z,15.9
2026-09-05T00:11:00Z,15.8
2026-09-05T00:16:00Z,15.8
2026-09-05T00:21:00Z,15.8
2026-09-05T00:26:00Z,15.8
2026-09-05T00:31:00Z,15.7
2026-09-05T00:36:00Z,15.7
2026-09-05T00:41:00Z,15.7
2026-09-05T00:46:00Z,15.6
2026-09-05T00:51:00Z,15.6
2026-09-05T00:56:00Z,15.5
2026-09-05T01:01:00Z,15.5
2026-09-05T01:06:00Z,15.4
2026-09-05T01:11:00Z,15.3
2026-09-05T01:16:00Z,15.2
2026-09-05T01:21:00Z,15.2
2026-09-05T01:26:00Z,15.2
2026-09-05T01:31:00Z,15.2
2026-09-05T01:36:00Z,15.1
2026-09-05T01:41:00Z,15.1
2026-09-05T01:46:00Z,15.1
2026-09-05T01:51:00Z,15.1
2026-09-05T01:56:00Z,15.1
2026-09-05T02:01:00Z,15.1
2026-09-05T02:06:00Z,15.1
2026-09-05T02:11:00Z,15.0
2026-09-05T02:16:00Z,15.0
2026-09-05T02:21:00Z,14.9
2026-09-05T02:26:00Z,14.9
2026-09-05T02:31:00Z,14.9
2026-09-05T02:36:00Z,14.8
2026-09-05T02:41:00Z,14.7
2026-09-05T02:46:00Z,14.7
2026-09-05T02:51:00Z,14.6
2026-09-05T02:56:00Z,14.6
2026-09-05T03:01:00Z,14.5
2026-09-05T03:06:00Z,14.5
2026-09-05T03:11:00Z,14.4
2026-09-05T03:16:00Z,14.4
2026-09-05T03:21:00Z,14.4
2026-09-05T03:26:00Z,14.3
2026-09-05T03:31:00Z,14.3
2026-09-05T03:36:00Z,14.3
2026-09-05T03:41:00Z,14.3
2026-09-05T03:46:00Z,14.3
2026-09-05T03:51:00Z,14.3
2026-09-05T03:56:00Z,14.3
2026-09-05T04:01:00Z,14.2
2026-09-05T04:06:00Z,14.3
2026-09-05T04:11:00Z,14.3
2026-09-05T04:16:00Z,14.2
2026-09-05T04:21:00Z,14.2
2026-09-05T04:26:00Z,14.2
2026-09-05T04:31:00Z,14.2
2026-09-05T04:36:00Z,14.2
2026-09-05T04:41:00Z,14.2
2026-09-05T04:46:00Z,14.1
2026-09-05T04:51:00Z,14.1
2026-09-05T04:56:00Z,14.0
2026-09-05T05:01:00Z,14.0
2026-09-05T05:06:00Z,14.0
2026-09-05T05:11:00Z,13.9
2026-09-05T05:16:00Z,13.9
2026-09-05T05:21:00Z,13.9
2026-09-05T05:26:00Z,13.8
2026-09-05T05:31:00Z,13.8
2026-09-05T05:36:00Z,13.7
2026-09-05T05:41:00Z,13.8
2026-09-05T05:46:00Z,13.7
2026-09-05T05:51:00Z,13.7
2026-09-05T05:56:00Z,13.7
2026-09-05T06:01:00Z,13.7
2026-09-05T06:06:00Z,13.6
2026-09-05T06:11:00Z,13.7
2026-09-05T06:16:00Z,13.7
2026-09-05T06:21:00Z,13.6
2026-09-05T06:26:00Z,13.6
2026-09-05T06:31:00Z,13.7
2026-09-05T06:36:00Z,13.8
2026-09-05T06:41:00Z,13.8
2026-09-05T06:46:00Z,13.9
2026-09-05T06:51:00Z,13.9
2026-09-05T06:56:00Z,13.9
2026-09-05T07:01:00Z,14.0
2026-09-05T07:06:00Z,14.1
2026-09-05T07:11:00Z,14.1
2026-09-05T07:16:00Z,14.2
2026-09-05T07:21:00Z,14.3
2026-09-05T07:26:00Z,14.5
2026-09-05T07:31:00Z,14.6
2026-09-05T07:36:00Z,14.7
2026-09-05T07:41:00Z,14.8
2026-09-05T07:46:00Z,15.0
2026-09-05T07:51:00Z,15.1
2026-09-05T07:56:00Z,15.2
2026-09-05T08:01:00Z,15.4
2026-09-05T08:06:00Z,15.5
2026-09-05T08:11:00Z,15.6
2026-09-05T08:16:00Z,15.8
2026-09-05T08:21:00Z,15.9
2026-09-05T08:26:00Z,16.1
2026-09-05T08:31:00Z,16.1
2026-09-05T08:36:00Z,16.4
2026-09-05T08:41:00Z,16.5
2026-09-05T08:46:00Z,16.6
2026-09-05T08:51:00Z,16.8
2026-09-05T08:56:00Z,17.1
2026-09-05T09:01:00Z,17.2
2026-09-05T09:06:00Z,17.2
2026-09-05T09:11:00Z,17.4
2026-09-05T09:16:00Z,17.5
2026-09-05T09:21:00Z,17.9
2026-09-05T09:26:00Z,18.4
2026-09-05T09:31:00Z,19.1
2026-09-05T09:36:00Z,19.5
2026-09-05T09:41:00Z,19.8
2026-09-05T09:46:00Z,20.0
2026-09-05T09:51:00Z,20.2
2026-09-05T09:56:00Z,20.7
2026-09-05T10:01:00Z,20.6
2026-09-05T10:06:00Z,21.0
2026-09-05T10:11:00Z,21.2
2026-09-05T10:16:00Z,20.5
2026-09-05T10:21:00Z,20.8
2026-09-05T10:26:00Z,21.4
2026-09-05T10:32:00Z,20.4
2026-09-05T10:36:00Z,21.3
2026-09-05T10:41:00Z,21.5
2026-09-05T10:47:00Z,21.4
2026-09-05T10:51:00Z,22.3
2026-09-05T10:57:00Z,22.2
2026-09-05T11:01:00Z,21.2
2026-09-05T11:07:00Z,20.8
2026-09-05T11:12:00Z,22.1
2026-09-05T11:16:00Z,22.4
2026-09-05T11:22:00Z,22.6
2026-09-05T11:26:00Z,23.1
2026-09-05T11:32:00Z,23.4
2026-09-05T11:37:00Z,23.6
2026-09-05T11:42:00Z,23.7
2026-09-05T11:47:00Z,23.5
2026-09-05T11:51:00Z,24.1
2026-09-05T11:57:00Z,24.8
2026-09-05T12:02:00Z,25.4
2026-09-05T12:07:00Z,24.9
2026-09-05T12:12:00Z,25.0
2026-09-05T12:16:00Z,25.2
2026-09-05T12:22:00Z,24.4
2026-09-05T12:27:00Z,24.0
2026-09-05T12:32:00Z,23.9
2026-09-05T12:37:00Z,23.9
2026-09-05T12:42:00Z,23.7
2026-09-05T12:47:00Z,24.6
2026-09-05T12:52:00Z,24.2
2026-09-05T12:57:00Z,25.7
2026-09-05T13:02:00Z,25.6
2026-09-05T13:07:00Z,24.4
2026-09-05T13:12:00Z,24.0
2026-09-05T13:17:00Z,23.5
2026-09-05T13:22:00Z,23.9
2026-09-05T13:27:00Z,22.8
2026-09-05T13:32:00Z,23.1
2026-09-05T13:37:00Z,23.3
2026-09-05T13:42:00Z,22.8
2026-09-05T13:47:00Z,22.9
2026-09-05T13:52:00Z,23.3
2026-09-05T13:57:00Z,23.2
2026-09-05T14:02:00Z,23.1
2026-09-05T14:07:00Z,23.2
2026-09-05T14:12:00Z,23.4
2026-09-05T14:17:00Z,23.0
2026-09-05T14:22:00Z,23.0
2026-09-05T14:27:00Z,22.8
2026-09-05T14:32:00Z,22.6
2026-09-05T14:37:00Z,22.8
2026-09-05T14:42:00Z,23.0
2026-09-05T14:47:00Z,22.9
2026-09-05T14:52:00Z,22.9
2026-09-05T14:57:00Z,22.6
2026-09-05T15:02:00Z,22.7
2026-09-05T15:07:00Z,22.8
2026-09-05T15:12:00Z,22.6
2026-09-05T15:17:00Z,22.6
2026-09-05T15:22:00Z,22.8
2026-09-05T15:27:00Z,22.8
2026-09-05T15:32:00Z,22.9
2026-09-05T15:37:00Z,22.9
2026-09-05T15:42:00Z,22.6
2026-09-05T15:47:00Z,22.8
2026-09-05T15:52:00Z,22.8
2026-09-05T15:57:00Z,22.9
2026-09-05T16:02:00Z,22.7
2026-09-05T16:07:00Z,22.8
2026-09-05T16:12:00Z,22.7
2026-09-05T16:17:00Z,22.9
2026-09-05T16:22:00Z,23.0
2026-09-05T16:27:00Z,23.2
2026-09-05T16:32:00Z,23.3
2026-09-05T16:37:00Z,23.3
2026-09-05T16:42:00Z,23.6
2026-09-05T16:47:00Z,23.6
2026-09-05T16:52:00Z,23.7
2026-09-05T16:57:00Z,23.7
2026-09-05T17:02:00Z,23.8
2026-09-05T17:07:00Z,23.7
2026-09-05T17:12:00Z,24.0
2026-09-05T17:17:00Z,24.1
2026-09-05T17:22:00Z,23.5
2026-09-05T17:27:00Z,23.6
2026-09-05T17:32:00Z,23.6
2026-09-05T17:37:00Z,23.6
2026-09-05T17:42:00Z,23.3
2026-09-05T17:47:00Z,23.1
2026-09-05T17:52:00Z,23.0
2026-09-05T17:57:00Z,23.0
2026-09-05T18:02:00Z,22.9
2026-09-05T18:07:00Z,22.9
2026-09-05T18:12:00Z,22.8
2026-09-05T18:17:00Z,22.6
2026-09-05T18:22:00Z,22.5
2026-09-05T18:27:00Z,22.3
2026-09-05T18:32:00Z,22.2
2026-09-05T18:37:00Z,22.2
2026-09-05T18:42:00Z,22.2
2026-09-05T18:47:00Z,22.1
2026-09-05T18:52:00Z,22.0
2026-09-05T18:57:00Z,22.0
2026-09-05T19:02:00Z,21.9
2026-09-05T19:07:00Z,21.7
2026-09-05T19:12:00Z,21.7
2026-09-05T19:17:00Z,21.6
2026-09-05T19:22:00Z,21.5
2026-09-05T19:27:00Z,21.4
2026-09-05T19:32:00Z,21.1
2026-09-05T19:37:00Z,20.7
2026-09-05T19:42:00Z,20.4
2026-09-05T19:47:00Z,20.0
2026-09-05T19:52:00Z,19.8
2026-09-05T19:57:00Z,19.6
2026-09-05T20:02:00Z,19.5
2026-09-05T20:07:00Z,19.4
2026-09-05T20:12:00Z,19.4
2026-09-05T20:17:00Z,19.3
2026-09-05T20:22:00Z,19.2
2026-09-05T20:27:00Z,19.1
2026-09-05T20:32:00Z,19.1
2026-09-05T20:37:00Z,19.1
2026-09-05T20:42:00Z,19.0
2026-09-05T20:47:00Z,19.0
2026-09-05T20:52:00Z,18.9
2026-09-05T20:57:00Z,18.7
2026-09-05T21:02:00Z,18.5
2026-09-05T21:07:00Z,18.6
2026-09-05T21:12:00Z,18.7
2026-09-05T21:17:00Z,18.7
2026-09-05T21:22:00Z,18.7
2026-09-05T21:27:00Z,18.7
2026-09-05T21:32:00Z,18.7
2026-09-05T21:37:00Z,18.7
2026-09-05T21:42:00Z,18.7
2026-09-05T21:47:00Z,18.7
2026-09-05T21:52:00Z,18.7
2026-09-05T21:57:00Z,18.6
2026-09-05T22:02:00Z,18.6
2026-09-05T22:07:00Z,18.6
2026-09-05T22:12:00Z,18.5
2026-09-05T22:17:00Z,18.4
2026-09-05T22:22:00Z,18.3
2026-09-05T22:27:00Z,18.3
2026-09-05T22:32:00Z,18.3
2026-09-05T22:37:00Z,18.3
2026-09-05T22:42:00Z,18.2
2026-09-05T22:47:00Z,18.2
2026-09-05T22:52:00Z,18.2
2026-09-05T22:57:00Z,18.1
2026-09-05T23:02:00Z,18.0
2026-09-05T23:07:00Z,18.0
2026-09-05T23:12:00Z,18.0
2026-09-05T23:17:00Z,18.0
2026-09-05T23:22:00Z,18.0
2026-09-05T23:27:00Z,18.0
2026-09-05T23:32:00Z,18.1
2026-09-05T23:37:00Z,18.1
2026-09-05T23:42:00Z,18.0
2026-09-05T23:47:00Z,18.0
2026-09-05T23:52:00Z,18.0
2026-09-05T23:57:00Z,18.1
2026-09-06T00:02:00Z,18.1
2026-09-06T00:07:00Z,17.9
2026-09-06T00:12:00Z,17.9
2026-09-06T00:17:00Z,17.8
2026-09-06T00:22:00Z,17.8
2026-09-06T00:27:00Z,17.8
2026-09-06T00:32:00Z,17.7
2026-09-06T00:37:00Z,17.7
2026-09-06T00:42:00Z,17.6
2026-09-06T00:47:00Z,17.5
2026-09-06T00:52:00Z,17.4
2026-09-06T00:57:00Z,17.5
2026-09-06T01:02:00Z,17.5
2026-09-06T01:07:00Z,17.5
2026-09-06T01:12:00Z,17.4
2026-09-06T01:17:00Z,17.4
2026-09-06T01:22:00Z,17.3
2026-09-06T01:27:00Z,17.1
2026-09-06T01:32:00Z,16.9
2026-09-06T01:37:00Z,16.8
2026-09-06T01:43:00Z,16.7
2026-09-06T01:47:00Z,16.6
2026-09-06T01:52:00Z,16.6
2026-09-06T01:57:00Z,16.6
2026-09-06T02:02:00Z,16.5
2026-09-06T02:08:00Z,16.4
2026-09-06T02:12:00Z,16.4
2026-09-06T02:18:00Z,16.2
2026-09-06T02:22:00Z,16.1
2026-09-06T02:27:00Z,16.2
2026-09-06T02:33:00Z,16.2
2026-09-06T02:37:00Z,16.2
2026-09-06T02:43:00Z,16.2
2026-09-06T02:48:00Z,16.1
2026-09-06T02:53:00Z,16.1
2026-09-06T02:58:00Z,16.1
2026-09-06T03:02:00Z,16.1
2026-09-06T03:08:00Z,16.0
2026-09-06T03:13:00Z,16.0
2026-09-06T03:18:00Z,16.0
2026-09-06T03:23:00Z,15.9
2026-09-06T03:28:00Z,15.9
2026-09-06T03:33:00Z,15.9
2026-09-06T03:38:00Z,16.0
2026-09-06T03:43:00Z,16.1
2026-09-06T03:48:00Z,16.1
2026-09-06T03:53:00Z,16.1
2026-09-06T03:58:00Z,16.2
2026-09-06T04:03:00Z,16.3
2026-09-06T04:08:00Z,16.3
2026-09-06T04:13:00Z,16.4
2026-09-06T04:18:00Z,16.4
2026-09-06T04:23:00Z,16.4
2026-09-06T04:28:00Z,16.3
2026-09-06T04:33:00Z,16.3
2026-09-06T04:38:00Z,16.2
2026-09-06T04:43:00Z,16.1
2026-09-06T04:48:00Z,16.1
2026-09-06T04:53:00Z,16.1
2026-09-06T04:58:00Z,16.1
2026-09-06T05:03:00Z,16.1
2026-09-06T05:08:00Z,16.2
2026-09-06T05:13:00Z,16.1
2026-09-06T05:18:00Z,15.9
2026-09-06T05:23:00Z,15.8
2026-09-06T05:28:00Z,15.8
2026-09-06T05:33:00Z,15.8
2026-09-06T05:38:00Z,15.8
2026-09-06T05:43:00Z,15.8
2026-09-06T05:48:00Z,15.8
2026-09-06T05:53:00Z,15.8
2026-09-06T05:58:00Z,15.8
2026-09-06T06:03:00Z,15.8
2026-09-06T06:08:00Z,15.8
2026-09-06T06:13:00Z,15.9
2026-09-06T06:18:00Z,16.1
2026-09-06T06:23:00Z,16.2
2026-09-06T06:28:00Z,16.2
2026-09-06T06:33:00Z,16.2
2026-09-06T06:38:00Z,16.2
2026-09-06T06:43:00Z,16.3
2026-09-06T06:48:00Z,16.3
2026-09-06T06:53:00Z,16.3
2026-09-06T06:58:00Z,16.3
2026-09-06T07:03:00Z,16.3
2026-09-06T07:08:00Z,16.4
2026-09-06T07:13:00Z,16.5
2026-09-06T07:18:00Z,16.6
2026-09-06T07:23:00Z,16.8
2026-09-06T07:28:00Z,16.9
2026-09-06T07:33:00Z,17.0
2026-09-06T07:38:00Z,17.1
2026-09-06T07:43:00Z,17.2
2026-09-06T07:48:00Z,17.4
2026-09-06T07:53:00Z,17.6
2026-09-06T07:58:00Z,17.7
2026-09-06T08:03:00Z,17.9
2026-09-06T08:08:00Z,18.0
2026-09-06T08:13:00Z,18.2
2026-09-06T08:18:00Z,18.4
2026-09-06T08:23:00Z,18.4
2026-09-06T08:28:00Z,18.5
2026-09-06T08:33:00Z,18.6
2026-09-06T08:38:00Z,18.9
2026-09-06T08:43:00Z,19.2
2026-09-06T08:48:00Z,19.3
2026-09-06T08:53:00Z,19.5
2026-09-06T08:58:00Z,19.9
2026-09-06T09:03:00Z,20.0
2026-09-06T09:08:00Z,20.4
2026-09-06T09:13:00Z,20.4
2026-09-06T09:18:00Z,20.7
2026-09-06T09:23:00Z,20.8
2026-09-06T09:28:00Z,21.4
2026-09-06T09:33:00Z,22.0
2026-09-06T09:38:00Z,22.9
2026-09-06T09:43:00Z,23.3
2026-09-06T09:48:00Z,23.1
2026-09-06T09:53:00Z,22.9
2026-09-06T09:58:00Z,22.9
2026-09-06T10:03:00Z,23.2
2026-09-06T10:08:00Z,23.4
2026-09-06T10:13:00Z,23.3
2026-09-06T10:18:00Z,23.8
2026-09-06T10:23:00Z,24.3
2026-09-06T10:28:00Z,24.2
2026-09-06T10:33:00Z,24.5
2026-09-06T10:38:00Z,25.1
2026-09-06T10:43:00Z,25.7
2026-09-06T10:48:00Z,25.9
2026-09-06T10:53:00Z,25.6
2026-09-06T10:58:00Z,25.4
2026-09-06T11:03:00Z,26.0
2026-09-06T11:08:00Z,25.5
2026-09-06T11:13:00Z,26.1
2026-09-06T11:18:00Z,25.6
2026-09-06T11:23:00Z,25.6
2026-09-06T11:28:00Z,26.0
2026-09-06T11:33:00Z,26.4
2026-09-06T11:38:00Z,26.5
2026-09-06T11:43:00Z,26.2
2026-09-06T11:48:00Z,26.3
2026-09-06T11:53:00Z,26.3
2026-09-06T11:58:00Z,26.1
2026-09-06T12:03:00Z,26.3
2026-09-06T12:08:00Z,25.9
2026-09-06T12:13:00Z,26.2
2026-09-06T12:18:00Z,26.1
2026-09-06T12:23:00Z,25.7
2026-09-06T12:28:00Z,25.9
2026-09-06T12:33:00Z,26.7
2026-09-06T12:38:00Z,26.6
2026-09-06T12:43:00Z,26.6
2026-09-06T12:48:00Z,26.6
2026-09-06T12:53:00Z,27.5
2026-09-06T12:58:00Z,27.1
2026-09-06T13:03:00Z,26.8
2026-09-06T13:08:00Z,27.2
2026-09-06T13:13:00Z,27.8
2026-09-06T13:18:00Z,27.3
2026-09-06T13:23:00Z,26.9
2026-09-06T13:28:00Z,27.2
2026-09-06T13:33:00Z,27.3
2026-09-06T13:38:00Z,27.0
2026-09-06T13:43:00Z,27.3
2026-09-06T13:48:00Z,27.0
2026-09-06T13:53:00Z,27.5
2026-09-06T13:58:00Z,27.5
2026-09-06T14:03:00Z,27.5
2026-09-06T14:08:00Z,27.1
2026-09-06T14:13:00Z,26.7
2026-09-06T14:18:00Z,26.8
2026-09-06T14:23:00Z,26.7
2026-09-06T14:28:00Z,26.6
2026-09-06T14:33:00Z,26.5
2026-09-06T14:38:00Z,26.5
2026-09-06T14:43:00Z,26.7
2026-09-06T14:48:00Z,26.5
2026-09-06T14:53:00Z,26.3
2026-09-06T14:58:00Z,25.9
2026-09-06T15:03:00Z,26.0
2026-09-06T15:08:00Z,25.9
2026-09-06T15:13:00Z,25.7
2026-09-06T15:18:00Z,25.7
2026-09-06T15:23:00Z,25.7
2026-09-06T15:28:00Z,25.9
2026-09-06T15:33:00Z,25.9
2026-09-06T15:38:00Z,25.7
2026-09-06T15:43:00Z,25.7
2026-09-06T15:48:00Z,25.9
2026-09-06T15:53:00Z,25.7
2026-09-06T15:58:00Z,25.6
2026-09-06T16:03:00Z,25.5
2026-09-06T16:08:00Z,25.2
2026-09-06T16:13:00Z,24.9
2026-09-06T16:18:00Z,24.6
2026-09-06T16:23:00Z,24.4
2026-09-06T16:28:00Z,24.2
2026-09-06T16:33:00Z,24.0
2026-09-06T16:38:00Z,23.7
2026-09-06T16:43:00Z,23.7
2026-09-06T16:48:00Z,23.5
2026-09-06T16:53:00Z,23.5
2026-09-06T16:58:00Z,23.2
2026-09-06T17:03:00Z,23.2
2026-09-06T17:08:00Z,23.1
2026-09-06T17:13:00Z,23.1
2026-09-06T17:18:00Z,22.9
2026-09-06T17:23:00Z,22.9
2026-09-06T17:28:00Z,22.8
2026-09-06T17:33:00Z,22.7
2026-09-06T17:38:00Z,22.6
2026-09-06T17:43:00Z,22.6
2026-09-06T17:48:00Z,22.6
2026-09-06T17:53:00Z,22.7
2026-09-06T17:58:00Z,22.7
2026-09-06T18:04:00Z,22.6
2026-09-06T18:08:00Z,22.6
2026-09-06T18:13:00Z,22.5
2026-09-06T18:18:00Z,22.3
2026-09-06T18:23:00Z,22.4
2026-09-06T18:29:00Z,22.2
2026-09-06T18:33:00Z,22.2
2026-09-06T18:39:00Z,22.1
2026-09-06T18:43:00Z,22.0
2026-09-06T18:48:00Z,22.0
2026-09-06T18:54:00Z,21.9
2026-09-06T18:58:00Z,21.9
2026-09-06T19:04:00Z,21.9
2026-09-06T19:08:00Z,21.8
2026-09-06T19:14:00Z,21.8
2026-09-06T19:19:00Z,21.7
2026-09-06T19:23:00Z,21.6
2026-09-06T19:29:00Z,21.5
2026-09-06T19:33:00Z,21.5
2026-09-06T19:39:00Z,21.4
2026-09-06T19:44:00Z,21.3
2026-09-06T19:49:00Z,21.2
2026-09-06T19:54:00Z,21.1
2026-09-06T19:58:00Z,21.0
2026-09-06T20:04:00Z,21.0
2026-09-06T20:09:00Z,21.0
2026-09-06T20:14:00Z,20.9
2026-09-06T20:19:00Z,21.0
2026-09-06T20:24:00Z,20.9
2026-09-06T20:29:00Z,20.9
2026-09-06T20:34:00Z,20.8
2026-09-06T20:39:00Z,20.8
2026-09-06T20:44:00Z,20.8
2026-09-06T20:49:00Z,20.8
2026-09-06T20:54:00Z,20.8
2026-09-06T20:59:00Z,20.8
2026-09-06T21:04:00Z,20.7
2026-09-06T21:09:00Z,20.8
2026-09-06T21:14:00Z,20.8
2026-09-06T21:19:00Z,20.8
2026-09-06T21:24:00Z,20.8
2026-09-06T21:29:00Z,20.8
2026-09-06T21:34:00Z,20.8
2026-09-06T21:39:00Z,20.8
2026-09-06T21:44:00Z,20.8
2026-09-06T21:49:00Z,20.9
2026-09-06T21:54:00Z,20.9
2026-09-06T21:59:00Z,20.9
2026-09-06T22:04:00Z,20.9
2026-09-06T22:09:00Z,20.8
2026-09-06T22:14:00Z,20.7
2026-09-06T22:19:00Z,20.6
2026-09-06T22:24:00Z,20.6
2026-09-06T22:29:00Z,20.6
2026-09-06T22:34:00Z,20.6
2026-09-06T22:39:00Z,20.6
2026-09-06T22:44:00Z,20.6
2026-09-06T22:49:00Z,20.6
2026-09-06T22:54:00Z,20.6
2026-09-06T22:59:00Z,20.5
2026-09-06T23:04:00Z,20.5
2026-09-06T23:09:00Z,20.5
2026-09-06T23:14:00Z,20.5
2026-09-06T23:19:00Z,20.5
2026-09-06T23:24:00Z,20.5
2026-09-06T23:29:00Z,20.4
2026-09-06T23:34:00Z,20.4
2026-09-06T23:39:00Z,20.4
2026-09-06T23:44:00Z,20.4
2026-09-06T23:49:00Z,20.4
2026-09-06T23:54:00Z,20.4
2026-09-06T23:59:00Z,20.3
2026-09-07T00:04:00Z,20.2
2026-09-07T00:09:00Z,20.1
2026-09-07T00:14:00Z,20.0
2026-09-07T00:19:00Z,19.9
2026-09-07T00:24:00Z,19.8
2026-09-07T00:29:00Z,19.7
2026-09-07T00:34:00Z,19.6
2026-09-07T00:39:00Z,19.5
2026-09-07T00:44:00Z,19.4
2026-09-07T00:49:00Z,19.4
2026-09-07T00:54:00Z,19.5
2026-09-07T00:59:00Z,19.5
2026-09-07T01:04:00Z,19.6
2026-09-07T01:09:00Z,19.7
2026-09-07T01:14:00Z,19.7
2026-09-07T01:19:00Z,19.5
2026-09-07T01:24:00Z,19.5
2026-09-07T01:29:00Z,19.5
2026-09-07T01:34:00Z,19.5
2026-09-07T01:39:00Z,19.5
2026-09-07T01:44:00Z,19.5
2026-09-07T01:49:00Z,19.4
2026-09-07T01:54:00Z,19.4
2026-09-07T01:59:00Z,19.4
2026-09-07T02:04:00Z,19.4
2026-09-07T02:09:00Z,19.3
2026-09-07T02:14:00Z,19.2
2026-09-07T02:19:00Z,19.2
2026-09-07T02:24:00Z,19.1
2026-09-07T02:29:00Z,19.1
2026-09-07T02:34:00Z,19.1
2026-09-07T02:39:00Z,19.1
2026-09-07T02:44:00Z,19.1
2026-09-07T02:49:00Z,19.1
2026-09-07T02:54:00Z,19.1
2026-09-07T02:59:00Z,19.1
2026-09-07T03:04:00Z,19.0
2026-09-07T03:09:00Z,19.1
2026-09-07T03:14:00Z,19.1
2026-09-07T03:19:00Z,19.2
2026-09-07T03:24:00Z,19.2
2026-09-07T03:29:00Z,19.2
2026-09-07T03:34:00Z,19.2
2026-09-07T03:39:00Z,19.1
2026-09-07T03:44:00Z,19.1
2026-09-07T03:49:00Z,19.1
2026-09-07T03:54:00Z,19.1
2026-09-07T03:59:00Z,19.1
2026-09-07T04:04:00Z,19.2
2026-09-07T04:09:00Z,19.2
2026-09-07T04:14:00Z,19.2
2026-09-07T04:19:00Z,19.2
2026-09-07T04:24:00Z,19.2
2026-09-07T04:29:00Z,19.2
2026-09-07T04:34:00Z,19.2
2026-09-07T04:39:00Z,19.2
2026-09-07T04:44:00Z,19.1
2026-09-07T04:49:00Z,19.2
2026-09-07T04:54:00Z,19.3
2026-09-07T04:59:00Z,19.3
2026-09-07T05:04:00Z,19.3
2026-09-07T05:09:00Z,19.2
2026-09-07T05:14:00Z,19.2
2026-09-07T05:19:00Z,19.1
2026-09-07T05:24:00Z,19.0
2026-09-07T05:29:00Z,18.9
2026-09-07T05:34:00Z,18.9
2026-09-07T05:39:00Z,18.8
2026-09-07T05:44:00Z,18.7
2026-09-07T05:49:00Z,18.7
2026-09-07T05:54:00Z,18.7
2026-09-07T05:59:00Z,18.6
2026-09-07T06:04:00Z,18.6
2026-09-07T06:09:00Z,18.5
2026-09-07T06:14:00Z,18.5
2026-09-07T06:19:00Z,18.5
2026-09-07T06:24:00Z,18.6
2026-09-07T06:29:00Z,18.6
2026-09-07T06:34:00Z,18.6
2026-09-07T06:39:00Z,18.7
2026-09-07T06:44:00Z,18.7
2026-09-07T06:49:00Z,18.7
2026-09-07T06:54:00Z,18.8
2026-09-07T06:59:00Z,19.0
2026-09-07T07:04:00Z,19.1
2026-09-07T07:09:00Z,19.1
2026-09-07T07:14:00Z,19.2
2026-09-07T07:19:00Z,19.3
2026-09-07T07:24:00Z,19.4
2026-09-07T07:29:00Z,19.6
2026-09-07T07:34:00Z,19.7
2026-09-07T07:39:00Z,19.9
2026-09-07T07:44:00Z,19.9
2026-09-07T07:49:00Z,20.0
2026-09-07T07:54:00Z,20.1
2026-09-07T07:59:00Z,20.2
2026-09-07T08:04:00Z,20.3
2026-09-07T08:09:00Z,20.4
2026-09-07T08:14:00Z,20.5
2026-09-07T08:19:00Z,20.5
2026-09-07T08:24:00Z,20.6
2026-09-07T08:29:00Z,20.6
2026-09-07T08:34:00Z,20.7
2026-09-07T08:39:00Z,20.9
2026-09-07T08:44:00Z,21.1
2026-09-07T08:49:00Z,21.2
2026-09-07T08:54:00Z,21.5
2026-09-07T08:59:00Z,21.5
2026-09-07T09:04:00Z,21.9
2026-09-07T09:09:00Z,21.9
2026-09-07T09:14:00Z,22.1
2026-09-07T09:19:00Z,22.1
2026-09-07T09:24:00Z,22.0
2026-09-07T09:29:00Z,22.2
2026-09-07T09:34:00Z,22.4
2026-09-07T09:39:00Z,22.6
2026-09-07T09:44:00Z,22.8
2026-09-07T09:49:00Z,23.1
2026-09-07T09:54:00Z,23.1
2026-09-07T09:59:00Z,23.8
2026-09-07T10:04:00Z,23.3
2026-09-07T10:09:00Z,23.2
2026-09-07T10:14:00Z,23.0
2026-09-07T10:19:00Z,22.8
2026-09-07T10:24:00Z,22.9
2026-09-07T10:29:00Z,22.8
2026-09-07T10:34:00Z,22.9
2026-09-07T10:39:00Z,23.2
2026-09-07T10:44:00Z,23.5
2026-09-07T10:49:00Z,23.4
2026-09-07T10:54:00Z,23.6
2026-09-07T10:59:00Z,23.4
2026-09-07T11:04:00Z,23.3
2026-09-07T11:09:00Z,23.4
2026-09-07T11:14:00Z,23.4
2026-09-07T11:19:00Z,23.7
2026-09-07T11:24:00Z,23.4
2026-09-07T11:29:00Z,23.7
2026-09-07T11:34:00Z,24.5
2026-09-07T11:39:00Z,25.1
2026-09-07T11:44:00Z,25.5
2026-09-07T11:49:00Z,24.8
2026-09-07T11:54:00Z,24.3
2026-09-07T11:59:00Z,24.3
2026-09-07T12:04:00Z,24.0
2026-09-07T12:09:00Z,23.8
2026-09-07T12:14:00Z,24.4
2026-09-07T12:19:00Z,24.4
2026-09-07T12:24:00Z,24.1
2026-09-07T12:29:00Z,25.1
2026-09-07T12:34:00Z,25.5
2026-09-07T12:39:00Z,24.7
2026-09-07T12:44:00Z,24.0
2026-09-07T12:49:00Z,24.4
2026-09-07T12:54:00Z,24.2
2026-09-07T12:59:00Z,24.2
2026-09-07T13:04:00Z,23.7
2026-09-07T13:09:00Z,24.0
2026-09-07T13:15:00Z,24.3
2026-09-07T13:19:00Z,24.7
2026-09-07T13:24:00Z,24.9
2026-09-07T13:29:00Z,24.8
2026-09-07T13:34:00Z,24.6
2026-09-07T13:40:00Z,24.5
2026-09-07T13:44:00Z,24.2
2026-09-07T13:50:00Z,24.3
2026-09-07T13:54:00Z,24.4
2026-09-07T13:59:00Z,24.6
2026-09-07T14:05:00Z,24.4
2026-09-07T14:09:00Z,24.2
2026-09-07T14:15:00Z,23.9
2026-09-07T14:19:00Z,24.4
2026-09-07T14:25:00Z,24.8
2026-09-07T14:30:00Z,24.6
2026-09-07T14:34:00Z,24.7
2026-09-07T14:40:00Z,24.7
2026-09-07T14:44:00Z,24.8
2026-09-07T14:50:00Z,24.6
2026-09-07T14:55:00Z,24.5
2026-09-07T15:00:00Z,24.7
2026-09-07T15:05:00Z,24.6
2026-09-07T15:09:00Z,24.6
2026-09-07T15:15:00Z,24.5
2026-09-07T15:20:00Z,24.5
2026-09-07T15:25:00Z,24.4
2026-09-07T15:30:00Z,24.2
2026-09-07T15:35:00Z,24.2
2026-09-07T15:39:00Z,24.4
2026-09-07T15:45:00Z,24.2
2026-09-07T15:50:00Z,24.2
2026-09-07T15:55:00Z,24.2
2026-09-07T16:00:00Z,24.1
2026-09-07T16:05:00Z,24.1
2026-09-07T16:10:00Z,24.0
2026-09-07T16:15:00Z,24.0
2026-09-07T16:20:00Z,24.1
2026-09-07T16:25:00Z,23.9
2026-09-07T16:30:00Z,23.7
2026-09-07T16:35:00Z,23.4
2026-09-07T16:40:00Z,23.3
2026-09-07T16:45:00Z,23.2
2026-09-07T16:50:00Z,23.1
2026-09-07T16:55:00Z,23.1
2026-09-07T17:00:00Z,23.2
2026-09-07T17:05:00Z,23.0
2026-09-07T17:10:00Z,22.9
2026-09-07T17:15:00Z,22.9
2026-09-07T17:20:00Z,22.9
2026-09-07T17:25:00Z,22.8
2026-09-07T17:30:00Z,22.7
2026-09-07T17:35:00Z,22.6
2026-09-07T17:40:00Z,22.5
2026-09-07T17:45:00Z,22.4
2026-09-07T17:50:00Z,22.4
2026-09-07T17:55:00Z,22.2
2026-09-07T18:00:00Z,22.1
2026-09-07T18:05:00Z,22.0
2026-09-07T18:10:00Z,21.9
2026-09-07T18:15:00Z,21.9
2026-09-07T18:20:00Z,21.9
2026-09-07T18:25:00Z,21.9
2026-09-07T18:30:00Z,21.8
2026-09-07T18:35:00Z,21.6
2026-09-07T18:40:00Z,21.5
2026-09-07T18:45:00Z,21.4
2026-09-07T18:50:00Z,21.4
2026-09-07T18:55:00Z,21.4
2026-09-07T19:00:00Z,21.3
2026-09-07T19:05:00Z,21.3
2026-09-07T19:10:00Z,21.3
2026-09-07T19:15:00Z,21.3
2026-09-07T19:20:00Z,21.3
2026-09-07T19:25:00Z,21.4
2026-09-07T19:30:00Z,21.4
2026-09-07T19:35:00Z,21.3
2026-09-07T19:40:00Z,21.3
2026-09-07T19:45:00Z,21.2
2026-09-07T19:50:00Z,21.2
2026-09-07T19:55:00Z,21.1
2026-09-07T20:00:00Z,21.0
2026-09-07T20:05:00Z,20.8
2026-09-07T20:10:00Z,20.6
2026-09-07T20:15:00Z,20.5
2026-09-07T20:20:00Z,20.5
2026-09-07T20:25:00Z,20.4
2026-09-07T20:30:00Z,20.2
2026-09-07T20:35:00Z,20.1
2026-09-07T20:40:00Z,20.0
2026-09-07T20:45:00Z,19.9
2026-09-07T20:50:00Z,19.9
2026-09-07T20:55:00Z,19.9
2026-09-07T21:00:00Z,19.9
2026-09-07T21:05:00Z,19.9
2026-09-07T21:10:00Z,19.8
2026-09-07T21:15:00Z,19.8
2026-09-07T21:20:00Z,19.7
2026-09-07T21:25:00Z,19.7
2026-09-07T21:30:00Z,19.6
2026-09-07T21:35:00Z,19.5
2026-09-07T21:40:00Z,19.3
2026-09-07T21:45:00Z,19.2
2026-09-07T21:50:00Z,19.1
2026-09-07T21:55:00Z,19.1
2026-09-07T22:00:00Z,19.0
2026-09-07T22:05:00Z,19.0
2026-09-07T22:10:00Z,19.1
2026-09-07T22:15:00Z,19.0
2026-09-07T22:20:00Z,19.0
2026-09-07T22:25:00Z,19.0
2026-09-07T22:30:00Z,19.0
2026-09-07T22:35:00Z,19.0
2026-09-07T22:40:00Z,19.1
2026-09-07T22:45:00Z,19.1
2026-09-07T22:55:00Z,19.1
2026-09-07T23:00:00Z,19.0
2026-09-07T23:05:00Z,19.0
2026-09-07T23:10:00Z,19.0
2026-09-07T23:15:00Z,18.9
2026-09-07T23:20:00Z,18.9
2026-09-07T23:25:00Z,18.8
2026-09-07T23:30:00Z,18.7
2026-09-07T23:35:00Z,18.8
2026-09-07T23:40:00Z,18.8
2026-09-07T23:45:00Z,18.7
2026-09-07T23:50:00Z,18.7
2026-09-07T23:55:00Z,18.7
2026-09-08T00:00:00Z,18.7
2026-09-08T00:05:00Z,18.5
2026-09-08T00:10:00Z,18.5
2026-09-08T00:15:00Z,18.5
2026-09-08T00:20:00Z,18.5
2026-09-08T00:25:00Z,18.4
2026-09-08T00:30:00Z,18.4
2026-09-08T00:35:00Z,18.4
2026-09-08T00:40:00Z,18.3
2026-09-08T00:45:00Z,18.3
2026-09-08T00:50:00Z,18.2
2026-09-08T00:55:00Z,18.2
2026-09-08T01:00:00Z,18.2
2026-09-08T01:05:00Z,18.2
2026-09-08T01:10:00Z,18.2
2026-09-08T01:15:00Z,18.2
2026-09-08T01:20:00Z,18.1
2026-09-08T01:25:00Z,18.1
2026-09-08T01:30:00Z,18.1
2026-09-08T01:35:00Z,18.1
2026-09-08T01:40:00Z,18.0
2026-09-08T01:45:00Z,17.9
2026-09-08T01:50:00Z,17.8
2026-09-08T01:55:00Z,17.8
2026-09-08T02:00:00Z,17.8
2026-09-08T02:05:00Z,17.7
2026-09-08T02:10:00Z,17.7
2026-09-08T02:15:00Z,17.7
2026-09-08T02:20:00Z,17.7
2026-09-08T02:25:00Z,17.6
2026-09-08T02:30:00Z,17.6
2026-09-08T02:35:00Z,17.3
2026-09-08T02:40:00Z,17.2
2026-09-08T02:45:00Z,17.3
2026-09-08T02:50:00Z,17.2
2026-09-08T02:55:00Z,17.1
2026-09-08T03:00:00Z,17.1
2026-09-08T03:05:00Z,17.0
2026-09-08T03:10:00Z,17.1
2026-09-08T03:15:00Z,17.0
2026-09-08T03:20:00Z,16.9
2026-09-08T03:25:00Z,16.6
2026-09-08T03:30:00Z,16.5
2026-09-08T03:35:00Z,16.5
2026-09-08T03:40:00Z,16.6
2026-09-08T03:45:00Z,16.6
2026-09-08T03:50:00Z,16.5
2026-09-08T03:55:00Z,16.6
2026-09-08T04:00:00Z,16.5
2026-09-08T04:05:00Z,16.3
2026-09-08T04:10:00Z,16.2
2026-09-08T04:15:00Z,16.1
2026-09-08T04:20:00Z,16.0
2026-09-08T04:25:00Z,15.9
2026-09-08T04:30:00Z,15.6
2026-09-08T04:35:00Z,15.7
2026-09-08T04:40:00Z,15.7
2026-09-08T04:45:00Z,15.6
2026-09-08T04:50:00Z,15.5
2026-09-08T04:55:00Z,15.4
2026-09-08T05:00:00Z,15.4
2026-09-08T05:05:00Z,15.2
2026-09-08T05:10:00Z,15.1
2026-09-08T05:15:00Z,15.1
2026-09-08T05:20:00Z,15.0
2026-09-08T05:25:00Z,15.0
2026-09-08T05:30:00Z,14.9
2026-09-08T05:35:00Z,14.9
2026-09-08T05:40:00Z,14.9
2026-09-08T05:45:00Z,14.8
2026-09-08T05:50:00Z,14.9
2026-09-08T05:55:00Z,14.9
2026-09-08T06:00:00Z,14.9
2026-09-08T06:05:00Z,14.8
2026-09-08T06:10:00Z,14.8
2026-09-08T06:15:00Z,14.8
2026-09-08T06:20:00Z,14.8
2026-09-08T06:25:00Z,14.8
2026-09-08T06:31:00Z,14.8
2026-09-08T06:35:00Z,14.9
2026-09-08T06:40:00Z,14.9
2026-09-08T06:45:00Z,14.9
2026-09-08T06:50:00Z,15.0
2026-09-08T06:56:00Z,14.9
2026-09-08T07:00:00Z,14.9
2026-09-08T07:06:00Z,15.0
2026-09-08T07:10:00Z,15.0
2026-09-08T07:15:00Z,15.0
2026-09-08T07:21:00Z,15.1
2026-09-08T07:25:00Z,15.2
2026-09-08T07:31:00Z,15.3
2026-09-08T07:35:00Z,15.3
2026-09-08T07:41:00Z,15.3
2026-09-08T07:46:00Z,15.3
2026-09-08T07:50:00Z,15.2
2026-09-08T07:56:00Z,15.2
2026-09-08T08:00:00Z,15.2
2026-09-08T08:06:00Z,15.2
2026-09-08T08:11:00Z,15.2
2026-09-08T08:16:00Z,15.2
2026-09-08T08:21:00Z,15.1
2026-09-08T08:25:00Z,15.1
2026-09-08T08:31:00Z,15.1
2026-09-08T08:36:00Z,15.1
2026-09-08T08:41:00Z,15.1
2026-09-08T08:46:00Z,15.1
2026-09-08T08:51:00Z,15.1
2026-09-08T08:56:00Z,15.1
2026-09-08T09:01:00Z,15.1
2026-09-08T09:06:00Z,15.2
2026-09-08T09:11:00Z,15.3
2026-09-08T09:16:00Z,15.1
2026-09-08T09:21:00Z,15.2
2026-09-08T09:26:00Z,15.2
2026-09-08T09:31:00Z,15.2
2026-09-08T09:36:00Z,15.3
2026-09-08T09:41:00Z,15.3
2026-09-08T09:46:00Z,15.3
2026-09-08T09:51:00Z,15.4
2026-09-08T09:56:00Z,15.5
2026-09-08T10:01:00Z,15.5
2026-09-08T10:06:00Z,15.7
2026-09-08T10:11:00Z,15.6
2026-09-08T10:16:00Z,15.7
2026-09-08T10:21:00Z,15.6
2026-09-08T10:26:00Z,15.8
2026-09-08T10:31:00Z,15.8
2026-09-08T10:36:00Z,15.8
2026-09-08T10:41:00Z,15.7
2026-09-08T10:46:00Z,15.4
2026-09-08T10:51:00Z,15.4
2026-09-08T10:56:00Z,15.5
2026-09-08T11:01:00Z,15.6
2026-09-08T11:06:00Z,15.6
2026-09-08T11:11:00Z,15.6
2026-09-08T11:16:00Z,15.6
2026-09-08T11:21:00Z,15.6
2026-09-08T11:26:00Z,15.7
2026-09-08T11:31:00Z,15.7
2026-09-08T11:36:00Z,15.9
2026-09-08T11:41:00Z,15.9
2026-09-08T11:46:00Z,15.8
2026-09-08T11:51:00Z,15.8
2026-09-08T11:56:00Z,15.8
2026-09-08T12:01:00Z,15.9
2026-09-08T12:06:00Z,15.8
2026-09-08T12:11:00Z,15.8
2026-09-08T12:16:00Z,15.9
2026-09-08T12:21:00Z,15.9
2026-09-08T12:26:00Z,15.8
2026-09-08T12:31:00Z,15.7
2026-09-08T12:36:00Z,15.8
2026-09-08T12:41:00Z,15.8
2026-09-08T12:46:00Z,15.7
2026-09-08T12:51:00Z,15.8
2026-09-08T12:56:00Z,15.8
2026-09-08T13:01:00Z,15.8
2026-09-08T13:06:00Z,15.8
2026-09-08T13:11:00Z,15.7
2026-09-08T13:16:00Z,15.6
2026-09-08T13:21:00Z,15.7
2026-09-08T13:26:00Z,15.8
2026-09-08T13:31:00Z,15.9
2026-09-08T13:36:00Z,15.8
2026-09-08T13:41:00Z,15.7
2026-09-08T13:46:00Z,15.7
2026-09-08T13:51:00Z,15.3
2026-09-08T13:56:00Z,14.8
2026-09-08T14:01:00Z,14.7
2026-09-08T14:06:00Z,14.6
2026-09-08T14:11:00Z,14.6
2026-09-08T14:16:00Z,14.7
2026-09-08T14:21:00Z,14.5
2026-09-08T14:26:00Z,14.3
2026-09-08T14:31:00Z,14.5
2026-09-08T14:36:00Z,14.4
2026-09-08T14:41:00Z,14.3
2026-09-08T14:46:00Z,14.1
2026-09-08T14:51:00Z,14.3
2026-09-08T14:56:00Z,14.3
2026-09-08T15:01:00Z,14.4
2026-09-08T15:06:00Z,14.3
2026-09-08T15:11:00Z,14.4
2026-09-08T15:16:00Z,14.4
