date_time,air_temp
2026-08-19T15:50:00Z,24.91
2026-08-19T15:55:00Z,25.17
2026-08-19T16:00:00Z,24.7
2026-08-19T16:05:00Z,24.6
2026-08-19T16:10:00Z,24.83
2026-08-19T16:15:00Z,25.5
2026-08-19T16:20:00Z,26.17
2026-08-19T16:25:00Z,26.77
2026-08-19T16:30:00Z,26.71
2026-08-19T16:35:00Z,26.68
2026-08-19T16:40:00Z,26.06
2026-08-19T16:45:00Z,25.05
2026-08-19T16:50:00Z,24.66
2026-08-19T16:55:00Z,24.5
2026-08-19T17:00:00Z,24.54
2026-08-19T17:05:00Z,24.48
2026-08-19T17:10:00Z,24.9
2026-08-19T17:15:00Z,24.86
2026-08-19T17:20:00Z,25.38
2026-08-19T17:25:00Z,25.78
2026-08-19T17:30:00Z,25.24
2026-08-19T17:35:00Z,24.88
2026-08-19T17:40:00Z,24.67
2026-08-19T17:45:00Z,24.58
2026-08-19T17:50:00Z,24.45
2026-08-19T17:55:00Z,24.22
2026-08-19T18:00:00Z,24.06
2026-08-19T18:05:00Z,23.89
2026-08-19T18:10:00Z,23.62
2026-08-19T18:15:00Z,23.37
2026-08-19T18:20:00Z,23.21
2026-08-19T18:25:00Z,22.96
2026-08-19T18:30:00Z,22.88
2026-08-19T18:35:00Z,22.76
2026-08-19T18:40:00Z,22.68
2026-08-19T18:45:00Z,22.54
2026-08-19T18:50:00Z,22.47
2026-08-19T18:55:00Z,22.32
2026-08-19T19:00:00Z,22.2
2026-08-19T19:05:00Z,22.13
2026-08-19T19:10:00Z,22.0
2026-08-19T19:15:00Z,21.88
2026-08-19T19:20:00Z,21.8
2026-08-19T19:25:00Z,21.66
2026-08-19T19:30:00Z,21.46
2026-08-19T19:35:00Z,21.4
2026-08-19T19:40:00Z,21.3
2026-08-19T19:45:00Z,21.21
2026-08-19T19:50:00Z,21.18
2026-08-19T19:55:00Z,21.1
2026-08-19T20:00:00Z,21.1
2026-08-19T20:05:00Z,21.0
2026-08-19T20:10:00Z,20.91
2026-08-19T20:15:00Z,20.81
2026-08-19T20:20:00Z,20.73
2026-08-19T20:25:00Z,20.64
2026-08-19T20:30:00Z,20.57
2026-08-19T20:35:00Z,20.48
2026-08-19T20:40:00Z,20.37
2026-08-19T20:45:00Z,20.3
2026-08-19T20:50:00Z,20.2
2026-08-19T20:55:00Z,20.1
2026-08-19T21:00:00Z,20.06
2026-08-19T21:05:00Z,19.96
2026-08-19T21:10:00Z,19.9
2026-08-19T21:15:00Z,19.88
2026-08-19T21:20:00Z,19.79
2026-08-19T21:25:00Z,19.7
2026-08-19T21:30:00Z,19.7
2026-08-19T21:35:00Z,19.6
2026-08-19T21:40:00Z,19.54
2026-08-19T21:45:00Z,19.5
2026-08-19T21:50:00Z,19.41
2026-08-19T21:55:00Z,19.39
2026-08-19T22:00:00Z,19.25
2026-08-19T22:05:00Z,19.2
2026-08-19T22:10:00Z,19.13
2026-08-19T22:15:00Z,19.05
2026-08-19T22:20:00Z,18.92
2026-08-19T22:25:00Z,18.84
2026-08-19T22:30:00Z,18.8
2026-08-19T22:35:00Z,18.75
2026-08-19T22:40:00Z,18.66
2026-08-19T22:45:00Z,18.6
2026-08-19T22:50:00Z,18.6
2026-08-19T22:55:00Z,18.51
2026-08-19T23:00:00Z,18.5
2026-08-19T23:05:00Z,18.5
2026-08-19T23:10:00Z,18.42
2026-08-19T23:15:00Z,18.4
2026-08-19T23:20:00Z,18.4
2026-08-19T23:25:00Z,18.35
2026-08-19T23:30:00Z,18.3
2026-08-19T23:35:00Z,18.3
2026-08-19T23:40:00Z,18.3
2026-08-19T23:45:00Z,18.3
2026-08-19T23:50:00Z,18.21
2026-08-19T23:55:00Z,18.17
2026-08-20T00:00:00Z,18.1
2026-08-20T00:05:00Z,18.07
2026-08-20T00:10:00Z,18.0
2026-08-20T00:15:00Z,17.9
2026-08-20T00:20:00Z,17.8
2026-08-20T00:25:00Z,17.75
2026-08-20T00:30:00Z,17.7
2026-08-20T00:35:00Z,17.64
2026-08-20T00:40:00Z,17.6
2026-08-20T00:45:00Z,17.6
2026-08-20T00:50:00Z,17.6
2026-08-20T00:55:00Z,17.55
2026-08-20T01:00:00Z,17.5
2026-08-20T01:05:00Z,17.5
2026-08-20T01:10:00Z,17.5
2026-08-20T01:15:00Z,17.5
2026-08-20T01:20:00Z,17.53
2026-08-20T01:25:00Z,17.5
2026-08-20T01:30:00Z,17.5
2026-08-20T01:35:00Z,17.41
2026-08-20T01:40:00Z,17.42
2026-08-20T01:45:00Z,17.32
2026-08-20T01:50:00Z,17.29
2026-08-20T01:55:00Z,17.2
2026-08-20T02:00:00Z,17.11
2026-08-20T02:05:00Z,17.1
2026-08-20T02:10:00Z,17.02
2026-08-20T02:15:00Z,17.0
2026-08-20T02:20:00Z,16.95
2026-08-20T02:25:00Z,16.9
2026-08-20T02:30:00Z,16.9
2026-08-20T02:35:00Z,16.82
2026-08-20T02:40:00Z,16.8
2026-08-20T02:45:00Z,16.8
2026-08-20T02:50:00Z,16.8
2026-08-20T02:55:00Z,16.8
2026-08-20T03:00:00Z,16.82
2026-08-20T03:05:00Z,16.9
2026-08-20T03:10:00Z,16.9
2026-08-20T03:15:00Z,16.9
2026-08-20T03:20:00Z,16.9
2026-08-20T03:25:00Z,16.93
2026-08-20T03:30:00Z,16.98
2026-08-20T03:35:00Z,16.9
2026-08-20T03:40:00Z,16.9
2026-08-20T03:45:00Z,16.9
2026-08-20T03:50:00Z,16.9
2026-08-20T03:55:00Z,16.98
2026-08-20T04:00:00Z,17.0
2026-08-20T04:05:00Z,17.0
2026-08-20T04:10:00Z,17.0
2026-08-20T04:15:00Z,16.96
2026-08-20T04:20:00Z,16.9
2026-08-20T04:25:00Z,16.9
2026-08-20T04:30:00Z,16.82
2026-08-20T04:35:00Z,16.8
2026-08-20T04:40:00Z,16.8
2026-08-20T04:45:00Z,16.8
2026-08-20T04:50:00Z,16.8
2026-08-20T04:55:00Z,16.8
2026-08-20T05:00:00Z,16.9
2026-08-20T05:05:00Z,16.85
2026-08-20T05:10:00Z,16.8
2026-08-20T05:15:00Z,16.8
2026-08-20T05:20:00Z,16.8
2026-08-20T05:25:00Z,16.8
2026-08-20T05:30:00Z,16.73
2026-08-20T05:35:00Z,16.7
2026-08-20T05:40:00Z,16.62
2026-08-20T05:45:00Z,16.52
2026-08-20T05:50:00Z,16.5
2026-08-20T05:55:00Z,16.42
2026-08-20T06:00:00Z,16.33
2026-08-20T06:05:00Z,16.42
2026-08-20T06:10:00Z,16.5
2026-08-20T06:15:00Z,16.45
2026-08-20T06:20:00Z,16.5
2026-08-20T06:25:00Z,16.58
2026-08-20T06:30:00Z,16.67
2026-08-20T06:35:00Z,16.7
2026-08-20T06:40:00Z,16.7
2026-08-20T06:45:00Z,16.7
2026-08-20T06:50:00Z,16.7
2026-08-20T06:55:00Z,16.76
2026-08-20T07:00:00Z,16.9
2026-08-20T07:05:00Z,17.0
2026-08-20T07:10:00Z,17.21
2026-08-20T07:15:00Z,17.31
2026-08-20T07:20:00Z,17.2
2026-08-20T07:25:00Z,17.15
2026-08-20T07:30:00Z,17.31
2026-08-20T07:35:00Z,17.4
2026-08-20T07:40:00Z,17.44
2026-08-20T07:45:00Z,17.52
2026-08-20T07:50:00Z,17.67
2026-08-20T07:55:00Z,17.84
2026-08-20T08:00:00Z,17.98
2026-08-20T08:05:00Z,18.13
2026-08-20T08:10:00Z,18.38
2026-08-20T08:15:00Z,18.56
2026-08-20T08:20:00Z,18.62
2026-08-20T08:25:00Z,18.62
2026-08-20T08:30:00Z,18.5
2026-08-20T08:35:00Z,18.57
2026-08-20T08:40:00Z,18.7
2026-08-20T08:45:00Z,18.7
2026-08-20T08:50:00Z,18.83
2026-08-20T08:55:00Z,18.9
2026-08-20T09:00:00Z,18.96
2026-08-20T09:05:00Z,18.92
2026-08-20T09:10:00Z,19.01
2026-08-20T09:15:00Z,19.14
2026-08-20T09:20:00Z,19.27
2026-08-20T09:25:00Z,19.4
2026-08-20T09:30:00Z,19.46
2026-08-20T09:35:00Z,19.81
2026-08-20T09:40:00Z,19.92
2026-08-20T09:45:00Z,20.14
2026-08-20T09:50:00Z,20.4
2026-08-20T09:55:00Z,20.4
2026-08-20T10:00:00Z,20.48
2026-08-20T10:05:00Z,20.55
2026-08-20T10:10:00Z,20.4
2026-08-20T10:15:00Z,20.27
2026-08-20T10:20:00Z,20.26
2026-08-20T10:25:00Z,20.44
2026-08-20T10:30:00Z,20.36
2026-08-20T10:35:00Z,20.34
2026-08-20T10:40:00Z,20.4
2026-08-20T10:45:00Z,20.49
2026-08-20T10:50:00Z,20.79
2026-08-20T10:55:00Z,21.15
2026-08-20T11:00:00Z,21.58
2026-08-20T11:05:00Z,21.55
2026-08-20T11:10:00Z,22.15
2026-08-20T11:15:00Z,22.52
2026-08-20T11:20:00Z,22.09
2026-08-20T11:25:00Z,21.95
2026-08-20T11:30:00Z,21.94
2026-08-20T11:35:00Z,21.5
2026-08-20T11:40:00Z,20.62
2026-08-20T11:45:00Z,19.4
2026-08-20T11:50:00Z,19.01
2026-08-20T11:55:00Z,19.22
2026-08-20T12:00:00Z,20.12
2026-08-20T12:05:00Z,21.39
2026-08-20T12:10:00Z,22.09
2026-08-20T12:15:00Z,22.64
2026-08-20T12:20:00Z,23.04
2026-08-20T12:25:00Z,23.54
2026-08-20T12:30:00Z,23.13
2026-08-20T12:35:00Z,22.38
2026-08-20T12:40:00Z,20.97
2026-08-20T12:45:00Z,18.94
2026-08-20T12:50:00Z,18.48
2026-08-20T12:55:00Z,18.55
2026-08-20T13:00:00Z,18.8
2026-08-20T13:05:00Z,19.19
2026-08-20T13:10:00Z,19.95
2026-08-20T13:15:00Z,20.74
2026-08-20T13:20:00Z,21.56
2026-08-20T13:25:00Z,21.62
2026-08-20T13:30:00Z,22.1
2026-08-20T13:35:00Z,22.5
2026-08-20T13:40:00Z,23.16
2026-08-20T13:45:00Z,23.45
2026-08-20T13:50:00Z,23.5
2026-08-20T13:55:00Z,23.63
2026-08-20T14:00:00Z,24.0
2026-08-20T14:05:00Z,24.33
2026-08-20T14:10:00Z,24.36
2026-08-20T14:15:00Z,24.19
2026-08-20T14:20:00Z,24.55
2026-08-20T14:25:00Z,23.96
2026-08-20T14:30:00Z,24.11
2026-08-20T14:35:00Z,24.34
2026-08-20T14:40:00Z,24.39
2026-08-20T14:45:00Z,24.46
2026-08-20T14:50:00Z,24.53
2026-08-20T14:55:00Z,24.88
2026-08-20T15:00:00Z,25.0
2026-08-20T15:05:00Z,24.76
2026-08-20T15:10:00Z,24.71
2026-08-20T15:15:00Z,25.25
2026-08-20T15:20:00Z,25.53
2026-08-20T15:25:00Z,24.68
2026-08-20T15:30:00Z,23.83
2026-08-20T15:35:00Z,24.52
2026-08-20T15:40:00Z,25.35
2026-08-20T15:45:00Z,24.99
2026-08-20T15:50:00Z,23.93
2026-08-20T15:55:00Z,23.37
2026-08-20T16:00:00Z,22.92
2026-08-20T16:05:00Z,22.72
2026-08-20T16:10:00Z,22.5
2026-08-20T16:15:00Z,21.97
2026-08-20T16:20:00Z,21.55
2026-08-20T16:25:00Z,21.3
2026-08-20T16:30:00Z,21.04
2026-08-20T16:35:00Z,20.94
2026-08-20T16:40:00Z,20.8
2026-08-20T16:45:00Z,20.65
2026-08-20T16:50:00Z,20.56
2026-08-20T16:55:00Z,20.63
2026-08-20T17:00:00Z,20.56
2026-08-20T17:05:00Z,20.47
2026-08-20T17:10:00Z,20.58
2026-08-20T17:15:00Z,20.64
2026-08-20T17:20:00Z,21.24
2026-08-20T17:25:00Z,21.1
2026-08-20T17:30:00Z,20.5
2026-08-20T17:35:00Z,20.25
2026-08-20T17:40:00Z,20.03
2026-08-20T17:45:00Z,19.97
2026-08-20T17:50:00Z,19.84
2026-08-20T17:55:00Z,19.76
2026-08-20T18:00:00Z,19.6
2026-08-20T18:05:00Z,19.52
2026-08-20T18:10:00Z,19.44
2026-08-20T18:15:00Z,19.48
2026-08-20T18:20:00Z,19.51
2026-08-20T18:25:00Z,19.67
2026-08-20T18:30:00Z,19.8
2026-08-20T18:35:00Z,19.9
2026-08-20T18:40:00Z,19.82
2026-08-20T18:45:00Z,19.8
2026-08-20T18:50:00Z,19.7
2026-08-20T18:55:00Z,19.54
2026-08-20T19:00:00Z,19.46
2026-08-20T19:05:00Z,19.5
2026-08-20T19:10:00Z,19.44
2026-08-20T19:15:00Z,19.44
2026-08-20T19:20:00Z,19.34
2026-08-20T19:25:00Z,19.25
2026-08-20T19:30:00Z,19.2
2026-08-20T19:35:00Z,19.14
2026-08-20T19:40:00Z,19.07
2026-08-20T19:45:00Z,19.0
2026-08-20T19:50:00Z,18.95
2026-08-20T19:55:00Z,18.9
2026-08-20T20:00:00Z,18.85
2026-08-20T20:05:00Z,18.65
2026-08-20T20:10:00Z,18.58
2026-08-20T20:15:00Z,18.5
2026-08-20T20:20:00Z,18.5
2026-08-20T20:25:00Z,18.42
2026-08-20T20:30:00Z,18.4
2026-08-20T20:35:00Z,18.47
2026-08-20T20:40:00Z,18.5
2026-08-20T20:45:00Z,18.45
2026-08-20T20:50:00Z,18.3
2026-08-20T20:55:00Z,18.25
2026-08-20T21:00:00Z,18.12
2026-08-20T21:05:00Z,18.0
2026-08-20T21:10:00Z,18.0
2026-08-20T21:15:00Z,18.02
2026-08-20T21:20:00Z,17.98
2026-08-20T21:25:00Z,18.0
2026-08-20T21:30:00Z,18.0
2026-08-20T21:35:00Z,17.95
2026-08-20T21:40:00Z,17.9
2026-08-20T21:45:00Z,17.87
2026-08-20T21:50:00Z,17.8
2026-08-20T21:55:00Z,17.8
2026-08-20T22:00:00Z,17.71
2026-08-20T22:05:00Z,17.58
2026-08-20T22:10:00Z,17.5
2026-08-20T22:15:00Z,17.41
2026-08-20T22:20:00Z,17.38
2026-08-20T22:25:00Z,17.3
2026-08-20T22:30:00Z,17.3
2026-08-20T22:35:00Z,17.3
2026-08-20T22:40:00Z,17.3
2026-08-20T22:45:00Z,17.3
2026-08-20T22:50:00Z,17.3
2026-08-20T22:55:00Z,17.36
2026-08-20T23:00:00Z,17.4
2026-08-20T23:05:00Z,17.38
2026-08-20T23:10:00Z,17.3
2026-08-20T23:15:00Z,17.3
2026-08-20T23:20:00Z,17.22
2026-08-20T23:25:00Z,17.11
2026-08-20T23:30:00Z,17.09
2026-08-20T23:35:00Z,16.94
2026-08-20T23:40:00Z,16.9
2026-08-20T23:45:00Z,16.8
2026-08-20T23:50:00Z,16.79
2026-08-20T23:55:00Z,16.7
2026-08-21T00:00:00Z,16.7
2026-08-21T00:05:00Z,16.71
2026-08-21T00:10:00Z,16.8
2026-08-21T00:15:00Z,16.79
2026-08-21T00:20:00Z,16.7
2026-08-21T00:25:00Z,16.7
2026-08-21T00:30:00Z,16.69
2026-08-21T00:35:00Z,16.6
2026-08-21T00:40:00Z,16.51
2026-08-21T00:45:00Z,16.5
2026-08-21T00:50:00Z,16.5
2026-08-21T00:55:00Z,16.5
2026-08-21T01:00:00Z,16.5
2026-08-21T01:05:00Z,16.43
2026-08-21T01:10:00Z,16.39
2026-08-21T01:15:00Z,16.41
2026-08-21T01:20:00Z,16.5
2026-08-21T01:25:00Z,16.5
2026-08-21T01:30:00Z,16.41
2026-08-21T01:35:00Z,16.36
2026-08-21T01:40:00Z,16.3
2026-08-21T01:45:00Z,16.23
2026-08-21T01:50:00Z,16.2
2026-08-21T01:55:00Z,16.15
2026-08-21T02:00:00Z,16.1
2026-08-21T02:05:00Z,16.02
2026-08-21T02:10:00Z,16.04
2026-08-21T02:15:00Z,16.08
2026-08-21T02:20:00Z,16.0
2026-08-21T02:25:00Z,16.0
2026-08-21T02:30:00Z,16.07
2026-08-21T02:35:00Z,15.96
2026-08-21T02:40:00Z,15.9
2026-08-21T02:45:00Z,15.9
2026-08-21T02:50:00Z,15.9
2026-08-21T02:55:00Z,15.82
2026-08-21T03:00:00Z,15.8
2026-08-21T03:05:00Z,15.77
2026-08-21T03:10:00Z,15.7
2026-08-21T03:15:00Z,15.7
2026-08-21T03:20:00Z,15.77
2026-08-21T03:25:00Z,15.78
2026-08-21T03:30:00Z,15.72
2026-08-21T03:35:00Z,15.7
2026-08-21T03:40:00Z,15.7
2026-08-21T03:45:00Z,15.61
2026-08-21T03:50:00Z,15.53
2026-08-21T03:55:00Z,15.41
2026-08-21T04:00:00Z,15.35
2026-08-21T04:05:00Z,15.34
2026-08-21T04:10:00Z,15.3
2026-08-21T04:15:00Z,15.3
2026-08-21T04:20:00Z,15.27
2026-08-21T04:25:00Z,15.2
2026-08-21T04:30:00Z,15.2
2026-08-21T04:35:00Z,15.11
2026-08-21T04:40:00Z,15.1
2026-08-21T04:45:00Z,15.1
2026-08-21T04:50:00Z,15.1
2026-08-21T04:55:00Z,15.01
2026-08-21T05:00:00Z,15.0
2026-08-21T05:05:00Z,15.0
2026-08-21T05:10:00Z,15.0
2026-08-21T05:15:00Z,14.92
2026-08-21T05:20:00Z,14.9
2026-08-21T05:25:00Z,14.9
2026-08-21T05:30:00Z,14.9
2026-08-21T05:35:00Z,14.9
2026-08-21T05:40:00Z,14.89
2026-08-21T05:45:00Z,14.8
2026-08-21T05:50:00Z,14.82
2026-08-21T05:55:00Z,14.9
2026-08-21T06:00:00Z,14.9
2026-08-21T06:05:00Z,14.9
2026-08-21T06:10:00Z,14.9
2026-08-21T06:15:00Z,14.9
2026-08-21T06:20:00Z,14.98
2026-08-21T06:25:00Z,15.02
2026-08-21T06:30:00Z,15.07
2026-08-21T06:35:00Z,15.1
2026-08-21T06:40:00Z,15.15
2026-08-21T06:45:00Z,15.2
2026-08-21T06:50:00Z,15.2
2026-08-21T06:55:00Z,15.34
2026-08-21T07:00:00Z,15.5
2026-08-21T07:05:00Z,15.5
2026-08-21T07:10:00Z,15.58
2026-08-21T07:15:00Z,15.63
2026-08-21T07:20:00Z,15.7
2026-08-21T07:25:00Z,15.83
2026-08-21T07:30:00Z,15.94
2026-08-21T07:35:00Z,16.0
2026-08-21T07:40:00Z,16.07
2026-08-21T07:45:00Z,16.22
2026-08-21T07:50:00Z,16.41
2026-08-21T07:55:00Z,16.72
2026-08-21T08:00:00Z,16.68
2026-08-21T08:05:00Z,16.5
2026-08-21T08:10:00Z,16.55
2026-08-21T08:15:00Z,16.53
2026-08-21T08:20:00Z,16.55
2026-08-21T08:25:00Z,16.7
2026-08-21T08:30:00Z,16.78
2026-08-21T08:35:00Z,16.9
2026-08-21T08:40:00Z,16.87
2026-08-21T08:45:00Z,16.8
2026-08-21T08:50:00Z,16.9
2026-08-21T08:55:00Z,16.9
2026-08-21T09:00:00Z,16.94
2026-08-21T09:05:00Z,17.08
2026-08-21T09:10:00Z,17.15
2026-08-21T09:15:00Z,17.31
2026-08-21T09:20:00Z,17.46
2026-08-21T09:25:00Z,17.69
2026-08-21T09:30:00Z,17.62
2026-08-21T09:35:00Z,17.52
2026-08-21T09:40:00Z,17.5
2026-08-21T09:45:00Z,17.6
2026-08-21T09:50:00Z,17.79
2026-08-21T09:55:00Z,18.09
2026-08-21T10:00:00Z,18.23
2026-08-21T10:05:00Z,18.32
2026-08-21T10:10:00Z,18.41
2026-08-21T10:15:00Z,18.74
2026-08-21T10:20:00Z,18.94
2026-08-21T10:25:00Z,19.18
2026-08-21T10:30:00Z,19.24
2026-08-21T10:35:00Z,19.32
2026-08-21T10:40:00Z,19.58
2026-08-21T10:45:00Z,20.14
2026-08-21T10:50:00Z,20.11
2026-08-21T10:55:00Z,19.94
2026-08-21T11:00:00Z,19.73
2026-08-21T11:05:00Z,19.75
2026-08-21T11:10:00Z,19.8
2026-08-21T11:15:00Z,19.75
2026-08-21T11:20:00Z,19.48
2026-08-21T11:25:00Z,19.41
2026-08-21T11:30:00Z,19.51
2026-08-21T11:35:00Z,19.6
2026-08-21T11:40:00Z,19.68
2026-08-21T11:45:00Z,19.56
2026-08-21T11:50:00Z,19.79
2026-08-21T11:55:00Z,20.1
2026-08-21T12:00:00Z,20.39
2026-08-21T12:05:00Z,20.72
2026-08-21T12:10:00Z,21.1
2026-08-21T12:15:00Z,21.17
2026-08-21T12:20:00Z,21.19
2026-08-21T12:25:00Z,21.61
2026-08-21T12:30:00Z,23.04
2026-08-21T12:35:00Z,24.1
2026-08-21T12:40:00Z,24.87
2026-08-21T12:45:00Z,24.71
2026-08-21T12:50:00Z,24.41
2026-08-21T12:55:00Z,23.74
2026-08-21T13:00:00Z,22.92
2026-08-21T13:05:00Z,22.29
2026-08-21T13:10:00Z,22.49
2026-08-21T13:15:00Z,23.27
2026-08-21T13:20:00Z,24.28
2026-08-21T13:25:00Z,23.52
2026-08-21T13:30:00Z,22.73
2026-08-21T13:35:00Z,21.85
2026-08-21T13:40:00Z,21.44
2026-08-21T13:45:00Z,21.38
2026-08-21T13:50:00Z,21.32
2026-08-21T13:55:00Z,21.42
2026-08-21T14:00:00Z,21.41
2026-08-21T14:05:00Z,21.5
2026-08-21T14:10:00Z,21.51
2026-08-21T14:15:00Z,21.57
2026-08-21T14:20:00Z,21.42
2026-08-21T14:25:00Z,21.28
2026-08-21T14:30:00Z,21.56
2026-08-21T14:35:00Z,21.98
2026-08-21T14:40:00Z,22.35
2026-08-21T14:45:00Z,22.45
2026-08-21T14:50:00Z,22.81
2026-08-21T14:55:00Z,22.55
2026-08-21T15:00:00Z,22.02
2026-08-21T15:05:00Z,21.83
2026-08-21T15:10:00Z,21.87
2026-08-21T15:15:00Z,21.9
2026-08-21T15:20:00Z,21.81
2026-08-21T15:25:00Z,21.66
2026-08-21T15:30:00Z,21.58
2026-08-21T15:35:00Z,21.53
2026-08-21T15:40:00Z,21.73
2026-08-21T15:45:00Z,21.88
2026-08-21T15:50:00Z,21.99
2026-08-21T15:55:00Z,22.0
2026-08-21T16:00:00Z,22.14
2026-08-21T16:05:00Z,21.91
2026-08-21T16:10:00Z,21.7
2026-08-21T16:15:00Z,21.57
2026-08-21T16:20:00Z,21.54
2026-08-21T16:25:00Z,21.59
2026-08-21T16:30:00Z,21.5
2026-08-21T16:35:00Z,21.56
2026-08-21T16:40:00Z,21.6
2026-08-21T16:45:00Z,21.52
2026-08-21T16:50:00Z,21.36
2026-08-21T16:55:00Z,21.36
2026-08-21T17:00:00Z,21.41
2026-08-21T17:05:00Z,21.57
2026-08-21T17:10:00Z,21.58
2026-08-21T17:15:00Z,21.43
2026-08-21T17:20:00Z,21.28
2026-08-21T17:25:00Z,21.2
2026-08-21T17:30:00Z,21.17
2026-08-21T17:35:00Z,21.1
2026-08-21T17:40:00Z,21.1
2026-08-21T17:45:00Z,20.96
2026-08-21T17:50:00Z,20.67
2026-08-21T17:55:00Z,20.48
2026-08-21T18:00:00Z,20.32
2026-08-21T18:05:00Z,20.13
2026-08-21T18:10:00Z,19.86
2026-08-21T18:15:00Z,19.73
2026-08-21T18:20:00Z,19.6
2026-08-21T18:25:00Z,19.42
2026-08-21T18:30:00Z,19.25
2026-08-21T18:35:00Z,19.08
2026-08-21T18:40:00Z,18.92
2026-08-21T18:45:00Z,18.73
2026-08-21T18:50:00Z,18.51
2026-08-21T18:55:00Z,18.36
2026-08-21T19:00:00Z,18.22
2026-08-21T19:05:00Z,18.02
2026-08-21T19:10:00Z,17.8
2026-08-21T19:15:00Z,17.62
2026-08-21T19:20:00Z,17.49
2026-08-21T19:25:00Z,17.45
2026-08-21T19:30:00Z,17.21
2026-08-21T19:35:00Z,17.06
2026-08-21T19:40:00Z,16.95
2026-08-21T19:45:00Z,16.82
2026-08-21T19:50:00Z,16.77
2026-08-21T19:55:00Z,16.64
2026-08-21T20:00:00Z,16.6
2026-08-21T20:05:00Z,16.54
2026-08-21T20:10:00Z,16.49
2026-08-21T20:15:00Z,16.4
2026-08-21T20:20:00Z,16.33
2026-08-21T20:25:00Z,16.17
2026-08-21T20:30:00Z,16.09
2026-08-21T20:35:00Z,16.0
2026-08-21T20:40:00Z,16.0
2026-08-21T20:45:00Z,16.0
2026-08-21T20:50:00Z,15.9
2026-08-21T20:55:00Z,15.86
2026-08-21T21:00:00Z,15.8
2026-08-21T21:05:00Z,15.8
2026-08-21T21:10:00Z,15.8
2026-08-21T21:15:00Z,15.8
2026-08-21T21:20:00Z,15.79
2026-08-21T21:25:00Z,15.72
2026-08-21T21:30:00Z,15.7
2026-08-21T21:35:00Z,15.7
2026-08-21T21:40:00Z,15.7
2026-08-21T21:45:00Z,15.8
2026-08-21T21:50:00Z,15.8
2026-08-21T21:55:00Z,15.76
2026-08-21T22:00:00Z,15.73
2026-08-21T22:05:00Z,15.76
2026-08-21T22:10:00Z,15.81
2026-08-21T22:15:00Z,15.9
2026-08-21T22:20:00Z,15.87
2026-08-21T22:25:00Z,15.88
2026-08-21T22:30:00Z,15.8
2026-08-21T22:35:00Z,15.8
2026-08-21T22:40:00Z,15.8
2026-08-21T22:45:00Z,15.73
2026-08-21T22:50:00Z,15.7
2026-08-21T22:55:00Z,15.7
2026-08-21T23:00:00Z,15.7
2026-08-21T23:05:00Z,15.77
2026-08-21T23:10:00Z,15.8
2026-08-21T23:15:00Z,15.8
2026-08-21T23:20:00Z,15.81
2026-08-21T23:25:00Z,15.9
2026-08-21T23:30:00Z,15.9
2026-08-21T23:35:00Z,15.88
2026-08-21T23:40:00Z,15.8
2026-08-21T23:45:00Z,15.8
2026-08-21T23:50:00Z,15.87
2026-08-21T23:55:00Z,15.86
2026-08-22T00:00:00Z,15.8
2026-08-22T00:05:00Z,15.77
2026-08-22T00:10:00Z,15.7
2026-08-22T00:15:00Z,15.7
2026-08-22T00:20:00Z,15.7
2026-08-22T00:25:00Z,15.63
2026-08-22T00:30:00Z,15.56
2026-08-22T00:35:00Z,15.5
2026-08-22T00:40:00Z,15.49
2026-08-22T00:45:00Z,15.4
2026-08-22T00:50:00Z,15.46
2026-08-22T00:55:00Z,15.5
2026-08-22T01:00:00Z,15.5
2026-08-22T01:05:00Z,15.4
2026-08-22T01:10:00Z,15.42
2026-08-22T01:15:00Z,15.4
2026-08-22T01:20:00Z,15.4
2026-08-22T01:25:00Z,15.4
2026-08-22T01:30:00Z,15.31
2026-08-22T01:35:00Z,15.3
2026-08-22T01:40:00Z,15.23
2026-08-22T01:45:00Z,15.1
2026-08-22T01:50:00Z,15.11
2026-08-22T01:55:00Z,15.1
2026-08-22T02:00:00Z,15.0
2026-08-22T02:05:00Z,15.0
2026-08-22T02:10:00Z,14.88
2026-08-22T02:15:00Z,14.8
2026-08-22T02:20:00Z,14.8
2026-08-22T02:25:00Z,14.7
2026-08-22T02:30:00Z,14.64
2026-08-22T02:35:00Z,14.6
2026-08-22T02:40:00Z,14.58
2026-08-22T02:45:00Z,14.46
2026-08-22T02:50:00Z,14.37
2026-08-22T02:55:00Z,14.28
2026-08-22T03:00:00Z,14.2
2026-08-22T03:05:00Z,14.08
2026-08-22T03:10:00Z,14.0
2026-08-22T03:15:00Z,13.92
2026-08-22T03:20:00Z,13.89
2026-08-22T03:25:00Z,13.83
2026-08-22T03:30:00Z,13.8
2026-08-22T03:35:00Z,13.7
2026-08-22T03:40:00Z,13.7
2026-08-22T03:45:00Z,13.7
2026-08-22T03:50:00Z,13.7
2026-08-22T03:55:00Z,13.67
2026-08-22T04:00:00Z,13.6
2026-08-22T04:05:00Z,13.55
2026-08-22T04:10:00Z,13.49
2026-08-22T04:15:00Z,13.4
2026-08-22T04:20:00Z,13.39
2026-08-22T04:25:00Z,13.3
2026-08-22T04:30:00Z,13.3
2026-08-22T04:35:00Z,13.21
2026-08-22T04:40:00Z,13.13
2026-08-22T04:45:00Z,13.1
2026-08-22T04:50:00Z,13.0
2026-08-22T04:55:00Z,13.0
2026-08-22T05:00:00Z,13.0
2026-08-22T05:05:00Z,13.0
2026-08-22T05:10:00Z,13.0
2026-08-22T05:15:00Z,12.93
2026-08-22T05:20:00Z,12.9
2026-08-22T05:25:00Z,12.9
2026-08-22T05:30:00Z,12.9
2026-08-22T05:35:00Z,12.9
2026-08-22T05:40:00Z,12.9
2026-08-22T05:45:00Z,12.9
2026-08-22T05:50:00Z,12.94
2026-08-22T05:55:00Z,13.0
2026-08-22T06:00:00Z,12.99
2026-08-22T06:05:00Z,12.98
2026-08-22T06:10:00Z,13.05
2026-08-22T06:15:00Z,13.09
2026-08-22T06:20:00Z,13.1
2026-08-22T06:25:00Z,13.14
2026-08-22T06:30:00Z,13.2
2026-08-22T06:35:00Z,13.25
2026-08-22T06:40:00Z,13.38
2026-08-22T06:45:00Z,13.47
2026-08-22T06:50:00Z,13.6
2026-08-22T06:55:00Z,13.62
2026-08-22T07:00:00Z,13.74
2026-08-22T07:05:00Z,13.8
2026-08-22T07:10:00Z,13.86
2026-08-22T07:15:00Z,14.0
2026-08-22T07:20:00Z,14.06
2026-08-22T07:25:00Z,14.17
2026-08-22T07:30:00Z,14.31
2026-08-22T07:35:00Z,14.4
2026-08-22T07:40:00Z,14.46
2026-08-22T07:45:00Z,14.55
2026-08-22T07:50:00Z,14.64
2026-08-22T07:55:00Z,14.84
2026-08-22T08:00:00Z,14.96
2026-08-22T08:05:00Z,15.07
2026-08-22T08:10:00Z,15.15
2026-08-22T08:15:00Z,15.25
2026-08-22T08:20:00Z,15.45
2026-08-22T08:25:00Z,15.6
2026-08-22T08:30:00Z,15.7
2026-08-22T08:35:00Z,15.85
2026-08-22T08:40:00Z,15.9
2026-08-22T08:45:00Z,15.97
2026-08-22T08:50:00Z,16.02
2026-08-22T08:55:00Z,16.17
2026-08-22T09:00:00Z,16.29
2026-08-22T09:05:00Z,16.4
2026-08-22T09:10:00Z,16.49
2026-08-22T09:15:00Z,16.63
2026-08-22T09:20:00Z,16.7
2026-08-22T09:25:00Z,16.76
2026-08-22T09:30:00Z,16.9
2026-08-22T09:35:00Z,16.98
2026-08-22T09:40:00Z,17.22
2026-08-22T09:45:00Z,17.43
2026-08-22T09:50:00Z,17.6
2026-08-22T09:55:00Z,17.53
2026-08-22T10:00:00Z,17.66
2026-08-22T10:05:00Z,17.69
2026-08-22T10:10:00Z,18.0
2026-08-22T10:15:00Z,18.07
2026-08-22T10:20:00Z,18.35
2026-08-22T10:25:00Z,18.37
2026-08-22T10:30:00Z,18.7
2026-08-22T10:35:00Z,18.66
2026-08-22T10:40:00Z,18.7
2026-08-22T10:45:00Z,18.7
2026-08-22T10:50:00Z,18.77
2026-08-22T10:55:00Z,19.01
2026-08-22T11:00:00Z,19.49
2026-08-22T11:05:00Z,19.57
2026-08-22T11:10:00Z,19.46
2026-08-22T11:15:00Z,19.2
2026-08-22T11:20:00Z,19.68
2026-08-22T11:25:00Z,20.42
2026-08-22T11:30:00Z,20.07
2026-08-22T11:35:00Z,20.57
2026-08-22T11:40:00Z,21.38
2026-08-22T11:45:00Z,21.83
2026-08-22T11:50:00Z,22.58
2026-08-22T11:55:00Z,23.25
2026-08-22T12:00:00Z,23.56
2026-08-22T12:05:00Z,23.9
2026-08-22T12:10:00Z,24.3
2026-08-22T12:15:00Z,22.66
2026-08-22T12:20:00Z,21.79
2026-08-22T12:25:00Z,22.96
2026-08-22T12:30:00Z,23.18
2026-08-22T12:35:00Z,22.4
2026-08-22T12:40:00Z,22.91
2026-08-22T12:45:00Z,24.19
2026-08-22T12:50:00Z,24.55
2026-08-22T12:55:00Z,25.07
2026-08-22T13:00:00Z,24.88
2026-08-22T13:05:00Z,25.16
2026-08-22T13:10:00Z,24.97
2026-08-22T13:15:00Z,23.59
2026-08-22T13:20:00Z,23.47
2026-08-22T13:25:00Z,23.43
2026-08-22T13:30:00Z,24.38
2026-08-22T13:35:00Z,25.05
2026-08-22T13:40:00Z,24.74
2026-08-22T13:45:00Z,24.72
2026-08-22T13:50:00Z,25.36
2026-08-22T13:55:00Z,25.53
2026-08-22T14:00:00Z,25.48
2026-08-22T14:05:00Z,25.86
2026-08-22T14:10:00Z,26.06
2026-08-22T14:15:00Z,25.67
2026-08-22T14:20:00Z,24.14
2026-08-22T14:25:00Z,23.3
2026-08-22T14:30:00Z,24.06
2026-08-22T14:35:00Z,24.98
2026-08-22T14:40:00Z,24.51
2026-08-22T14:45:00Z,24.79
2026-08-22T14:50:00Z,24.82
2026-08-22T14:55:00Z,24.9
2026-08-22T15:00:00Z,25.49
2026-08-22T15:05:00Z,25.58
2026-08-22T15:10:00Z,26.13
2026-08-22T15:15:00Z,25.96
2026-08-22T15:20:00Z,25.08
2026-08-22T15:25:00Z,24.72
2026-08-22T15:30:00Z,24.14
2026-08-22T15:35:00Z,24.26
2026-08-22T15:40:00Z,25.71
2026-08-22T15:45:00Z,26.26
2026-08-22T15:50:00Z,26.66
2026-08-22T15:55:00Z,26.84
2026-08-22T16:00:00Z,26.73
2026-08-22T16:05:00Z,26.76
2026-08-22T16:10:00Z,26.47
2026-08-22T16:15:00Z,26.39
2026-08-22T16:20:00Z,25.69
2026-08-22T16:25:00Z,24.8
2026-08-22T16:30:00Z,24.09
2026-08-22T16:35:00Z,24.09
2026-08-22T16:40:00Z,24.73
2026-08-22T16:45:00Z,24.43
2026-08-22T16:50:00Z,23.95
2026-08-22T16:55:00Z,25.21
2026-08-22T17:00:00Z,25.98
2026-08-22T17:05:00Z,26.29
2026-08-22T17:10:00Z,25.85
2026-08-22T17:15:00Z,25.48
2026-08-22T17:20:00Z,25.86
2026-08-22T17:25:00Z,25.49
2026-08-22T17:30:00Z,24.61
2026-08-22T17:35:00Z,23.88
2026-08-22T17:40:00Z,23.44
2026-08-22T17:45:00Z,23.24
2026-08-22T17:50:00Z,23.03
2026-08-22T17:55:00Z,22.81
2026-08-22T18:00:00Z,22.51
2026-08-22T18:05:00Z,22.34
2026-08-22T18:10:00Z,22.28
2026-08-22T18:15:00Z,22.24
2026-08-22T18:20:00Z,22.17
2026-08-22T18:25:00Z,22.14
2026-08-22T18:30:00Z,21.88
2026-08-22T18:35:00Z,21.83
2026-08-22T18:40:00Z,21.61
2026-08-22T18:45:00Z,21.46
2026-08-22T18:50:00Z,21.22
2026-08-22T18:55:00Z,21.2
2026-08-22T19:00:00Z,21.1
2026-08-22T19:05:00Z,20.91
2026-08-22T19:10:00Z,20.71
2026-08-22T19:15:00Z,20.63
2026-08-22T19:20:00Z,20.56
2026-08-22T19:25:00Z,20.42
2026-08-22T19:30:00Z,20.23
2026-08-22T19:35:00Z,19.86
2026-08-22T19:40:00Z,19.8
2026-08-22T19:45:00Z,19.73
2026-08-22T19:50:00Z,19.6
2026-08-22T19:55:00Z,19.6
2026-08-22T20:00:00Z,19.6
2026-08-22T20:05:00Z,19.53
2026-08-22T20:10:00Z,19.49
2026-08-22T20:15:00Z,19.32
2026-08-22T20:20:00Z,19.35
2026-08-22T20:25:00Z,19.23
2026-08-22T20:30:00Z,19.17
2026-08-22T20:35:00Z,19.07
2026-08-22T20:40:00Z,18.95
2026-08-22T20:45:00Z,18.82
2026-08-22T20:50:00Z,18.83
2026-08-22T20:55:00Z,18.73
2026-08-22T21:00:00Z,18.7
2026-08-22T21:05:00Z,18.61
2026-08-22T21:10:00Z,18.52
2026-08-22T21:15:00Z,18.5
2026-08-22T21:20:00Z,18.41
2026-08-22T21:25:00Z,18.32
2026-08-22T21:30:00Z,18.3
2026-08-22T21:35:00Z,18.25
2026-08-22T21:40:00Z,18.17
2026-08-22T21:45:00Z,18.0
2026-08-22T21:50:00Z,17.9
2026-08-22T21:55:00Z,17.81
2026-08-22T22:00:00Z,17.8
2026-08-22T22:05:00Z,17.83
2026-08-22T22:10:00Z,17.75
2026-08-22T22:15:00Z,17.6
2026-08-22T22:20:00Z,17.57
2026-08-22T22:25:00Z,17.44
2026-08-22T22:30:00Z,17.36
2026-08-22T22:35:00Z,17.33
2026-08-22T22:40:00Z,17.3
2026-08-22T22:45:00Z,17.21
2026-08-22T22:50:00Z,17.19
2026-08-22T22:55:00Z,17.2
2026-08-22T23:00:00Z,17.19
2026-08-22T23:05:00Z,17.1
2026-08-22T23:10:00Z,17.05
2026-08-22T23:15:00Z,17.0
2026-08-22T23:20:00Z,16.93
2026-08-22T23:25:00Z,16.9
2026-08-22T23:30:00Z,16.8
2026-08-22T23:35:00Z,16.77
2026-08-22T23:40:00Z,16.7
2026-08-22T23:45:00Z,16.7
2026-08-22T23:50:00Z,16.65
2026-08-22T23:55:00Z,16.6
2026-08-23T00:00:00Z,16.52
2026-08-23T00:05:00Z,16.47
2026-08-23T00:10:00Z,16.36
2026-08-23T00:15:00Z,16.3
2026-08-23T00:20:00Z,16.25
2026-08-23T00:25:00Z,16.2
2026-08-23T00:30:00Z,16.2
2026-08-23T00:35:00Z,16.2
2026-08-23T00:40:00Z,16.2
2026-08-23T00:45:00Z,16.19
2026-08-23T00:50:00Z,16.17
2026-08-23T00:55:00Z,16.15
2026-08-23T01:00:00Z,16.06
2026-08-23T01:05:00Z,16.0
2026-08-23T01:10:00Z,16.0
2026-08-23T01:15:00Z,15.99
2026-08-23T01:20:00Z,15.9
2026-08-23T01:25:00Z,15.9
2026-08-23T01:30:00Z,15.9
2026-08-23T01:35:00Z,15.9
2026-08-23T01:40:00Z,15.86
2026-08-23T01:45:00Z,15.8
2026-08-23T01:50:00Z,15.7
2026-08-23T01:55:00Z,15.7
2026-08-23T02:00:00Z,15.7
2026-08-23T02:05:00Z,15.7
2026-08-23T02:10:00Z,15.7
2026-08-23T02:15:00Z,15.7
2026-08-23T02:20:00Z,15.7
2026-08-23T02:25:00Z,15.68
2026-08-23T02:30:00Z,15.56
2026-08-23T02:35:00Z,15.5
2026-08-23T02:40:00Z,15.42
2026-08-23T02:45:00Z,15.37
2026-08-23T02:50:00Z,15.35
2026-08-23T02:55:00Z,15.3
2026-08-23T03:00:00Z,15.3
2026-08-23T03:05:00Z,15.3
2026-08-23T03:10:00Z,15.3
2026-08-23T03:15:00Z,15.3
2026-08-23T03:20:00Z,15.3
2026-08-23T03:25:00Z,15.3
2026-08-23T03:30:00Z,15.3
2026-08-23T03:35:00Z,15.3
2026-08-23T03:40:00Z,15.28
2026-08-23T03:45:00Z,15.2
2026-08-23T03:50:00Z,15.2
2026-08-23T03:55:00Z,15.2
2026-08-23T04:00:00Z,15.2
2026-08-23T04:05:00Z,15.1
2026-08-23T04:10:00Z,15.0
2026-08-23T04:15:00Z,14.95
2026-08-23T04:20:00Z,14.87
2026-08-23T04:25:00Z,14.88
2026-08-23T04:30:00Z,14.8
2026-08-23T04:35:00Z,14.8
2026-08-23T04:40:00Z,14.8
2026-08-23T04:45:00Z,14.8
2026-08-23T04:50:00Z,14.71
2026-08-23T04:55:00Z,14.7
2026-08-23T05:00:00Z,14.7
2026-08-23T05:05:00Z,14.75
2026-08-23T05:10:00Z,14.72
2026-08-23T05:15:00Z,14.7
2026-08-23T05:20:00Z,14.7
2026-08-23T05:25:00Z,14.7
2026-08-23T05:30:00Z,14.7
2026-08-23T05:35:00Z,14.71
2026-08-23T05:40:00Z,14.8
2026-08-23T05:45:00Z,14.83
2026-08-23T05:50:00Z,14.9
2026-08-23T05:55:00Z,14.9
2026-08-23T06:00:00Z,14.9
2026-08-23T06:05:00Z,14.9
2026-08-23T06:10:00Z,14.9
2026-08-23T06:15:00Z,14.99
2026-08-23T06:20:00Z,15.0
2026-08-23T06:25:00Z,15.09
2026-08-23T06:30:00Z,15.12
2026-08-23T06:35:00Z,15.2
2026-08-23T06:40:00Z,15.2
2026-08-23T06:45:00Z,15.25
2026-08-23T06:50:00Z,15.35
2026-08-23T06:55:00Z,15.42
2026-08-23T07:00:00Z,15.54
2026-08-23T07:05:00Z,15.65
2026-08-23T07:10:00Z,15.77
2026-08-23T07:15:00Z,15.89
2026-08-23T07:20:00Z,15.96
2026-08-23T07:25:00Z,16.04
2026-08-23T07:30:00Z,16.15
2026-08-23T07:35:00Z,16.27
2026-08-23T07:40:00Z,16.41
2026-08-23T07:45:00Z,16.6
2026-08-23T07:50:00Z,16.77
2026-08-23T07:55:00Z,16.85
2026-08-23T08:00:00Z,16.98
2026-08-23T08:05:00Z,17.15
2026-08-23T08:10:00Z,17.27
2026-08-23T08:15:00Z,17.36
2026-08-23T08:20:00Z,17.38
2026-08-23T08:25:00Z,17.4
2026-08-23T08:30:00Z,17.58
2026-08-23T08:35:00Z,17.6
2026-08-23T08:40:00Z,17.6
2026-08-23T08:45:00Z,17.75
2026-08-23T08:50:00Z,17.9
2026-08-23T08:55:00Z,18.07
2026-08-23T09:00:00Z,18.25
2026-08-23T09:05:00Z,18.3
2026-08-23T09:10:00Z,18.38
2026-08-23T09:15:00Z,18.42
2026-08-23T09:20:00Z,18.5
2026-08-23T09:25:00Z,18.55
2026-08-23T09:30:00Z,18.67
2026-08-23T09:35:00Z,18.75
2026-08-23T09:40:00Z,18.9
2026-08-23T09:45:00Z,18.92
2026-08-23T09:50:00Z,19.06
2026-08-23T09:55:00Z,19.23
2026-08-23T10:00:00Z,19.45
2026-08-23T10:05:00Z,19.64
2026-08-23T10:10:00Z,19.73
2026-08-23T10:15:00Z,19.8
2026-08-23T10:20:00Z,20.06
2026-08-23T10:25:00Z,20.38
2026-08-23T10:30:00Z,20.5
2026-08-23T10:35:00Z,21.03
2026-08-23T10:40:00Z,21.45
2026-08-23T10:45:00Z,21.72
2026-08-23T10:50:00Z,21.58
2026-08-23T10:55:00Z,21.32
2026-08-23T11:00:00Z,21.46
2026-08-23T11:05:00Z,21.83
2026-08-23T11:10:00Z,22.0
2026-08-23T11:15:00Z,22.6
2026-08-23T11:20:00Z,23.2
2026-08-23T11:25:00Z,23.16
2026-08-23T11:30:00Z,22.46
2026-08-23T11:35:00Z,21.97
2026-08-23T11:40:00Z,21.77
2026-08-23T11:45:00Z,21.53
2026-08-23T11:50:00Z,21.49
2026-08-23T11:55:00Z,21.51
2026-08-23T12:00:00Z,21.77
2026-08-23T12:05:00Z,21.94
2026-08-23T12:10:00Z,21.69
2026-08-23T12:15:00Z,21.63
2026-08-23T12:20:00Z,21.91
2026-08-23T12:25:00Z,23.34
2026-08-23T12:30:00Z,25.04
2026-08-23T12:35:00Z,26.01
2026-08-23T12:40:00Z,26.35
2026-08-23T12:45:00Z,26.44
2026-08-23T12:50:00Z,26.33
2026-08-23T12:55:00Z,26.55
2026-08-23T13:00:00Z,25.94
2026-08-23T13:05:00Z,25.0
2026-08-23T13:10:00Z,24.82
2026-08-23T13:15:00Z,24.63
2026-08-23T13:20:00Z,24.51
2026-08-23T13:25:00Z,24.36
2026-08-23T13:30:00Z,24.08
2026-08-23T13:35:00Z,23.91
2026-08-23T13:40:00Z,24.17
2026-08-23T13:45:00Z,24.35
2026-08-23T13:50:00Z,25.49
2026-08-23T13:55:00Z,26.06
2026-08-23T14:00:00Z,26.18
2026-08-23T14:05:00Z,26.21
2026-08-23T14:10:00Z,26.48
2026-08-23T14:15:00Z,26.64
2026-08-23T14:20:00Z,27.28
2026-08-23T14:25:00Z,28.21
2026-08-23T14:30:00Z,27.71
2026-08-23T14:35:00Z,26.74
2026-08-23T14:40:00Z,26.18
2026-08-23T14:45:00Z,25.58
2026-08-23T14:50:00Z,25.26
2026-08-23T14:55:00Z,25.03
2026-08-23T15:00:00Z,25.89
2026-08-23T15:05:00Z,26.72
2026-08-23T15:10:00Z,27.76
2026-08-23T15:15:00Z,28.56
2026-08-23T15:20:00Z,28.31
2026-08-23T15:25:00Z,28.72
2026-08-23T15:30:00Z,28.2
2026-08-23T15:35:00Z,27.76
2026-08-23T15:40:00Z,27.76
2026-08-23T15:45:00Z,27.16
2026-08-23T15:50:00Z,26.12
2026-08-23T15:55:00Z,25.3
2026-08-23T16:00:00Z,25.15
2026-08-23T16:05:00Z,24.96
2026-08-23T16:10:00Z,25.6
2026-08-23T16:15:00Z,26.65
2026-08-23T16:20:00Z,26.44
2026-08-23T16:25:00Z,25.78
2026-08-23T16:30:00Z,25.7
2026-08-23T16:35:00Z,26.68
2026-08-23T16:40:00Z,27.59
2026-08-23T16:45:00Z,27.35
2026-08-23T16:50:00Z,27.56
2026-08-23T16:55:00Z,27.45
2026-08-23T17:00:00Z,27.4
2026-08-23T17:05:00Z,27.89
2026-08-23T17:10:00Z,27.9
2026-08-23T17:15:00Z,28.01
2026-08-23T17:20:00Z,28.31
2026-08-23T17:25:00Z,27.61
2026-08-23T17:30:00Z,26.2
2026-08-23T17:35:00Z,25.98
2026-08-23T17:40:00Z,25.52
2026-08-23T17:45:00Z,24.79
2026-08-23T17:50:00Z,23.81
2026-08-23T17:55:00Z,23.02
2026-08-23T18:00:00Z,22.71
2026-08-23T18:05:00Z,22.41
2026-08-23T18:10:00Z,22.29
2026-08-23T18:15:00Z,22.04
2026-08-23T18:20:00Z,21.76
2026-08-23T18:25:00Z,21.57
2026-08-23T18:30:00Z,21.3
2026-08-23T18:35:00Z,21.13
2026-08-23T18:40:00Z,21.03
2026-08-23T18:45:00Z,20.85
2026-08-23T18:50:00Z,20.7
2026-08-23T18:55:00Z,20.59
2026-08-23T19:00:00Z,20.52
2026-08-23T19:05:00Z,20.6
2026-08-23T19:10:00Z,20.17
2026-08-23T19:15:00Z,20.05
2026-08-23T19:20:00Z,20.07
2026-08-23T19:25:00Z,20.03
2026-08-23T19:30:00Z,20.04
2026-08-23T19:35:00Z,19.95
2026-08-23T19:40:00Z,19.73
2026-08-23T19:45:00Z,19.63
2026-08-23T19:50:00Z,19.54
2026-08-23T19:55:00Z,19.49
2026-08-23T20:00:00Z,19.4
2026-08-23T20:05:00Z,19.33
2026-08-23T20:10:00Z,19.33
2026-08-23T20:15:00Z,19.37
2026-08-23T20:20:00Z,19.21
2026-08-23T20:25:00Z,19.15
2026-08-23T20:30:00Z,19.08
2026-08-23T20:35:00Z,19.02
2026-08-23T20:40:00Z,19.04
2026-08-23T20:45:00Z,19.01
2026-08-23T20:50:00Z,19.04
2026-08-23T20:55:00Z,19.07
2026-08-23T21:00:00Z,19.08
2026-08-23T21:05:00Z,19.1
2026-08-23T21:10:00Z,19.1
2026-08-23T21:15:00Z,19.06
2026-08-23T21:20:00Z,18.97
2026-08-23T21:25:00Z,18.9
2026-08-23T21:30:00Z,18.8
2026-08-23T21:35:00Z,18.8
2026-08-23T21:40:00Z,18.8
2026-08-23T21:45:00Z,18.8
2026-08-23T21:50:00Z,18.73
2026-08-23T21:55:00Z,18.6
2026-08-23T22:00:00Z,18.47
2026-08-23T22:05:00Z,18.4
2026-08-23T22:10:00Z,18.28
2026-08-23T22:15:00Z,18.11
2026-08-23T22:20:00Z,18.0
2026-08-23T22:25:00Z,17.93
2026-08-23T22:30:00Z,17.96
2026-08-23T22:35:00Z,17.84
2026-08-23T22:40:00Z,17.7
2026-08-23T22:45:00Z,17.64
2026-08-23T22:50:00Z,17.6
2026-08-23T22:55:00Z,17.58
2026-08-23T23:00:00Z,17.46
2026-08-23T23:05:00Z,17.36
2026-08-23T23:10:00Z,17.2
2026-08-23T23:15:00Z,17.28
2026-08-23T23:20:00Z,17.2
2026-08-23T23:25:00Z,17.21
2026-08-23T23:30:00Z,17.3
2026-08-23T23:35:00Z,17.3
2026-08-23T23:40:00Z,17.22
2026-08-23T23:45:00Z,17.1
2026-08-23T23:50:00Z,17.1
2026-08-23T23:55:00Z,17.1
2026-08-24T00:00:00Z,17.04
2026-08-24T00:05:00Z,17.0
2026-08-24T00:10:00Z,16.92
2026-08-24T00:15:00Z,16.83
2026-08-24T00:20:00Z,16.8
2026-08-24T00:25:00Z,16.78
2026-08-24T00:30:00Z,16.7
2026-08-24T00:35:00Z,16.62
2026-08-24T00:40:00Z,16.54
2026-08-24T00:45:00Z,16.5
2026-08-24T00:50:00Z,16.41
2026-08-24T00:55:00Z,16.38
2026-08-24T01:00:00Z,16.3
2026-08-24T01:05:00Z,16.2
2026-08-24T01:10:00Z,16.15
2026-08-24T01:15:00Z,16.12
2026-08-24T01:20:00Z,16.09
2026-08-24T01:25:00Z,16.0
2026-08-24T01:30:00Z,15.91
2026-08-24T01:35:00Z,15.9
2026-08-24T01:40:00Z,15.8
2026-08-24T01:45:00Z,15.74
2026-08-24T01:50:00Z,15.69
2026-08-24T01:55:00Z,15.59
2026-08-24T02:00:00Z,15.5
2026-08-24T02:05:00Z,15.44
2026-08-24T02:10:00Z,15.37
2026-08-24T02:15:00Z,15.3
2026-08-24T02:20:00Z,15.23
2026-08-24T02:25:00Z,15.2
2026-08-24T02:30:00Z,15.12
2026-08-24T02:35:00Z,15.01
2026-08-24T02:40:00Z,15.0
2026-08-24T02:45:00Z,14.98
2026-08-24T02:50:00Z,14.9
2026-08-24T02:55:00Z,14.9
2026-08-24T03:00:00Z,14.87
2026-08-24T03:05:00Z,14.8
2026-08-24T03:10:00Z,14.75
2026-08-24T03:15:00Z,14.69
2026-08-24T03:20:00Z,14.6
2026-08-24T03:25:00Z,14.6
2026-08-24T03:30:00Z,14.6
2026-08-24T03:35:00Z,14.6
2026-08-24T03:40:00Z,14.57
2026-08-24T03:45:00Z,14.5
2026-08-24T03:50:00Z,14.5
2026-08-24T03:55:00Z,14.4
2026-08-24T04:00:00Z,14.4
2026-08-24T04:05:00Z,14.3
2026-08-24T04:10:00Z,14.3
2026-08-24T04:15:00Z,14.3
2026-08-24T04:20:00Z,14.25
2026-08-24T04:25:00Z,14.2
2026-08-24T04:30:00Z,14.11
2026-08-24T04:35:00Z,14.12
2026-08-24T04:40:00Z,14.1
2026-08-24T04:45:00Z,14.05
2026-08-24T04:50:00Z,14.08
2026-08-24T04:55:00Z,14.0
2026-08-24T05:00:00Z,13.99
2026-08-24T05:05:00Z,13.9
2026-08-24T05:10:00Z,13.84
2026-08-24T05:15:00Z,13.8
2026-08-24T05:20:00Z,13.8
2026-08-24T05:25:00Z,13.8
2026-08-24T05:30:00Z,13.8
2026-08-24T05:35:00Z,13.8
2026-08-24T05:40:00Z,13.87
2026-08-24T05:45:00Z,13.9
2026-08-24T05:50:00Z,13.92
2026-08-24T05:55:00Z,14.02
2026-08-24T06:00:00Z,14.1
2026-08-24T06:05:00Z,14.13
2026-08-24T06:10:00Z,14.23
2026-08-24T06:15:00Z,14.3
2026-08-24T06:20:00Z,14.38
2026-08-24T06:25:00Z,14.46
2026-08-24T06:30:00Z,14.58
2026-08-24T06:35:00Z,14.63
2026-08-24T06:40:00Z,14.74
2026-08-24T06:45:00Z,14.92
2026-08-24T06:50:00Z,15.06
2026-08-24T06:55:00Z,15.15
2026-08-24T07:00:00Z,15.31
2026-08-24T07:05:00Z,15.47
2026-08-24T07:10:00Z,15.63
2026-08-24T07:15:00Z,15.74
2026-08-24T07:20:00Z,15.86
2026-08-24T07:25:00Z,15.9
2026-08-24T07:30:00Z,15.9
2026-08-24T07:35:00Z,16.02
2026-08-24T07:40:00Z,16.23
2026-08-24T07:45:00Z,16.34
2026-08-24T07:50:00Z,16.53
2026-08-24T07:55:00Z,16.7
2026-08-24T08:00:00Z,16.86
2026-08-24T08:05:00Z,17.07
2026-08-24T08:10:00Z,17.35
2026-08-24T08:15:00Z,17.46
2026-08-24T08:20:00Z,17.63
2026-08-24T08:25:00Z,17.79
2026-08-24T08:30:00Z,17.85
2026-08-24T08:35:00Z,18.14
2026-08-24T08:40:00Z,18.46
2026-08-24T08:45:00Z,18.58
2026-08-24T08:50:00Z,18.37
2026-08-24T08:55:00Z,18.32
2026-08-24T09:00:00Z,18.41
2026-08-24T09:05:00Z,18.58
2026-08-24T09:10:00Z,18.73
2026-08-24T09:15:00Z,18.86
2026-08-24T09:20:00Z,18.95
2026-08-24T09:25:00Z,18.85
2026-08-24T09:30:00Z,18.83
2026-08-24T09:35:00Z,18.62
2026-08-24T09:40:00Z,18.75
2026-08-24T09:45:00Z,18.89
2026-08-24T09:50:00Z,19.0
2026-08-24T09:55:00Z,19.16
2026-08-24T10:00:00Z,19.24
2026-08-24T10:05:00Z,19.22
2026-08-24T10:10:00Z,19.27
2026-08-24T10:15:00Z,19.37
2026-08-24T10:20:00Z,19.48
2026-08-24T10:25:00Z,19.72
2026-08-24T10:30:00Z,20.1
2026-08-24T10:35:00Z,20.37
2026-08-24T10:40:00Z,20.73
2026-08-24T10:45:00Z,20.71
2026-08-24T10:50:00Z,20.91
2026-08-24T10:55:00Z,20.97
2026-08-24T11:00:00Z,20.98
2026-08-24T11:05:00Z,20.59
2026-08-24T11:10:00Z,20.3
2026-08-24T11:15:00Z,20.3
2026-08-24T11:20:00Z,20.1
2026-08-24T11:25:00Z,20.29
2026-08-24T11:30:00Z,20.71
2026-08-24T11:35:00Z,20.82
2026-08-24T11:40:00Z,20.68
2026-08-24T11:45:00Z,21.12
2026-08-24T11:50:00Z,21.95
2026-08-24T11:55:00Z,21.92
2026-08-24T12:00:00Z,22.16
2026-08-24T12:05:00Z,23.16
2026-08-24T12:10:00Z,23.84
2026-08-24T12:15:00Z,24.29
2026-08-24T12:20:00Z,24.12
2026-08-24T12:25:00Z,24.36
2026-08-24T12:30:00Z,24.26
2026-08-24T12:35:00Z,24.56
2026-08-24T12:40:00Z,24.7
2026-08-24T12:45:00Z,24.48
2026-08-24T12:50:00Z,24.38
2026-08-24T12:55:00Z,23.93
2026-08-24T13:00:00Z,24.02
2026-08-24T13:05:00Z,24.68
2026-08-24T13:10:00Z,24.21
2026-08-24T13:15:00Z,23.87
2026-08-24T13:20:00Z,24.19
2026-08-24T13:25:00Z,24.65
2026-08-24T13:30:00Z,25.3
2026-08-24T13:35:00Z,25.55
2026-08-24T13:40:00Z,24.46
2026-08-24T13:45:00Z,24.0
2026-08-24T13:50:00Z,24.41
2026-08-24T13:55:00Z,24.4
2026-08-24T14:00:00Z,24.47
2026-08-24T14:05:00Z,24.65
2026-08-24T14:10:00Z,23.59
2026-08-24T14:15:00Z,24.32
2026-08-24T14:20:00Z,24.34
2026-08-24T14:25:00Z,24.75
2026-08-24T14:30:00Z,25.35
2026-08-24T14:35:00Z,24.48
2026-08-24T14:40:00Z,24.63
2026-08-24T14:45:00Z,24.27
2026-08-24T14:50:00Z,24.6
2026-08-24T14:55:00Z,24.49
2026-08-24T15:00:00Z,25.27
2026-08-24T15:05:00Z,25.68
2026-08-24T15:10:00Z,25.74
2026-08-24T15:15:00Z,25.67
2026-08-24T15:20:00Z,25.82
2026-08-24T15:25:00Z,24.91
2026-08-24T15:30:00Z,25.15
2026-08-24T15:35:00Z,25.62
2026-08-24T15:40:00Z,25.49
2026-08-24T15:45:00Z,25.32
2026-08-24T15:50:00Z,25.45
2026-08-24T15:55:00Z,25.03
2026-08-24T16:00:00Z,23.64
2026-08-24T16:05:00Z,23.9
2026-08-24T16:10:00Z,23.68
2026-08-24T16:15:00Z,23.17
2026-08-24T16:20:00Z,23.06
2026-08-24T16:25:00Z,23.5
2026-08-24T16:30:00Z,23.85
2026-08-24T16:35:00Z,22.84
2026-08-24T16:40:00Z,23.29
2026-08-24T16:45:00Z,24.27
2026-08-24T16:50:00Z,24.41
2026-08-24T16:55:00Z,24.36
2026-08-24T17:00:00Z,24.34
2026-08-24T17:05:00Z,24.18
2026-08-24T17:10:00Z,24.09
2026-08-24T17:15:00Z,23.7
2026-08-24T17:20:00Z,23.21
2026-08-24T17:25:00Z,22.72
2026-08-24T17:30:00Z,22.24
2026-08-24T17:35:00Z,21.73
2026-08-24T17:40:00Z,21.41
2026-08-24T17:45:00Z,21.1
2026-08-24T17:50:00Z,21.14
2026-08-24T17:55:00Z,21.06
2026-08-24T18:00:00Z,20.81
2026-08-24T18:05:00Z,20.64
2026-08-24T18:10:00Z,20.6
2026-08-24T18:15:00Z,20.4
2026-08-24T18:20:00Z,20.06
2026-08-24T18:25:00Z,20.17
2026-08-24T18:30:00Z,19.85
2026-08-24T18:35:00Z,19.73
2026-08-24T18:40:00Z,19.87
2026-08-24T18:45:00Z,19.81
2026-08-24T18:50:00Z,19.71
2026-08-24T18:55:00Z,19.68
2026-08-24T19:00:00Z,19.57
2026-08-24T19:05:00Z,19.49
2026-08-24T19:10:00Z,19.42
2026-08-24T19:15:00Z,19.47
2026-08-24T19:20:00Z,19.23
2026-08-24T19:25:00Z,19.17
2026-08-24T19:30:00Z,19.14
2026-08-24T19:35:00Z,19.1
2026-08-24T19:40:00Z,19.04
2026-08-24T19:45:00Z,18.95
2026-08-24T19:50:00Z,18.9
2026-08-24T19:55:00Z,18.9
2026-08-24T20:00:00Z,18.87
2026-08-24T20:05:00Z,18.79
2026-08-24T20:10:00Z,18.7
2026-08-24T20:15:00Z,18.69
2026-08-24T20:20:00Z,18.54
2026-08-24T20:25:00Z,18.5
2026-08-24T20:30:00Z,18.5
2026-08-24T20:35:00Z,18.42
2026-08-24T20:40:00Z,18.47
2026-08-24T20:45:00Z,18.4
2026-08-24T20:50:00Z,18.34
2026-08-24T20:55:00Z,18.38
2026-08-24T21:00:00Z,18.31
2026-08-24T21:05:00Z,18.26
2026-08-24T21:10:00Z,18.13
2026-08-24T21:15:00Z,18.1
2026-08-24T21:20:00Z,18.07
2026-08-24T21:25:00Z,18.0
2026-08-24T21:30:00Z,17.95
2026-08-24T21:35:00Z,17.88
2026-08-24T21:40:00Z,17.83
2026-08-24T21:45:00Z,17.8
2026-08-24T21:50:00Z,17.73
2026-08-24T21:55:00Z,17.65
2026-08-24T22:00:00Z,17.56
2026-08-24T22:05:00Z,17.49
2026-08-24T22:10:00Z,17.38
2026-08-24T22:15:00Z,17.3
2026-08-24T22:20:00Z,17.3
2026-08-24T22:25:00Z,17.22
2026-08-24T22:30:00Z,17.2
2026-08-24T22:35:00Z,17.15
2026-08-24T22:40:00Z,17.07
2026-08-24T22:45:00Z,17.06
2026-08-24T22:50:00Z,17.0
2026-08-24T22:55:00Z,17.0
2026-08-24T23:00:00Z,17.0
2026-08-24T23:05:00Z,16.96
2026-08-24T23:10:00Z,16.9
2026-08-24T23:15:00Z,16.9
2026-08-24T23:20:00Z,16.9
2026-08-24T23:25:00Z,16.9
2026-08-24T23:30:00Z,16.89
2026-08-24T23:35:00Z,16.8
2026-08-24T23:40:00Z,16.8
2026-08-24T23:45:00Z,16.8
2026-08-24T23:50:00Z,16.8
2026-08-24T23:55:00Z,16.75
2026-08-25T00:00:00Z,16.7
2026-08-25T00:05:00Z,16.7
2026-08-25T00:10:00Z,16.6
2026-08-25T00:15:00Z,16.6
2026-08-25T00:20:00Z,16.6
2026-08-25T00:25:00Z,16.54
2026-08-25T00:30:00Z,16.5
2026-08-25T00:35:00Z,16.5
2026-08-25T00:40:00Z,16.5
2026-08-25T00:45:00Z,16.5
2026-08-25T00:50:00Z,16.5
2026-08-25T00:55:00Z,16.5
2026-08-25T01:00:00Z,16.49
2026-08-25T01:05:00Z,16.4
2026-08-25T01:10:00Z,16.45
2026-08-25T01:15:00Z,16.4
2026-08-25T01:20:00Z,16.4
2026-08-25T01:25:00Z,16.4
2026-08-25T01:30:00Z,16.4
2026-08-25T01:35:00Z,16.4
2026-08-25T01:40:00Z,16.4
2026-08-25T01:45:00Z,16.4
2026-08-25T01:50:00Z,16.4
2026-08-25T01:55:00Z,16.4
2026-08-25T02:00:00Z,16.4
2026-08-25T02:05:00Z,16.32
2026-08-25T02:10:00Z,16.3
2026-08-25T02:15:00Z,16.3
2026-08-25T02:20:00Z,16.3
2026-08-25T02:25:00Z,16.3
2026-08-25T02:30:00Z,16.3
2026-08-25T02:35:00Z,16.25
2026-08-25T02:40:00Z,16.2
2026-08-25T02:45:00Z,16.2
2026-08-25T02:50:00Z,16.2
2026-08-25T02:55:00Z,16.2
2026-08-25T03:00:00Z,16.2
2026-08-25T03:05:00Z,16.19
2026-08-25T03:10:00Z,16.1
2026-08-25T03:15:00Z,16.1
2026-08-25T03:20:00Z,16.1
2026-08-25T03:25:00Z,16.1
2026-08-25T03:30:00Z,16.1
2026-08-25T03:35:00Z,16.1
2026-08-25T03:40:00Z,16.1
2026-08-25T03:45:00Z,16.07
2026-08-25T03:50:00Z,16.0
2026-08-25T03:55:00Z,16.0
2026-08-25T04:00:00Z,16.0
2026-08-25T04:05:00Z,16.0
2026-08-25T04:10:00Z,16.0
2026-08-25T04:15:00Z,16.0
2026-08-25T04:20:00Z,16.0
2026-08-25T04:25:00Z,16.0
2026-08-25T04:30:00Z,15.98
2026-08-25T04:35:00Z,15.9
2026-08-25T04:40:00Z,15.9
2026-08-25T04:45:00Z,15.9
2026-08-25T04:50:00Z,15.9
2026-08-25T04:55:00Z,15.9
2026-08-25T05:00:00Z,15.86
2026-08-25T05:05:00Z,15.86
2026-08-25T05:10:00Z,15.89
2026-08-25T05:15:00Z,15.9
2026-08-25T05:20:00Z,15.9
2026-08-25T05:25:00Z,15.9
2026-08-25T05:30:00Z,15.9
2026-08-25T05:35:00Z,15.91
2026-08-25T05:40:00Z,15.94
2026-08-25T05:45:00Z,15.97
2026-08-25T05:50:00Z,16.0
2026-08-25T05:55:00Z,16.0
2026-08-25T06:00:00Z,16.0
2026-08-25T06:05:00Z,16.01
2026-08-25T06:10:00Z,16.12
2026-08-25T06:15:00Z,16.2
2026-08-25T06:20:00Z,16.25
2026-08-25T06:25:00Z,16.34
2026-08-25T06:30:00Z,16.4
2026-08-25T06:35:00Z,16.5
2026-08-25T06:40:00Z,16.5
2026-08-25T06:45:00Z,16.56
2026-08-25T06:50:00Z,16.64
2026-08-25T06:55:00Z,16.77
2026-08-25T07:00:00Z,16.84
2026-08-25T07:05:00Z,16.98
2026-08-25T07:10:00Z,17.07
2026-08-25T07:15:00Z,17.17
2026-08-25T07:20:00Z,17.34
2026-08-25T07:25:00Z,17.46
2026-08-25T07:30:00Z,17.61
2026-08-25T07:35:00Z,17.74
2026-08-25T07:40:00Z,17.89
2026-08-25T07:45:00Z,18.05
2026-08-25T07:50:00Z,18.21
2026-08-25T07:55:00Z,18.4
2026-08-25T08:00:00Z,18.67
2026-08-25T08:05:00Z,18.89
2026-08-25T08:10:00Z,19.11
2026-08-25T08:15:00Z,19.33
2026-08-25T08:20:00Z,19.48
2026-08-25T08:25:00Z,19.6
2026-08-25T08:30:00Z,19.74
2026-08-25T08:35:00Z,19.95
2026-08-25T08:40:00Z,20.06
2026-08-25T08:45:00Z,20.18
2026-08-25T08:50:00Z,20.28
2026-08-25T08:55:00Z,20.4
2026-08-25T09:00:00Z,20.42
2026-08-25T09:05:00Z,20.58
2026-08-25T09:10:00Z,20.73
2026-08-25T09:15:00Z,20.99
2026-08-25T09:20:00Z,21.1
2026-08-25T09:25:00Z,21.14
2026-08-25T09:30:00Z,21.3
2026-08-25T09:35:00Z,21.4
2026-08-25T09:40:00Z,21.52
2026-08-25T09:45:00Z,21.64
2026-08-25T09:50:00Z,21.71
2026-08-25T09:55:00Z,21.82
2026-08-25T10:00:00Z,21.93
2026-08-25T10:05:00Z,22.03
2026-08-25T10:10:00Z,22.1
2026-08-25T10:15:00Z,22.21
2026-08-25T10:20:00Z,22.3
2026-08-25T10:25:00Z,22.44
2026-08-25T10:30:00Z,22.61
2026-08-25T10:35:00Z,22.7
2026-08-25T10:40:00Z,22.61
2026-08-25T10:45:00Z,22.69
2026-08-25T10:50:00Z,22.95
2026-08-25T10:55:00Z,23.19
2026-08-25T11:00:00Z,23.51
2026-08-25T11:05:00Z,23.81
2026-08-25T11:10:00Z,24.1
2026-08-25T11:15:00Z,24.43
2026-08-25T11:20:00Z,24.56
2026-08-25T11:25:00Z,24.78
2026-08-25T11:30:00Z,25.13
2026-08-25T11:35:00Z,25.07
2026-08-25T11:40:00Z,25.09
2026-08-25T11:45:00Z,25.39
2026-08-25T11:50:00Z,25.75
2026-08-25T11:55:00Z,26.29
2026-08-25T12:00:00Z,26.17
2026-08-25T12:05:00Z,26.74
2026-08-25T12:10:00Z,26.57
2026-08-25T12:15:00Z,26.48
2026-08-25T12:20:00Z,26.94
2026-08-25T12:25:00Z,27.24
2026-08-25T12:30:00Z,27.08
2026-08-25T12:35:00Z,27.48
2026-08-25T12:40:00Z,27.24
2026-08-25T12:45:00Z,27.69
2026-08-25T12:50:00Z,27.66
2026-08-25T12:55:00Z,27.88
2026-08-25T13:00:00Z,27.71
2026-08-25T13:05:00Z,28.15
2026-08-25T13:10:00Z,28.12
2026-08-25T13:15:00Z,28.0
2026-08-25T13:20:00Z,28.34
2026-08-25T13:25:00Z,28.27
2026-08-25T13:30:00Z,28.94
2026-08-25T13:35:00Z,28.78
2026-08-25T13:40:00Z,28.75
2026-08-25T13:45:00Z,28.55
2026-08-25T13:50:00Z,28.1
2026-08-25T13:55:00Z,27.76
2026-08-25T14:00:00Z,27.43
2026-08-25T14:05:00Z,27.57
2026-08-25T14:10:00Z,27.95
2026-08-25T14:15:00Z,28.15
2026-08-25T14:20:00Z,28.57
2026-08-25T14:25:00Z,28.65
2026-08-25T14:30:00Z,28.57
2026-08-25T14:35:00Z,28.38
2026-08-25T14:40:00Z,28.51
2026-08-25T14:45:00Z,29.23
2026-08-25T14:50:00Z,28.72
2026-08-25T14:55:00Z,28.44
2026-08-25T15:00:00Z,28.7
2026-08-25T15:05:00Z,29.01
2026-08-25T15:10:00Z,28.86
2026-08-25T15:15:00Z,28.72
2026-08-25T15:20:00Z,28.94
2026-08-25T15:25:00Z,28.66
2026-08-25T15:30:00Z,29.09
2026-08-25T15:35:00Z,29.73
2026-08-25T15:40:00Z,29.38
2026-08-25T15:45:00Z,29.99
2026-08-25T15:50:00Z,29.85
2026-08-25T15:55:00Z,29.55
2026-08-25T16:00:00Z,29.49
2026-08-25T16:05:00Z,29.65
2026-08-25T16:10:00Z,29.26
2026-08-25T16:15:00Z,29.25
2026-08-25T16:20:00Z,29.06
2026-08-25T16:25:00Z,29.3
2026-08-25T16:30:00Z,28.4
2026-08-25T16:35:00Z,28.03
2026-08-25T16:40:00Z,27.89
2026-08-25T16:45:00Z,27.54
2026-08-25T16:50:00Z,28.06
2026-08-25T16:55:00Z,27.42
2026-08-25T17:00:00Z,27.32
2026-08-25T17:05:00Z,27.42
2026-08-25T17:10:00Z,27.63
2026-08-25T17:15:00Z,27.82
2026-08-25T17:20:00Z,27.33
2026-08-25T17:25:00Z,26.02
2026-08-25T17:30:00Z,25.34
2026-08-25T17:35:00Z,24.62
2026-08-25T17:40:00Z,24.27
2026-08-25T17:45:00Z,23.97
2026-08-25T17:50:00Z,24.11
2026-08-25T17:55:00Z,23.96
2026-08-25T18:00:00Z,23.44
2026-08-25T18:05:00Z,23.22
2026-08-25T18:10:00Z,22.71
2026-08-25T18:15:00Z,22.44
2026-08-25T18:20:00Z,22.28
2026-08-25T18:25:00Z,22.42
2026-08-25T18:30:00Z,22.53
2026-08-25T18:35:00Z,22.28
2026-08-25T18:40:00Z,22.08
2026-08-25T18:45:00Z,21.84
2026-08-25T18:50:00Z,21.78
2026-08-25T18:55:00Z,21.6
2026-08-25T19:00:00Z,21.52
2026-08-25T19:05:00Z,21.4
2026-08-25T19:10:00Z,21.4
2026-08-25T19:15:00Z,21.4
2026-08-25T19:20:00Z,21.53
2026-08-25T19:25:00Z,21.54
2026-08-25T19:30:00Z,21.34
2026-08-25T19:35:00Z,21.29
2026-08-25T19:40:00Z,20.98
2026-08-25T19:45:00Z,20.9
2026-08-25T19:50:00Z,20.96
2026-08-25T19:55:00Z,21.0
2026-08-25T20:00:00Z,20.96
2026-08-25T20:05:00Z,21.0
2026-08-25T20:10:00Z,20.93
2026-08-25T20:15:00Z,20.75
2026-08-25T20:20:00Z,20.8
2026-08-25T20:25:00Z,20.71
2026-08-25T20:30:00Z,20.7
2026-08-25T20:35:00Z,20.7
2026-08-25T20:40:00Z,20.55
2026-08-25T20:45:00Z,20.56
2026-08-25T20:50:00Z,20.51
2026-08-25T20:55:00Z,20.44
2026-08-25T21:00:00Z,20.5
2026-08-25T21:05:00Z,20.47
2026-08-25T21:10:00Z,20.45
2026-08-25T21:15:00Z,20.4
2026-08-25T21:20:00Z,20.4
2026-08-25T21:25:00Z,20.34
2026-08-25T21:30:00Z,20.28
2026-08-25T21:35:00Z,20.25
2026-08-25T21:40:00Z,20.17
2026-08-25T21:45:00Z,20.08
2026-08-25T21:50:00Z,20.0
2026-08-25T21:55:00Z,20.05
2026-08-25T22:00:00Z,20.1
2026-08-25T22:05:00Z,20.2
2026-08-25T22:10:00Z,20.29
2026-08-25T22:15:00Z,20.27
2026-08-25T22:20:00Z,20.21
2026-08-25T22:25:00Z,20.2
2026-08-25T22:30:00Z,20.2
2026-08-25T22:35:00Z,20.13
2026-08-25T22:40:00Z,20.1
2026-08-25T22:45:00Z,20.1
2026-08-25T22:50:00Z,20.1
2026-08-25T22:55:00Z,20.1
2026-08-25T23:00:00Z,20.16
2026-08-25T23:05:00Z,20.17
2026-08-25T23:10:00Z,20.1
2026-08-25T23:15:00Z,20.1
2026-08-25T23:20:00Z,20.1
2026-08-25T23:25:00Z,20.18
2026-08-25T23:30:00Z,20.2
2026-08-25T23:35:00Z,20.25
2026-08-25T23:40:00Z,20.3
2026-08-25T23:45:00Z,20.26
2026-08-25T23:50:00Z,20.2
2026-08-25T23:55:00Z,20.2
2026-08-26T00:00:00Z,20.2
2026-08-26T00:05:00Z,20.2
2026-08-26T00:10:00Z,20.2
2026-08-26T00:15:00Z,20.2
2026-08-26T00:20:00Z,20.19
2026-08-26T00:25:00Z,20.1
2026-08-26T00:30:00Z,20.1
2026-08-26T00:35:00Z,20.0
2026-08-26T00:40:00Z,20.0
2026-08-26T00:45:00Z,19.92
2026-08-26T00:50:00Z,19.9
2026-08-26T00:55:00Z,19.9
2026-08-26T01:00:00Z,19.86
2026-08-26T01:05:00Z,19.8
2026-08-26T01:10:00Z,19.8
2026-08-26T01:15:00Z,19.75
2026-08-26T01:20:00Z,19.7
2026-08-26T01:25:00Z,19.7
2026-08-26T01:30:00Z,19.7
2026-08-26T01:35:00Z,19.7
2026-08-26T01:40:00Z,19.7
2026-08-26T01:45:00Z,19.69
2026-08-26T01:50:00Z,19.6
2026-08-26T01:55:00Z,19.6
2026-08-26T02:00:00Z,19.56
2026-08-26T02:05:00Z,19.5
2026-08-26T02:10:00Z,19.5
2026-08-26T02:15:00Z,19.5
2026-08-26T02:20:00Z,19.5
2026-08-26T02:25:00Z,19.5
2026-08-26T02:30:00Z,19.5
2026-08-26T02:35:00Z,19.51
2026-08-26T02:40:00Z,19.5
2026-08-26T02:45:00Z,19.5
2026-08-26T02:50:00Z,19.5
2026-08-26T02:55:00Z,19.5
2026-08-26T03:00:00Z,19.49
2026-08-26T03:05:00Z,19.4
2026-08-26T03:10:00Z,19.4
2026-08-26T03:15:00Z,19.4
2026-08-26T03:20:00Z,19.4
2026-08-26T03:25:00Z,19.41
2026-08-26T03:30:00Z,19.49
2026-08-26T03:35:00Z,19.4
2026-08-26T03:40:00Z,19.4
2026-08-26T03:45:00Z,19.34
2026-08-26T03:50:00Z,19.3
2026-08-26T03:55:00Z,19.3
2026-08-26T04:00:00Z,19.27
2026-08-26T04:05:00Z,19.2
2026-08-26T04:10:00Z,19.21
2026-08-26T04:15:00Z,19.3
2026-08-26T04:20:00Z,19.3
2026-08-26T04:25:00Z,19.3
2026-08-26T04:30:00Z,19.3
2026-08-26T04:35:00Z,19.3
2026-08-26T04:40:00Z,19.36
2026-08-26T04:45:00Z,19.4
2026-08-26T04:50:00Z,19.4
2026-08-26T04:55:00Z,19.39
2026-08-26T05:00:00Z,19.3
2026-08-26T05:05:00Z,19.36
2026-08-26T05:10:00Z,19.33
2026-08-26T05:15:00Z,19.3
2026-08-26T05:20:00Z,19.24
2026-08-26T05:25:00Z,19.24
2026-08-26T05:30:00Z,19.23
2026-08-26T05:35:00Z,19.22
2026-08-26T05:40:00Z,19.3
2026-08-26T05:45:00Z,19.3
2026-08-26T05:50:00Z,19.36
2026-08-26T05:55:00Z,19.45
2026-08-26T06:00:00Z,19.5
2026-08-26T06:05:00Z,19.57
2026-08-26T06:10:00Z,19.68
2026-08-26T06:15:00Z,19.7
2026-08-26T06:20:00Z,19.74
2026-08-26T06:25:00Z,19.84
2026-08-26T06:30:00Z,19.91
2026-08-26T06:35:00Z,20.0
2026-08-26T06:40:00Z,20.03
2026-08-26T06:45:00Z,20.15
2026-08-26T06:50:00Z,20.22
2026-08-26T06:55:00Z,20.3
2026-08-26T07:00:00Z,20.36
2026-08-26T07:05:00Z,20.33
2026-08-26T07:10:00Z,20.44
2026-08-26T07:15:00Z,20.5
2026-08-26T07:20:00Z,20.5
2026-08-26T07:25:00Z,20.46
2026-08-26T07:30:00Z,20.37
2026-08-26T07:35:00Z,20.32
2026-08-26T07:40:00Z,20.4
2026-08-26T07:45:00Z,20.4
2026-08-26T07:50:00Z,20.44
2026-08-26T07:55:00Z,20.57
2026-08-26T08:00:00Z,20.69
2026-08-26T08:05:00Z,20.7
2026-08-26T08:10:00Z,20.73
2026-08-26T08:15:00Z,20.83
2026-08-26T08:20:00Z,20.94
2026-08-26T08:25:00Z,21.07
2026-08-26T08:30:00Z,21.1
2026-08-26T08:35:00Z,21.1
2026-08-26T08:40:00Z,21.15
2026-08-26T08:45:00Z,21.26
2026-08-26T08:50:00Z,21.38
2026-08-26T08:55:00Z,21.5
2026-08-26T09:00:00Z,21.54
2026-08-26T09:05:00Z,21.64
2026-08-26T09:10:00Z,21.74
2026-08-26T09:15:00Z,21.84
2026-08-26T09:20:00Z,21.94
2026-08-26T09:25:00Z,21.96
2026-08-26T09:30:00Z,21.95
2026-08-26T09:35:00Z,22.21
2026-08-26T09:40:00Z,22.35
2026-08-26T09:45:00Z,22.51
2026-08-26T09:50:00Z,22.64
2026-08-26T09:55:00Z,22.71
2026-08-26T10:00:00Z,22.8
2026-08-26T10:05:00Z,22.87
2026-08-26T10:10:00Z,22.82
2026-08-26T10:15:00Z,22.9
2026-08-26T10:20:00Z,23.02
2026-08-26T10:25:00Z,23.25
2026-08-26T10:30:00Z,23.27
2026-08-26T10:35:00Z,23.38
2026-08-26T10:40:00Z,23.45
2026-08-26T10:45:00Z,23.68
2026-08-26T10:50:00Z,23.74
2026-08-26T10:55:00Z,23.67
2026-08-26T11:00:00Z,23.84
2026-08-26T11:05:00Z,24.44
2026-08-26T11:10:00Z,24.8
2026-08-26T11:15:00Z,25.1
2026-08-26T11:20:00Z,25.24
2026-08-26T11:25:00Z,25.6
2026-08-26T11:30:00Z,25.99
2026-08-26T11:35:00Z,26.28
2026-08-26T11:40:00Z,25.8
2026-08-26T11:45:00Z,25.34
2026-08-26T11:50:00Z,25.99
2026-08-26T11:55:00Z,26.5
2026-08-26T12:00:00Z,26.43
2026-08-26T12:05:00Z,26.7
2026-08-26T12:10:00Z,27.02
2026-08-26T12:15:00Z,27.65
2026-08-26T12:20:00Z,28.59
2026-08-26T12:25:00Z,28.83
2026-08-26T12:30:00Z,28.84
2026-08-26T12:35:00Z,28.48
2026-08-26T12:40:00Z,28.84
2026-08-26T12:45:00Z,29.44
2026-08-26T12:50:00Z,29.66
2026-08-26T12:55:00Z,28.9
2026-08-26T13:00:00Z,29.48
2026-08-26T13:05:00Z,28.62
2026-08-26T13:10:00Z,28.58
2026-08-26T13:15:00Z,28.97
2026-08-26T13:20:00Z,28.95
2026-08-26T13:25:00Z,28.59
2026-08-26T13:30:00Z,28.4
2026-08-26T13:35:00Z,28.27
2026-08-26T13:40:00Z,28.46
2026-08-26T13:45:00Z,28.8
2026-08-26T13:50:00Z,29.01
2026-08-26T13:55:00Z,28.8
2026-08-26T14:00:00Z,28.89
2026-08-26T14:05:00Z,28.91
2026-08-26T14:10:00Z,28.88
2026-08-26T14:15:00Z,29.2
2026-08-26T14:20:00Z,29.12
2026-08-26T14:25:00Z,29.08
2026-08-26T14:30:00Z,29.34
2026-08-26T14:35:00Z,29.06
2026-08-26T14:40:00Z,29.21
2026-08-26T14:45:00Z,29.59
2026-08-26T14:50:00Z,30.01
2026-08-26T14:55:00Z,29.69
2026-08-26T15:00:00Z,29.14
2026-08-26T15:05:00Z,28.26
2026-08-26T15:10:00Z,28.25
2026-08-26T15:15:00Z,28.88
2026-08-26T15:20:00Z,29.38
2026-08-26T15:25:00Z,29.0
2026-08-26T15:30:00Z,27.83
2026-08-26T15:35:00Z,28.1
2026-08-26T15:40:00Z,28.61
2026-08-26T15:45:00Z,29.25
2026-08-26T15:50:00Z,29.08
2026-08-26T15:55:00Z,29.13
2026-08-26T16:00:00Z,29.8
2026-08-26T16:05:00Z,29.46
2026-08-26T16:10:00Z,29.35
2026-08-26T16:15:00Z,29.34
2026-08-26T16:20:00Z,28.95
2026-08-26T16:25:00Z,28.8
2026-08-26T16:30:00Z,28.02
2026-08-26T16:35:00Z,28.01
2026-08-26T16:40:00Z,28.13
2026-08-26T16:45:00Z,28.02
2026-08-26T16:50:00Z,27.79
2026-08-26T16:55:00Z,27.71
2026-08-26T17:00:00Z,27.73
2026-08-26T17:05:00Z,27.61
2026-08-26T17:10:00Z,27.58
2026-08-26T17:15:00Z,27.36
2026-08-26T17:20:00Z,26.54
2026-08-26T17:25:00Z,26.2
2026-08-26T17:30:00Z,26.13
2026-08-26T17:35:00Z,25.67
2026-08-26T17:40:00Z,25.55
2026-08-26T17:45:00Z,25.52
2026-08-26T17:50:00Z,25.29
2026-08-26T17:55:00Z,25.14
2026-08-26T18:00:00Z,24.87
2026-08-26T18:05:00Z,24.73
2026-08-26T18:10:00Z,24.67
2026-08-26T18:15:00Z,24.5
2026-08-26T18:20:00Z,24.28
2026-08-26T18:25:00Z,24.17
2026-08-26T18:30:00Z,24.06
2026-08-26T18:35:00Z,24.0
2026-08-26T18:40:00Z,23.94
2026-08-26T18:45:00Z,23.62
2026-08-26T18:50:00Z,23.4
2026-08-26T18:55:00Z,23.34
2026-08-26T19:00:00Z,23.25
2026-08-26T19:05:00Z,23.08
2026-08-26T19:10:00Z,22.95
2026-08-26T19:15:00Z,22.81
2026-08-26T19:20:00Z,22.77
2026-08-26T19:25:00Z,22.59
2026-08-26T19:30:00Z,22.4
2026-08-26T19:35:00Z,22.32
2026-08-26T19:40:00Z,22.26
2026-08-26T19:45:00Z,22.13
2026-08-26T19:50:00Z,21.87
2026-08-26T19:55:00Z,21.9
2026-08-26T20:00:00Z,21.9
2026-08-26T20:05:00Z,21.96
2026-08-26T20:10:00Z,22.0
2026-08-26T20:15:00Z,21.93
2026-08-26T20:20:00Z,21.8
2026-08-26T20:25:00Z,21.74
2026-08-26T20:30:00Z,21.64
2026-08-26T20:35:00Z,21.49
2026-08-26T20:40:00Z,21.4
2026-08-26T20:45:00Z,21.4
2026-08-26T20:50:00Z,21.4
2026-08-26T20:55:00Z,21.4
2026-08-26T21:00:00Z,21.33
2026-08-26T21:05:00Z,21.3
2026-08-26T21:10:00Z,21.3
2026-08-26T21:15:00Z,21.26
2026-08-26T21:20:00Z,21.2
2026-08-26T21:25:00Z,21.2
2026-08-26T21:30:00Z,21.2
2026-08-26T21:35:00Z,21.16
2026-08-26T21:40:00Z,21.08
2026-08-26T21:45:00Z,21.07
2026-08-26T21:50:00Z,21.07
2026-08-26T21:55:00Z,20.92
2026-08-26T22:00:00Z,20.9
2026-08-26T22:05:00Z,20.9
2026-08-26T22:10:00Z,20.84
2026-08-26T22:15:00Z,20.8
2026-08-26T22:20:00Z,20.84
2026-08-26T22:25:00Z,20.83
2026-08-26T22:30:00Z,20.8
2026-08-26T22:35:00Z,20.8
2026-08-26T22:40:00Z,20.71
2026-08-26T22:45:00Z,20.7
2026-08-26T22:50:00Z,20.7
2026-08-26T22:55:00Z,20.7
2026-08-26T23:00:00Z,20.78
2026-08-26T23:05:00Z,20.8
2026-08-26T23:10:00Z,20.8
2026-08-26T23:15:00Z,20.8
2026-08-26T23:20:00Z,20.8
2026-08-26T23:25:00Z,20.81
2026-08-26T23:30:00Z,20.9
2026-08-26T23:35:00Z,20.9
2026-08-26T23:40:00Z,20.88
2026-08-26T23:45:00Z,20.78
2026-08-26T23:50:00Z,20.79
2026-08-26T23:55:00Z,20.7
2026-08-27T00:00:00Z,20.67
2026-08-27T00:05:00Z,20.6
2026-08-27T00:10:00Z,20.6
2026-08-27T00:15:00Z,20.6
2026-08-27T00:20:00Z,20.58
2026-08-27T00:25:00Z,20.5
2026-08-27T00:30:00Z,20.45
2026-08-27T00:35:00Z,20.4
2026-08-27T00:40:00Z,20.4
2026-08-27T00:45:00Z,20.4
2026-08-27T00:50:00Z,20.4
2026-08-27T00:55:00Z,20.4
2026-08-27T01:00:00Z,20.4
2026-08-27T01:05:00Z,20.4
2026-08-27T01:10:00Z,20.4
2026-08-27T01:15:00Z,20.4
2026-08-27T01:20:00Z,20.4
2026-08-27T01:25:00Z,20.5
2026-08-27T01:30:00Z,20.5
2026-08-27T01:35:00Z,20.5
2026-08-27T01:40:00Z,20.55
2026-08-27T01:45:00Z,20.6
2026-08-27T01:50:00Z,20.6
2026-08-27T01:55:00Z,20.6
2026-08-27T02:00:00Z,20.6
2026-08-27T02:05:00Z,20.69
2026-08-27T02:10:00Z,20.62
2026-08-27T02:15:00Z,20.6
2026-08-27T02:20:00Z,20.66
2026-08-27T02:25:00Z,20.7
2026-08-27T02:30:00Z,20.7
2026-08-27T02:35:00Z,20.7
2026-08-27T02:40:00Z,20.67
2026-08-27T02:45:00Z,20.6
2026-08-27T02:50:00Z,20.63
2026-08-27T02:55:00Z,20.61
2026-08-27T03:00:00Z,20.6
2026-08-27T03:05:00Z,20.67
2026-08-27T03:10:00Z,20.7
2026-08-27T03:15:00Z,20.76
2026-08-27T03:20:00Z,20.8
2026-08-27T03:25:00Z,20.84
2026-08-27T03:30:00Z,20.9
2026-08-27T03:35:00Z,20.9
2026-08-27T03:40:00Z,20.96
2026-08-27T03:45:00Z,20.9
2026-08-27T03:50:00Z,20.9
2026-08-27T03:55:00Z,20.9
2026-08-27T04:00:00Z,20.9
2026-08-27T04:05:00Z,20.9
2026-08-27T04:10:00Z,21.0
2026-08-27T04:15:00Z,20.91
2026-08-27T04:20:00Z,20.93
2026-08-27T04:25:00Z,21.0
2026-08-27T04:30:00Z,20.99
2026-08-27T04:35:00Z,20.86
2026-08-27T04:40:00Z,20.8
2026-08-27T04:45:00Z,20.69
2026-08-27T04:50:00Z,20.56
2026-08-27T04:55:00Z,20.54
2026-08-27T05:00:00Z,20.45
2026-08-27T05:05:00Z,20.36
2026-08-27T05:10:00Z,20.25
2026-08-27T05:15:00Z,20.07
2026-08-27T05:20:00Z,20.1
2026-08-27T05:25:00Z,20.01
2026-08-27T05:30:00Z,19.9
2026-08-27T05:35:00Z,19.78
2026-08-27T05:40:00Z,19.7
2026-08-27T05:45:00Z,19.77
2026-08-27T05:50:00Z,19.8
2026-08-27T05:55:00Z,19.75
2026-08-27T06:00:00Z,19.67
2026-08-27T06:05:00Z,19.7
2026-08-27T06:10:00Z,19.7
2026-08-27T06:15:00Z,19.7
2026-08-27T06:20:00Z,19.7
2026-08-27T06:25:00Z,19.79
2026-08-27T06:30:00Z,19.74
2026-08-27T06:35:00Z,19.75
2026-08-27T06:40:00Z,19.8
2026-08-27T06:45:00Z,19.77
2026-08-27T06:50:00Z,19.6
2026-08-27T06:55:00Z,19.62
2026-08-27T07:00:00Z,19.65
2026-08-27T07:05:00Z,19.52
2026-08-27T07:10:00Z,19.5
2026-08-27T07:15:00Z,19.5
2026-08-27T07:20:00Z,19.48
2026-08-27T07:25:00Z,19.44
2026-08-27T07:30:00Z,19.45
2026-08-27T07:35:00Z,19.36
2026-08-27T07:40:00Z,19.4
2026-08-27T07:45:00Z,19.36
2026-08-27T07:50:00Z,19.34
2026-08-27T07:55:00Z,19.4
2026-08-27T08:00:00Z,19.46
2026-08-27T08:05:00Z,19.25
2026-08-27T08:10:00Z,19.37
2026-08-27T08:15:00Z,19.4
2026-08-27T08:20:00Z,19.48
2026-08-27T08:25:00Z,19.37
2026-08-27T08:30:00Z,19.35
2026-08-27T08:35:00Z,19.32
2026-08-27T08:40:00Z,19.37
2026-08-27T08:45:00Z,19.3
2026-08-27T08:50:00Z,19.3
2026-08-27T08:55:00Z,19.27
2026-08-27T09:00:00Z,19.42
2026-08-27T09:05:00Z,19.51
2026-08-27T09:10:00Z,19.68
2026-08-27T09:15:00Z,19.66
2026-08-27T09:20:00Z,19.86
2026-08-27T09:25:00Z,19.9
2026-08-27T09:30:00Z,19.9
2026-08-27T09:35:00Z,19.86
2026-08-27T09:40:00Z,19.91
2026-08-27T09:45:00Z,20.0
2026-08-27T09:50:00Z,20.0
2026-08-27T09:55:00Z,20.07
2026-08-27T10:00:00Z,20.12
2026-08-27T10:05:00Z,20.2
2026-08-27T10:10:00Z,20.34
2026-08-27T10:15:00Z,20.3
2026-08-27T10:20:00Z,20.39
2026-08-27T10:25:00Z,20.41
2026-08-27T10:30:00Z,20.5
2026-08-27T10:35:00Z,20.55
2026-08-27T10:40:00Z,20.5
2026-08-27T10:45:00Z,20.62
2026-08-27T10:50:00Z,20.68
2026-08-27T10:55:00Z,20.81
2026-08-27T11:00:00Z,21.0
2026-08-27T11:05:00Z,21.11
2026-08-27T11:10:00Z,21.2
2026-08-27T11:15:00Z,21.32
2026-08-27T11:20:00Z,21.3
2026-08-27T11:25:00Z,21.48
2026-08-27T11:30:00Z,21.51
2026-08-27T11:35:00Z,21.62
2026-08-27T11:40:00Z,21.89
2026-08-27T11:45:00Z,22.24
2026-08-27T11:50:00Z,22.33
2026-08-27T11:55:00Z,22.4
2026-08-27T12:00:00Z,22.35
2026-08-27T12:05:00Z,22.33
2026-08-27T12:10:00Z,22.66
2026-08-27T12:15:00Z,22.55
2026-08-27T12:20:00Z,22.65
2026-08-27T12:25:00Z,22.97
2026-08-27T12:30:00Z,23.84
2026-08-27T12:35:00Z,23.97
2026-08-27T12:40:00Z,24.26
2026-08-27T12:45:00Z,24.62
2026-08-27T12:50:00Z,24.64
2026-08-27T12:55:00Z,24.7
2026-08-27T13:00:00Z,24.07
2026-08-27T13:05:00Z,24.2
2026-08-27T13:10:00Z,24.07
2026-08-27T13:15:00Z,23.8
2026-08-27T13:20:00Z,23.59
2026-08-27T13:25:00Z,23.6
2026-08-27T13:30:00Z,23.55
2026-08-27T13:35:00Z,23.73
2026-08-27T13:40:00Z,24.71
2026-08-27T13:45:00Z,25.76
2026-08-27T13:50:00Z,25.36
2026-08-27T13:55:00Z,24.98
2026-08-27T14:00:00Z,24.7
2026-08-27T14:05:00Z,24.48
2026-08-27T14:10:00Z,24.63
2026-08-27T14:15:00Z,24.88
2026-08-27T14:20:00Z,25.33
2026-08-27T14:25:00Z,25.39
2026-08-27T14:30:00Z,25.54
2026-08-27T14:35:00Z,26.31
2026-08-27T14:40:00Z,27.25
2026-08-27T14:45:00Z,27.53
2026-08-27T14:50:00Z,27.63
2026-08-27T14:55:00Z,27.55
2026-08-27T15:00:00Z,27.36
2026-08-27T15:05:00Z,27.18
2026-08-27T15:10:00Z,26.97
2026-08-27T15:15:00Z,26.55
2026-08-27T15:20:00Z,26.06
2026-08-27T15:25:00Z,25.89
2026-08-27T15:30:00Z,25.52
2026-08-27T15:35:00Z,25.27
2026-08-27T15:40:00Z,25.08
2026-08-27T15:45:00Z,24.98
2026-08-27T15:50:00Z,25.04
2026-08-27T15:55:00Z,25.2
2026-08-27T16:00:00Z,25.8
2026-08-27T16:05:00Z,25.88
2026-08-27T16:10:00Z,25.92
2026-08-27T16:15:00Z,25.85
2026-08-27T16:20:00Z,26.07
2026-08-27T16:25:00Z,25.67
2026-08-27T16:30:00Z,26.08
2026-08-27T16:35:00Z,25.95
2026-08-27T16:40:00Z,25.26
2026-08-27T16:45:00Z,24.78
2026-08-27T16:50:00Z,24.55
2026-08-27T16:55:00Z,24.4
2026-08-27T17:00:00Z,24.29
2026-08-27T17:05:00Z,24.15
2026-08-27T17:10:00Z,24.01
2026-08-27T17:15:00Z,23.93
2026-08-27T17:20:00Z,23.97
2026-08-27T17:25:00Z,23.82
2026-08-27T17:30:00Z,23.66
2026-08-27T17:35:00Z,23.5
2026-08-27T17:40:00Z,23.34
2026-08-27T17:45:00Z,23.22
2026-08-27T17:50:00Z,23.1
2026-08-27T17:55:00Z,23.05
2026-08-27T18:00:00Z,23.0
2026-08-27T18:05:00Z,22.93
2026-08-27T18:10:00Z,22.85
2026-08-27T18:15:00Z,22.7
2026-08-27T18:20:00Z,22.6
2026-08-27T18:25:00Z,22.51
2026-08-27T18:30:00Z,22.47
2026-08-27T18:35:00Z,22.34
2026-08-27T18:40:00Z,22.27
2026-08-27T18:45:00Z,22.2
2026-08-27T18:50:00Z,22.16
2026-08-27T18:55:00Z,22.01
2026-08-27T19:00:00Z,21.95
2026-08-27T19:05:00Z,21.86
2026-08-27T19:10:00Z,21.8
2026-08-27T19:15:00Z,21.8
2026-08-27T19:20:00Z,21.71
2026-08-27T19:25:00Z,21.65
2026-08-27T19:30:00Z,21.6
2026-08-27T19:35:00Z,21.6
2026-08-27T19:40:00Z,21.58
2026-08-27T19:45:00Z,21.5
2026-08-27T19:50:00Z,21.43
2026-08-27T19:55:00Z,21.36
2026-08-27T20:00:00Z,21.28
2026-08-27T20:05:00Z,21.19
2026-08-27T20:10:00Z,21.1
2026-08-27T20:15:00Z,21.13
2026-08-27T20:20:00Z,21.03
2026-08-27T20:25:00Z,21.0
2026-08-27T20:30:00Z,21.0
2026-08-27T20:35:00Z,20.92
2026-08-27T20:40:00Z,20.9
2026-08-27T20:45:00Z,20.88
2026-08-27T20:50:00Z,20.79
2026-08-27T20:55:00Z,20.7
2026-08-27T21:00:00Z,20.69
2026-08-27T21:05:00Z,20.69
2026-08-27T21:10:00Z,20.59
2026-08-27T21:15:00Z,20.5
2026-08-27T21:20:00Z,20.48
2026-08-27T21:25:00Z,20.4
2026-08-27T21:30:00Z,20.4
2026-08-27T21:35:00Z,20.4
2026-08-27T21:40:00Z,20.34
2026-08-27T21:45:00Z,20.3
2026-08-27T21:50:00Z,20.24
2026-08-27T21:55:00Z,20.2
2026-08-27T22:00:00Z,20.2
2026-08-27T22:05:00Z,20.06
2026-08-27T22:10:00Z,20.0
2026-08-27T22:15:00Z,19.93
2026-08-27T22:20:00Z,19.84
2026-08-27T22:25:00Z,19.8
2026-08-27T22:30:00Z,19.77
2026-08-27T22:35:00Z,19.69
2026-08-27T22:40:00Z,19.68
2026-08-27T22:45:00Z,19.6
2026-08-27T22:50:00Z,19.6
2026-08-27T22:55:00Z,19.52
2026-08-27T23:00:00Z,19.53
2026-08-27T23:05:00Z,19.43
2026-08-27T23:10:00Z,19.4
2026-08-27T23:15:00Z,19.38
2026-08-27T23:20:00Z,19.3
2026-08-27T23:25:00Z,19.27
2026-08-27T23:30:00Z,19.16
2026-08-27T23:35:00Z,19.1
2026-08-27T23:40:00Z,19.01
2026-08-27T23:45:00Z,19.0
2026-08-27T23:50:00Z,18.9
2026-08-27T23:55:00Z,18.84
2026-08-28T00:00:00Z,18.8
2026-08-28T00:05:00Z,18.8
2026-08-28T00:10:00Z,18.8
2026-08-28T00:15:00Z,18.79
2026-08-28T00:20:00Z,18.7
2026-08-28T00:25:00Z,18.7
2026-08-28T00:30:00Z,18.63
2026-08-28T00:35:00Z,18.54
2026-08-28T00:40:00Z,18.5
2026-08-28T00:45:00Z,18.44
2026-08-28T00:50:00Z,18.4
2026-08-28T00:55:00Z,18.32
2026-08-28T01:00:00Z,18.3
2026-08-28T01:05:00Z,18.25
2026-08-28T01:10:00Z,18.2
2026-08-28T01:15:00Z,18.18
2026-08-28T01:20:00Z,18.1
2026-08-28T01:25:00Z,18.07
2026-08-28T01:30:00Z,17.96
2026-08-28T01:35:00Z,17.9
2026-08-28T01:40:00Z,17.83
2026-08-28T01:45:00Z,17.8
2026-08-28T01:50:00Z,17.7
2026-08-28T01:55:00Z,17.67
2026-08-28T02:00:00Z,17.6
2026-08-28T02:05:00Z,17.53
2026-08-28T02:10:00Z,17.5
2026-08-28T02:15:00Z,17.49
2026-08-28T02:20:00Z,17.4
2026-08-28T02:25:00Z,17.34
2026-08-28T02:30:00Z,17.3
2026-08-28T02:35:00Z,17.25
2026-08-28T02:40:00Z,17.2
2026-08-28T02:45:00Z,17.2
2026-08-28T02:50:00Z,17.11
2026-08-28T02:55:00Z,17.1
2026-08-28T03:00:00Z,17.02
2026-08-28T03:05:00Z,17.0
2026-08-28T03:10:00Z,17.0
2026-08-28T03:15:00Z,17.0
2026-08-28T03:20:00Z,17.0
2026-08-28T03:25:00Z,17.0
2026-08-28T03:30:00Z,17.0
2026-08-28T03:35:00Z,17.0
2026-08-28T03:40:00Z,16.92
2026-08-28T03:45:00Z,16.9
2026-08-28T03:50:00Z,16.9
2026-08-28T03:55:00Z,16.84
2026-08-28T04:00:00Z,16.8
2026-08-28T04:05:00Z,16.71
2026-08-28T04:10:00Z,16.7
2026-08-28T04:15:00Z,16.65
2026-08-28T04:20:00Z,16.56
2026-08-28T04:25:00Z,16.45
2026-08-28T04:30:00Z,16.3
2026-08-28T04:35:00Z,16.3
2026-08-28T04:40:00Z,16.2
2026-08-28T04:45:00Z,16.2
2026-08-28T04:50:00Z,16.2
2026-08-28T04:55:00Z,16.2
2026-08-28T05:00:00Z,16.2
2026-08-28T05:05:00Z,16.14
2026-08-28T05:10:00Z,16.1
2026-08-28T05:15:00Z,16.1
2026-08-28T05:20:00Z,16.0
2026-08-28T05:25:00Z,16.0
2026-08-28T05:30:00Z,16.03
2026-08-28T05:35:00Z,16.07
2026-08-28T05:40:00Z,16.1
2026-08-28T05:45:00Z,16.11
2026-08-28T05:50:00Z,16.2
2026-08-28T05:55:00Z,16.2
2026-08-28T06:00:00Z,16.21
2026-08-28T06:05:00Z,16.3
2026-08-28T06:10:00Z,16.32
2026-08-28T06:15:00Z,16.4
2026-08-28T06:20:00Z,16.46
2026-08-28T06:25:00Z,16.5
2026-08-28T06:30:00Z,16.55
2026-08-28T06:35:00Z,16.68
2026-08-28T06:40:00Z,16.8
2026-08-28T06:45:00Z,16.8
2026-08-28T06:50:00Z,16.84
2026-08-28T06:55:00Z,16.9
2026-08-28T07:00:00Z,16.8
2026-08-28T07:05:00Z,16.8
2026-08-28T07:10:00Z,16.8
2026-08-28T07:15:00Z,16.8
2026-08-28T07:20:00Z,16.77
2026-08-28T07:25:00Z,16.86
2026-08-28T07:30:00Z,16.92
2026-08-28T07:35:00Z,17.0
2026-08-28T07:40:00Z,17.02
2026-08-28T07:45:00Z,17.14
2026-08-28T07:50:00Z,17.2
2026-08-28T07:55:00Z,17.31
2026-08-28T08:00:00Z,17.41
2026-08-28T08:05:00Z,17.5
2026-08-28T08:10:00Z,17.6
2026-08-28T08:15:00Z,17.7
2026-08-28T08:20:00Z,17.7
2026-08-28T08:25:00Z,17.79
2026-08-28T08:30:00Z,17.84
2026-08-28T08:35:00Z,17.98
2026-08-28T08:40:00Z,18.11
2026-08-28T08:45:00Z,18.24
2026-08-28T08:50:00Z,18.38
2026-08-28T08:55:00Z,18.46
2026-08-28T09:00:00Z,18.7
2026-08-28T09:05:00Z,18.87
2026-08-28T09:10:00Z,19.01
2026-08-28T09:15:00Z,19.15
2026-08-28T09:20:00Z,19.32
2026-08-28T09:25:00Z,19.56
2026-08-28T09:30:00Z,19.76
2026-08-28T09:35:00Z,20.05
2026-08-28T09:40:00Z,20.12
2026-08-28T09:45:00Z,20.25
2026-08-28T09:50:00Z,20.29
2026-08-28T09:55:00Z,20.2
2026-08-28T10:00:00Z,20.1
2026-08-28T10:05:00Z,20.19
2026-08-28T10:10:00Z,20.41
2026-08-28T10:15:00Z,20.5
2026-08-28T10:20:00Z,20.43
2026-08-28T10:25:00Z,20.54
2026-08-28T10:30:00Z,20.71
2026-08-28T10:35:00Z,21.0
2026-08-28T10:40:00Z,21.22
2026-08-28T10:45:00Z,21.32
2026-08-28T10:50:00Z,21.61
2026-08-28T10:55:00Z,21.79
2026-08-28T11:00:00Z,22.04
2026-08-28T11:05:00Z,22.27
2026-08-28T11:10:00Z,22.15
2026-08-28T11:15:00Z,21.9
2026-08-28T11:20:00Z,21.7
2026-08-28T11:25:00Z,21.91
2026-08-28T11:30:00Z,22.19
2026-08-28T11:35:00Z,22.36
2026-08-28T11:40:00Z,22.51
2026-08-28T11:45:00Z,23.25
2026-08-28T11:50:00Z,24.47
2026-08-28T11:55:00Z,24.73
2026-08-28T12:00:00Z,24.77
2026-08-28T12:05:00Z,25.19
2026-08-28T12:10:00Z,25.58
2026-08-28T12:15:00Z,25.69
2026-08-28T12:20:00Z,25.74
2026-08-28T12:25:00Z,26.3
2026-08-28T12:30:00Z,26.47
2026-08-28T12:35:00Z,26.44
2026-08-28T12:40:00Z,25.84
2026-08-28T12:45:00Z,25.37
2026-08-28T12:50:00Z,24.75
2026-08-28T12:55:00Z,24.73
2026-08-28T13:00:00Z,25.02
2026-08-28T13:05:00Z,25.26
2026-08-28T13:10:00Z,25.14
2026-08-28T13:15:00Z,24.92
2026-08-28T13:20:00Z,24.75
2026-08-28T13:25:00Z,25.38
2026-08-28T13:30:00Z,25.38
2026-08-28T13:35:00Z,25.04
2026-08-28T13:40:00Z,25.6
2026-08-28T13:45:00Z,24.95
2026-08-28T13:50:00Z,24.71
2026-08-28T13:55:00Z,25.09
2026-08-28T14:00:00Z,25.37
2026-08-28T14:05:00Z,25.11
2026-08-28T14:10:00Z,24.76
2026-08-28T14:15:00Z,24.17
2026-08-28T14:20:00Z,23.86
2026-08-28T14:25:00Z,23.68
2026-08-28T14:30:00Z,23.08
2026-08-28T14:35:00Z,21.89
2026-08-28T14:40:00Z,21.46
2026-08-28T14:45:00Z,21.62
2026-08-28T14:50:00Z,21.93
2026-08-28T14:55:00Z,21.92
2026-08-28T15:00:00Z,21.84
2026-08-28T15:05:00Z,21.91
2026-08-28T15:10:00Z,22.85
2026-08-28T15:15:00Z,23.86
2026-08-28T15:20:00Z,23.82
2026-08-28T15:25:00Z,24.05
2026-08-28T15:30:00Z,24.43
2026-08-28T15:35:00Z,23.94
2026-08-28T15:40:00Z,24.14
2026-08-28T15:45:00Z,24.37
2026-08-28T15:50:00Z,23.63
2026-08-28T15:55:00Z,23.96
2026-08-28T16:00:00Z,23.79
2026-08-28T16:05:00Z,23.88
2026-08-28T16:10:00Z,24.59
2026-08-28T16:15:00Z,24.56
2026-08-28T16:20:00Z,23.71
2026-08-28T16:25:00Z,23.03
2026-08-28T16:30:00Z,22.74
2026-08-28T16:35:00Z,22.93
2026-08-28T16:40:00Z,22.42
2026-08-28T16:45:00Z,22.56
2026-08-28T16:50:00Z,23.28
2026-08-28T16:55:00Z,23.1
2026-08-28T17:00:00Z,23.32
2026-08-28T17:05:00Z,23.01
2026-08-28T17:10:00Z,22.71
2026-08-28T17:15:00Z,22.25
2026-08-28T17:20:00Z,22.3
2026-08-28T17:25:00Z,22.27
2026-08-28T17:30:00Z,21.95
2026-08-28T17:35:00Z,21.76
2026-08-28T17:40:00Z,21.74
2026-08-28T17:45:00Z,21.86
2026-08-28T17:50:00Z,21.9
2026-08-28T17:55:00Z,21.81
2026-08-28T18:00:00Z,21.71
2026-08-28T18:05:00Z,21.55
2026-08-28T18:10:00Z,21.5
2026-08-28T18:15:00Z,21.49
2026-08-28T18:20:00Z,21.5
2026-08-28T18:25:00Z,21.38
2026-08-28T18:30:00Z,21.24
2026-08-28T18:35:00Z,21.1
2026-08-28T18:40:00Z,21.08
2026-08-28T18:45:00Z,21.0
2026-08-28T18:50:00Z,21.0
2026-08-28T18:55:00Z,21.0
2026-08-28T19:00:00Z,21.0
2026-08-28T19:05:00Z,20.98
2026-08-28T19:10:00Z,21.0
2026-08-28T19:15:00Z,20.94
2026-08-28T19:20:00Z,20.84
2026-08-28T19:25:00Z,20.76
2026-08-28T19:30:00Z,20.71
2026-08-28T19:35:00Z,20.6
2026-08-28T19:40:00Z,20.45
2026-08-28T19:45:00Z,20.4
2026-08-28T19:50:00Z,20.31
2026-08-28T19:55:00Z,20.15
2026-08-28T20:00:00Z,19.94
2026-08-28T20:05:00Z,19.82
2026-08-28T20:10:00Z,19.73
2026-08-28T20:15:00Z,19.62
2026-08-28T20:20:00Z,19.54
2026-08-28T20:25:00Z,19.51
2026-08-28T20:30:00Z,19.52
2026-08-28T20:35:00Z,19.5
2026-08-28T20:40:00Z,19.5
2026-08-28T20:45:00Z,19.5
2026-08-28T20:50:00Z,19.51
2026-08-28T20:55:00Z,19.54
2026-08-28T21:00:00Z,19.5
2026-08-28T21:05:00Z,19.5
2026-08-28T21:10:00Z,19.5
2026-08-28T21:15:00Z,19.47
2026-08-28T21:20:00Z,19.5
2026-08-28T21:25:00Z,19.44
2026-08-28T21:30:00Z,19.4
2026-08-28T21:35:00Z,19.46
2026-08-28T21:40:00Z,19.5
2026-08-28T21:45:00Z,19.5
2026-08-28T21:50:00Z,19.48
2026-08-28T21:55:00Z,19.45
2026-08-28T22:00:00Z,19.4
2026-08-28T22:05:00Z,19.38
2026-08-28T22:10:00Z,19.36
2026-08-28T22:15:00Z,19.4
2026-08-28T22:20:00Z,19.4
2026-08-28T22:25:00Z,19.4
2026-08-28T22:30:00Z,19.39
2026-08-28T22:35:00Z,19.3
2026-08-28T22:40:00Z,19.3
2026-08-28T22:45:00Z,19.3
2026-08-28T22:50:00Z,19.3
2026-08-28T22:55:00Z,19.3
2026-08-28T23:00:00Z,19.3
2026-08-28T23:05:00Z,19.33
2026-08-28T23:10:00Z,19.36
2026-08-28T23:15:00Z,19.4
2026-08-28T23:20:00Z,19.35
2026-08-28T23:25:00Z,19.3
2026-08-28T23:30:00Z,19.3
2026-08-28T23:35:00Z,19.22
2026-08-28T23:40:00Z,19.2
2026-08-28T23:45:00Z,19.2
2026-08-28T23:50:00Z,19.2
2026-08-28T23:55:00Z,19.2
2026-08-29T00:00:00Z,19.1
2026-08-29T00:05:00Z,19.1
2026-08-29T00:10:00Z,19.1
2026-08-29T00:15:00Z,19.08
2026-08-29T00:20:00Z,19.0
2026-08-29T00:25:00Z,18.97
2026-08-29T00:30:00Z,18.9
2026-08-29T00:35:00Z,18.83
2026-08-29T00:40:00Z,18.8
2026-08-29T00:45:00Z,18.72
2026-08-29T00:50:00Z,18.7
2026-08-29T00:55:00Z,18.64
2026-08-29T01:00:00Z,18.6
2026-08-29T01:05:00Z,18.7
2026-08-29T01:10:00Z,18.7
2026-08-29T01:15:00Z,18.71
2026-08-29T01:20:00Z,18.8
2026-08-29T01:25:00Z,18.8
2026-08-29T01:30:00Z,18.79
2026-08-29T01:35:00Z,18.77
2026-08-29T01:40:00Z,18.8
2026-08-29T01:45:00Z,18.77
2026-08-29T01:50:00Z,18.79
2026-08-29T01:55:00Z,18.7
2026-08-29T02:00:00Z,18.7
2026-08-29T02:05:00Z,18.7
2026-08-29T02:10:00Z,18.76
2026-08-29T02:15:00Z,18.75
2026-08-29T02:20:00Z,18.74
2026-08-29T02:25:00Z,18.71
2026-08-29T02:30:00Z,18.8
2026-08-29T02:35:00Z,18.73
2026-08-29T02:40:00Z,18.7
2026-08-29T02:45:00Z,18.7
2026-08-29T02:50:00Z,18.7
2026-08-29T02:55:00Z,18.68
2026-08-29T03:00:00Z,18.67
2026-08-29T03:05:00Z,18.6
2026-08-29T03:10:00Z,18.6
2026-08-29T03:15:00Z,18.52
2026-08-29T03:20:00Z,18.5
2026-08-29T03:25:00Z,18.42
2026-08-29T03:30:00Z,18.4
2026-08-29T03:35:00Z,18.4
2026-08-29T03:40:00Z,18.4
2026-08-29T03:45:00Z,18.4
2026-08-29T03:50:00Z,18.4
2026-08-29T03:55:00Z,18.46
2026-08-29T04:00:00Z,18.5
2026-08-29T04:05:00Z,18.5
2026-08-29T04:10:00Z,18.5
2026-08-29T04:15:00Z,18.5
2026-08-29T04:20:00Z,18.5
2026-08-29T04:25:00Z,18.5
2026-08-29T04:30:00Z,18.5
2026-08-29T04:35:00Z,18.5
2026-08-29T04:40:00Z,18.48
2026-08-29T04:45:00Z,18.47
2026-08-29T04:50:00Z,18.45
2026-08-29T04:55:00Z,18.4
2026-08-29T05:00:00Z,18.32
2026-08-29T05:05:00Z,18.3
2026-08-29T05:10:00Z,18.21
2026-08-29T05:15:00Z,18.2
2026-08-29T05:20:00Z,18.2
2026-08-29T05:25:00Z,18.12
2026-08-29T05:30:00Z,18.1
2026-08-29T05:35:00Z,18.1
2026-08-29T05:40:00Z,18.1
2026-08-29T05:45:00Z,18.1
2026-08-29T05:50:00Z,18.1
2026-08-29T05:55:00Z,18.18
2026-08-29T06:00:00Z,18.2
2026-08-29T06:05:00Z,18.15
2026-08-29T06:10:00Z,18.2
2026-08-29T06:15:00Z,18.2
2026-08-29T06:20:00Z,18.2
2026-08-29T06:25:00Z,18.25
2026-08-29T06:30:00Z,18.3
2026-08-29T06:35:00Z,18.3
2026-08-29T06:40:00Z,18.34
2026-08-29T06:45:00Z,18.4
2026-08-29T06:50:00Z,18.4
2026-08-29T06:55:00Z,18.4
2026-08-29T07:00:00Z,18.42
2026-08-29T07:05:00Z,18.5
2026-08-29T07:10:00Z,18.5
2026-08-29T07:15:00Z,18.57
2026-08-29T07:20:00Z,18.57
2026-08-29T07:25:00Z,18.56
2026-08-29T07:30:00Z,18.57
2026-08-29T07:35:00Z,18.6
2026-08-29T07:40:00Z,18.6
2026-08-29T07:45:00Z,18.6
2026-08-29T07:50:00Z,18.66
2026-08-29T07:55:00Z,18.75
2026-08-29T08:00:00Z,18.75
2026-08-29T08:05:00Z,18.62
2026-08-29T08:10:00Z,18.56
2026-08-29T08:15:00Z,18.43
2026-08-29T08:20:00Z,18.3
2026-08-29T08:25:00Z,18.3
2026-08-29T08:30:00Z,18.25
2026-08-29T08:35:00Z,18.23
2026-08-29T08:40:00Z,18.29
2026-08-29T08:45:00Z,18.27
2026-08-29T08:50:00Z,18.29
2026-08-29T08:55:00Z,18.3
2026-08-29T09:00:00Z,18.3
2026-08-29T09:05:00Z,18.32
2026-08-29T09:10:00Z,18.44
2026-08-29T09:15:00Z,18.53
2026-08-29T09:20:00Z,18.6
2026-08-29T09:25:00Z,18.47
2026-08-29T09:30:00Z,18.57
2026-08-29T09:35:00Z,18.7
2026-08-29T09:40:00Z,18.65
2026-08-29T09:45:00Z,18.8
2026-08-29T09:50:00Z,18.7
2026-08-29T09:55:00Z,18.69
2026-08-29T10:00:00Z,18.53
2026-08-29T10:05:00Z,18.45
2026-08-29T10:10:00Z,18.4
2026-08-29T10:15:00Z,18.32
2026-08-29T10:20:00Z,18.3
2026-08-29T10:25:00Z,18.27
2026-08-29T10:30:00Z,18.3
2026-08-29T10:35:00Z,18.38
2026-08-29T10:40:00Z,18.4
2026-08-29T10:45:00Z,18.38
2026-08-29T10:50:00Z,18.2
2026-08-29T10:55:00Z,18.1
2026-08-29T11:00:00Z,17.94
2026-08-29T11:05:00Z,17.92
2026-08-29T11:10:00Z,18.08
2026-08-29T11:15:00Z,18.32
2026-08-29T11:20:00Z,18.32
2026-08-29T11:25:00Z,18.33
2026-08-29T11:30:00Z,18.4
2026-08-29T11:35:00Z,18.34
2026-08-29T11:40:00Z,18.34
2026-08-29T11:45:00Z,18.37
2026-08-29T11:50:00Z,18.25
2026-08-29T11:55:00Z,18.25
2026-08-29T12:00:00Z,18.3
2026-08-29T12:05:00Z,18.32
2026-08-29T12:10:00Z,18.43
2026-08-29T12:15:00Z,18.54
2026-08-29T12:20:00Z,18.68
2026-08-29T12:25:00Z,18.92
2026-08-29T12:30:00Z,19.02
2026-08-29T12:35:00Z,19.02
2026-08-29T12:40:00Z,19.24
2026-08-29T12:45:00Z,19.49
2026-08-29T12:50:00Z,19.4
2026-08-29T12:55:00Z,19.4
2026-08-29T13:00:00Z,19.53
2026-08-29T13:05:00Z,19.84
2026-08-29T13:10:00Z,19.8
2026-08-29T13:15:00Z,19.82
2026-08-29T13:20:00Z,20.18
2026-08-29T13:25:00Z,20.3
2026-08-29T13:30:00Z,20.48
2026-08-29T13:35:00Z,20.73
2026-08-29T13:40:00Z,20.97
2026-08-29T13:45:00Z,21.31
2026-08-29T13:50:00Z,21.71
2026-08-29T13:55:00Z,21.95
2026-08-29T14:00:00Z,21.71
2026-08-29T14:05:00Z,21.51
2026-08-29T14:10:00Z,21.16
2026-08-29T14:15:00Z,20.95
2026-08-29T14:20:00Z,20.87
2026-08-29T14:25:00Z,20.94
2026-08-29T14:30:00Z,20.72
2026-08-29T14:35:00Z,20.78
2026-08-29T14:40:00Z,20.87
2026-08-29T14:45:00Z,20.74
2026-08-29T14:50:00Z,20.8
2026-08-29T14:55:00Z,20.5
2026-08-29T15:00:00Z,20.16
2026-08-29T15:05:00Z,20.17
2026-08-29T15:10:00Z,20.0
2026-08-29T15:15:00Z,20.04
2026-08-29T15:20:00Z,19.99
2026-08-29T15:25:00Z,19.9
2026-08-29T15:30:00Z,19.9
2026-08-29T15:35:00Z,19.99
2026-08-29T15:40:00Z,20.07
2026-08-29T15:45:00Z,20.1
2026-08-29T15:50:00Z,20.2
2026-08-29T15:55:00Z,20.28
2026-08-29T16:00:00Z,20.3
2026-08-29T16:05:00Z,20.3
2026-08-29T16:10:00Z,20.32
2026-08-29T16:15:00Z,20.44
2026-08-29T16:20:00Z,20.52
2026-08-29T16:25:00Z,20.51
2026-08-29T16:30:00Z,20.41
2026-08-29T16:35:00Z,20.4
2026-08-29T16:40:00Z,20.18
2026-08-29T16:45:00Z,19.9
2026-08-29T16:50:00Z,19.79
2026-08-29T16:55:00Z,19.71
2026-08-29T17:00:00Z,19.55
2026-08-29T17:05:00Z,19.38
2026-08-29T17:10:00Z,19.3
2026-08-29T17:15:00Z,19.3
2026-08-29T17:20:00Z,19.31
2026-08-29T17:25:00Z,19.35
2026-08-29T17:30:00Z,19.4
2026-08-29T17:35:00Z,19.5
2026-08-29T17:40:00Z,19.64
2026-08-29T17:45:00Z,19.68
2026-08-29T17:50:00Z,19.7
2026-08-29T17:55:00Z,19.7
2026-08-29T18:00:00Z,19.73
2026-08-29T18:05:00Z,19.8
2026-08-29T18:10:00Z,19.88
2026-08-29T18:15:00Z,19.9
2026-08-29T18:20:00Z,20.0
2026-08-29T18:25:00Z,20.07
2026-08-29T18:30:00Z,20.1
2026-08-29T18:35:00Z,20.1
2026-08-29T18:40:00Z,20.1
2026-08-29T18:45:00Z,20.1
2026-08-29T18:50:00Z,20.1
2026-08-29T18:55:00Z,20.1
2026-08-29T19:00:00Z,20.02
2026-08-29T19:05:00Z,19.92
2026-08-29T19:10:00Z,19.9
2026-08-29T19:15:00Z,19.9
2026-08-29T19:20:00Z,19.9
2026-08-29T19:25:00Z,19.9
2026-08-29T19:30:00Z,19.9
2026-08-29T19:35:00Z,19.9
2026-08-29T19:40:00Z,19.82
2026-08-29T19:45:00Z,19.75
2026-08-29T19:50:00Z,19.7
2026-08-29T19:55:00Z,19.63
2026-08-29T20:00:00Z,19.6
2026-08-29T20:05:00Z,19.6
2026-08-29T20:10:00Z,19.6
2026-08-29T20:15:00Z,19.6
2026-08-29T20:20:00Z,19.6
2026-08-29T20:25:00Z,19.6
2026-08-29T20:30:00Z,19.6
2026-08-29T20:35:00Z,19.6
2026-08-29T20:40:00Z,19.6
2026-08-29T20:45:00Z,19.6
2026-08-29T20:50:00Z,19.6
2026-08-29T20:55:00Z,19.6
2026-08-29T21:00:00Z,19.6
2026-08-29T21:05:00Z,19.61
2026-08-29T21:10:00Z,19.6
2026-08-29T21:15:00Z,19.6
2026-08-29T21:20:00Z,19.54
2026-08-29T21:25:00Z,19.5
2026-08-29T21:30:00Z,19.5
2026-08-29T21:35:00Z,19.5
2026-08-29T21:40:00Z,19.45
2026-08-29T21:45:00Z,19.4
2026-08-29T21:50:00Z,19.4
2026-08-29T21:55:00Z,19.4
2026-08-29T22:00:00Z,19.4
2026-08-29T22:05:00Z,19.35
2026-08-29T22:10:00Z,19.3
2026-08-29T22:15:00Z,19.23
2026-08-29T22:20:00Z,19.18
2026-08-29T22:25:00Z,19.1
2026-08-29T22:30:00Z,19.1
2026-08-29T22:35:00Z,19.1
2026-08-29T22:40:00Z,19.1
2026-08-29T22:45:00Z,19.1
2026-08-29T22:50:00Z,19.02
2026-08-29T22:55:00Z,18.78
2026-08-29T23:00:00Z,18.6
2026-08-29T23:05:00Z,18.44
2026-08-29T23:10:00Z,18.34
2026-08-29T23:15:00Z,18.18
2026-08-29T23:20:00Z,18.2
2026-08-29T23:25:00Z,18.28
2026-08-29T23:30:00Z,18.44
2026-08-29T23:35:00Z,18.58
2026-08-29T23:40:00Z,18.6
2026-08-29T23:45:00Z,18.62
2026-08-29T23:50:00Z,18.69
2026-08-29T23:55:00Z,18.6
2026-08-30T00:00:00Z,18.55
2026-08-30T00:05:00Z,18.5
2026-08-30T00:10:00Z,18.44
2026-08-30T00:15:00Z,18.3
2026-08-30T00:20:00Z,18.3
2026-08-30T00:25:00Z,18.3
2026-08-30T00:30:00Z,18.37
2026-08-30T00:35:00Z,18.4
2026-08-30T00:40:00Z,18.36
2026-08-30T00:45:00Z,18.4
2026-08-30T00:50:00Z,18.34
2026-08-30T00:55:00Z,18.4
2026-08-30T01:00:00Z,18.4
2026-08-30T01:05:00Z,18.4
2026-08-30T01:10:00Z,18.4
2026-08-30T01:15:00Z,18.4
2026-08-30T01:20:00Z,18.4
2026-08-30T01:25:00Z,18.44
2026-08-30T01:30:00Z,18.5
2026-08-30T01:35:00Z,18.5
2026-08-30T01:40:00Z,18.5
2026-08-30T01:45:00Z,18.41
2026-08-30T01:50:00Z,18.4
2026-08-30T01:55:00Z,18.34
2026-08-30T02:00:00Z,18.3
2026-08-30T02:05:00Z,18.27
2026-08-30T02:10:00Z,18.2
2026-08-30T02:15:00Z,18.17
2026-08-30T02:20:00Z,18.1
2026-08-30T02:25:00Z,18.0
2026-08-30T02:30:00Z,17.91
2026-08-30T02:35:00Z,17.73
2026-08-30T02:40:00Z,17.6
2026-08-30T02:45:00Z,17.48
2026-08-30T02:50:00Z,17.4
2026-08-30T02:55:00Z,17.34
2026-08-30T03:00:00Z,17.3
2026-08-30T03:05:00Z,17.3
2026-08-30T03:10:00Z,17.26
2026-08-30T03:15:00Z,17.2
2026-08-30T03:20:00Z,17.2
2026-08-30T03:25:00Z,17.2
2026-08-30T03:30:00Z,17.2
2026-08-30T03:35:00Z,17.2
2026-08-30T03:40:00Z,17.2
2026-08-30T03:45:00Z,17.2
2026-08-30T03:50:00Z,17.15
2026-08-30T03:55:00Z,17.2
2026-08-30T04:00:00Z,17.2
2026-08-30T04:05:00Z,17.2
2026-08-30T04:10:00Z,17.2
2026-08-30T04:15:00Z,17.12
2026-08-30T04:20:00Z,17.1
2026-08-30T04:25:00Z,17.1
2026-08-30T04:30:00Z,17.1
2026-08-30T04:35:00Z,17.02
2026-08-30T04:40:00Z,17.0
2026-08-30T04:45:00Z,16.95
2026-08-30T04:50:00Z,16.9
2026-08-30T04:55:00Z,16.84
2026-08-30T05:00:00Z,16.8
2026-08-30T05:05:00Z,16.8
2026-08-30T05:10:00Z,16.79
2026-08-30T05:15:00Z,16.7
2026-08-30T05:20:00Z,16.7
2026-08-30T05:25:00Z,16.7
2026-08-30T05:30:00Z,16.7
2026-08-30T05:35:00Z,16.7
2026-08-30T05:40:00Z,16.7
2026-08-30T05:45:00Z,16.7
2026-08-30T05:50:00Z,16.67
2026-08-30T05:55:00Z,16.6
2026-08-30T06:00:00Z,16.6
2026-08-30T06:05:00Z,16.6
2026-08-30T06:10:00Z,16.6
2026-08-30T06:15:00Z,16.6
2026-08-30T06:20:00Z,16.61
2026-08-30T06:25:00Z,16.7
2026-08-30T06:30:00Z,16.7
2026-08-30T06:35:00Z,16.7
2026-08-30T06:40:00Z,16.79
2026-08-30T06:45:00Z,16.9
2026-08-30T06:50:00Z,17.0
2026-08-30T06:55:00Z,17.08
2026-08-30T07:00:00Z,17.11
2026-08-30T07:05:00Z,17.13
2026-08-30T07:10:00Z,17.2
2026-08-30T07:15:00Z,17.2
2026-08-30T07:20:00Z,17.29
2026-08-30T07:25:00Z,17.38
2026-08-30T07:30:00Z,17.48
2026-08-30T07:35:00Z,17.61
2026-08-30T07:40:00Z,17.7
2026-08-30T07:45:00Z,17.73
2026-08-30T07:50:00Z,17.73
2026-08-30T07:55:00Z,17.77
2026-08-30T08:00:00Z,17.85
2026-08-30T08:05:00Z,17.82
2026-08-30T08:10:00Z,18.0
2026-08-30T08:15:00Z,18.14
2026-08-30T08:20:00Z,18.2
2026-08-30T08:25:00Z,18.11
2026-08-30T08:30:00Z,18.1
2026-08-30T08:35:00Z,18.1
2026-08-30T08:40:00Z,18.05
2026-08-30T08:45:00Z,18.13
2026-08-30T08:50:00Z,18.29
2026-08-30T08:55:00Z,18.44
2026-08-30T09:00:00Z,18.6
2026-08-30T09:05:00Z,18.77
2026-08-30T09:10:00Z,18.93
2026-08-30T09:15:00Z,19.05
2026-08-30T09:20:00Z,19.1
2026-08-30T09:25:00Z,19.1
2026-08-30T09:30:00Z,19.17
2026-08-30T09:35:00Z,19.32
2026-08-30T09:40:00Z,19.62
2026-08-30T09:45:00Z,19.72
2026-08-30T09:50:00Z,19.83
2026-08-30T09:55:00Z,20.01
2026-08-30T10:00:00Z,20.11
2026-08-30T10:05:00Z,20.29
2026-08-30T10:10:00Z,20.4
2026-08-30T10:15:00Z,20.5
2026-08-30T10:20:00Z,20.5
2026-08-30T10:25:00Z,20.54
2026-08-30T10:30:00Z,20.77
2026-08-30T10:35:00Z,21.08
2026-08-30T10:40:00Z,21.1
2026-08-30T10:45:00Z,21.1
2026-08-30T10:50:00Z,21.17
2026-08-30T10:55:00Z,21.36
2026-08-30T11:00:00Z,21.65
2026-08-30T11:05:00Z,21.56
2026-08-30T11:10:00Z,21.64
2026-08-30T11:15:00Z,21.51
2026-08-30T11:20:00Z,21.8
2026-08-30T11:25:00Z,22.32
2026-08-30T11:30:00Z,22.73
2026-08-30T11:35:00Z,22.66
2026-08-30T11:40:00Z,22.57
2026-08-30T11:45:00Z,22.65
2026-08-30T11:50:00Z,22.96
2026-08-30T11:55:00Z,23.01
2026-08-30T12:00:00Z,23.3
2026-08-30T12:05:00Z,23.62
2026-08-30T12:10:00Z,23.67
2026-08-30T12:15:00Z,23.47
2026-08-30T12:20:00Z,23.0
2026-08-30T12:25:00Z,22.81
2026-08-30T12:30:00Z,22.51
2026-08-30T12:35:00Z,22.4
2026-08-30T12:40:00Z,22.4
2026-08-30T12:45:00Z,22.37
2026-08-30T12:50:00Z,22.29
2026-08-30T12:55:00Z,22.06
2026-08-30T13:00:00Z,21.81
2026-08-30T13:05:00Z,21.36
2026-08-30T13:10:00Z,21.1
2026-08-30T13:15:00Z,21.32
2026-08-30T13:20:00Z,21.71
2026-08-30T13:25:00Z,22.03
2026-08-30T13:30:00Z,22.3
2026-08-30T13:35:00Z,22.36
2026-08-30T13:40:00Z,22.63
2026-08-30T13:45:00Z,22.95
2026-08-30T13:50:00Z,23.4
2026-08-30T13:55:00Z,23.02
2026-08-30T14:00:00Z,22.96
2026-08-30T14:05:00Z,22.82
2026-08-30T14:10:00Z,22.82
2026-08-30T14:15:00Z,23.03
2026-08-30T14:20:00Z,22.82
2026-08-30T14:25:00Z,22.69
2026-08-30T14:30:00Z,22.45
2026-08-30T14:35:00Z,22.65
2026-08-30T14:40:00Z,22.66
2026-08-30T14:45:00Z,22.76
2026-08-30T14:50:00Z,22.93
2026-08-30T14:55:00Z,22.75
2026-08-30T15:00:00Z,22.43
2026-08-30T15:05:00Z,22.7
2026-08-30T15:10:00Z,22.98
2026-08-30T15:15:00Z,22.89
2026-08-30T15:20:00Z,22.71
2026-08-30T15:25:00Z,22.56
2026-08-30T15:30:00Z,22.31
2026-08-30T15:35:00Z,22.22
2026-08-30T15:40:00Z,22.37
2026-08-30T15:45:00Z,22.24
2026-08-30T15:50:00Z,22.13
2026-08-30T15:55:00Z,22.15
2026-08-30T16:00:00Z,22.17
2026-08-30T16:05:00Z,22.11
2026-08-30T16:10:00Z,22.52
2026-08-30T16:15:00Z,22.57
2026-08-30T16:20:00Z,22.59
2026-08-30T16:25:00Z,22.43
2026-08-30T16:30:00Z,22.34
2026-08-30T16:35:00Z,22.45
2026-08-30T16:40:00Z,22.37
2026-08-30T16:45:00Z,22.05
2026-08-30T16:50:00Z,21.9
2026-08-30T16:55:00Z,21.74
2026-08-30T17:00:00Z,21.7
2026-08-30T17:05:00Z,21.69
2026-08-30T17:10:00Z,21.59
2026-08-30T17:15:00Z,21.42
2026-08-30T17:20:00Z,21.3
2026-08-30T17:25:00Z,21.21
2026-08-30T17:30:00Z,21.2
2026-08-30T17:35:00Z,21.2
2026-08-30T17:40:00Z,21.15
2026-08-30T17:45:00Z,21.1
2026-08-30T17:50:00Z,21.03
2026-08-30T17:55:00Z,20.87
2026-08-30T18:00:00Z,20.77
2026-08-30T18:05:00Z,20.63
2026-08-30T18:10:00Z,20.55
2026-08-30T18:15:00Z,20.56
2026-08-30T18:20:00Z,20.5
2026-08-30T18:25:00Z,20.35
2026-08-30T18:30:00Z,20.25
2026-08-30T18:35:00Z,20.2
2026-08-30T18:40:00Z,20.2
2026-08-30T18:45:00Z,20.11
2026-08-30T18:50:00Z,20.02
2026-08-30T18:55:00Z,19.98
2026-08-30T19:00:00Z,19.9
2026-08-30T19:05:00Z,19.9
2026-08-30T19:10:00Z,19.82
2026-08-30T19:15:00Z,19.7
2026-08-30T19:20:00Z,19.7
2026-08-30T19:25:00Z,19.62
2026-08-30T19:30:00Z,19.59
2026-08-30T19:35:00Z,19.5
2026-08-30T19:40:00Z,19.5
2026-08-30T19:45:00Z,19.45
2026-08-30T19:50:00Z,19.4
2026-08-30T19:55:00Z,19.4
2026-08-30T20:00:00Z,19.4
2026-08-30T20:05:00Z,19.4
2026-08-30T20:10:00Z,19.4
2026-08-30T20:15:00Z,19.4
2026-08-30T20:20:00Z,19.28
2026-08-30T20:25:00Z,19.11
2026-08-30T20:30:00Z,19.04
2026-08-30T20:35:00Z,19.1
2026-08-30T20:40:00Z,19.1
2026-08-30T20:45:00Z,19.18
2026-08-30T20:50:00Z,19.13
2026-08-30T20:55:00Z,19.17
2026-08-30T21:00:00Z,18.74
2026-08-30T21:05:00Z,18.05
2026-08-30T21:10:00Z,17.83
2026-08-30T21:15:00Z,17.7
2026-08-30T21:20:00Z,17.7
2026-08-30T21:25:00Z,17.65
2026-08-30T21:30:00Z,17.62
2026-08-30T21:35:00Z,17.54
2026-08-30T21:40:00Z,17.45
2026-08-30T21:45:00Z,17.37
2026-08-30T21:50:00Z,17.4
2026-08-30T21:55:00Z,17.31
2026-08-30T22:00:00Z,17.3
2026-08-30T22:05:00Z,17.29
2026-08-30T22:10:00Z,17.25
2026-08-30T22:15:00Z,17.3
2026-08-30T22:20:00Z,17.27
2026-08-30T22:25:00Z,17.15
2026-08-30T22:30:00Z,17.04
2026-08-30T22:35:00Z,16.96
2026-08-30T22:40:00Z,16.9
2026-08-30T22:45:00Z,16.9
2026-08-30T22:50:00Z,16.96
2026-08-30T22:55:00Z,16.91
2026-08-30T23:00:00Z,16.9
2026-08-30T23:05:00Z,16.9
2026-08-30T23:10:00Z,16.9
2026-08-30T23:15:00Z,16.9
2026-08-30T23:20:00Z,16.9
2026-08-30T23:25:00Z,16.82
2026-08-30T23:30:00Z,16.8
2026-08-30T23:35:00Z,16.75
2026-08-30T23:40:00Z,16.7
2026-08-30T23:45:00Z,16.7
2026-08-30T23:50:00Z,16.71
2026-08-30T23:55:00Z,16.79
2026-08-31T00:00:00Z,16.8
2026-08-31T00:05:00Z,16.8
2026-08-31T00:10:00Z,16.8
2026-08-31T00:15:00Z,16.8
2026-08-31T00:20:00Z,16.8
2026-08-31T00:25:00Z,16.8
2026-08-31T00:30:00Z,16.8
2026-08-31T00:35:00Z,16.8
2026-08-31T00:40:00Z,16.8
2026-08-31T00:45:00Z,16.79
2026-08-31T00:50:00Z,16.8
2026-08-31T00:55:00Z,16.71
2026-08-31T01:00:00Z,16.67
2026-08-31T01:05:00Z,16.63
2026-08-31T01:10:00Z,16.6
2026-08-31T01:15:00Z,16.52
2026-08-31T01:20:00Z,16.5
2026-08-31T01:25:00Z,16.5
2026-08-31T01:30:00Z,16.5
2026-08-31T01:35:00Z,16.59
2026-08-31T01:40:00Z,16.6
2026-08-31T01:45:00Z,16.61
2026-08-31T01:50:00Z,16.67
2026-08-31T01:55:00Z,16.7
2026-08-31T02:00:00Z,16.7
2026-08-31T02:05:00Z,16.7
2026-08-31T02:10:00Z,16.7
2026-08-31T02:15:00Z,16.7
2026-08-31T02:20:00Z,16.61
2026-08-31T02:25:00Z,16.64
2026-08-31T02:30:00Z,16.7
2026-08-31T02:35:00Z,16.7
2026-08-31T02:40:00Z,16.7
2026-08-31T02:45:00Z,16.7
2026-08-31T02:50:00Z,16.62
2026-08-31T02:55:00Z,16.61
2026-08-31T03:00:00Z,16.6
2026-08-31T03:05:00Z,16.6
2026-08-31T03:10:00Z,16.5
2026-08-31T03:15:00Z,16.5
2026-08-31T03:20:00Z,16.5
2026-08-31T03:25:00Z,16.46
2026-08-31T03:30:00Z,16.45
2026-08-31T03:35:00Z,16.38
2026-08-31T03:40:00Z,16.3
2026-08-31T03:45:00Z,16.2
2026-08-31T03:50:00Z,16.12
2026-08-31T03:55:00Z,16.06
2026-08-31T04:00:00Z,16.0
2026-08-31T04:05:00Z,16.0
2026-08-31T04:10:00Z,15.9
2026-08-31T04:15:00Z,15.88
2026-08-31T04:20:00Z,15.8
2026-08-31T04:25:00Z,15.72
2026-08-31T04:30:00Z,15.68
2026-08-31T04:35:00Z,15.6
2026-08-31T04:40:00Z,15.53
2026-08-31T04:45:00Z,15.5
2026-08-31T04:50:00Z,15.4
2026-08-31T04:55:00Z,15.4
2026-08-31T05:00:00Z,15.31
2026-08-31T05:05:00Z,15.27
2026-08-31T05:10:00Z,15.2
2026-08-31T05:15:00Z,15.21
2026-08-31T05:20:00Z,15.25
2026-08-31T05:25:00Z,15.3
2026-08-31T05:30:00Z,15.3
2026-08-31T05:35:00Z,15.3
2026-08-31T05:40:00Z,15.3
2026-08-31T05:45:00Z,15.3
2026-08-31T05:50:00Z,15.35
2026-08-31T05:55:00Z,15.4
2026-08-31T06:00:00Z,15.4
2026-08-31T06:05:00Z,15.4
2026-08-31T06:10:00Z,15.4
2026-08-31T06:15:00Z,15.4
2026-08-31T06:20:00Z,15.4
2026-08-31T06:25:00Z,15.5
2026-08-31T06:30:00Z,15.44
2026-08-31T06:35:00Z,15.45
2026-08-31T06:40:00Z,15.46
2026-08-31T06:45:00Z,15.46
2026-08-31T06:50:00Z,15.4
2026-08-31T06:55:00Z,15.47
2026-08-31T07:00:00Z,15.5
2026-08-31T07:05:00Z,15.5
2026-08-31T07:10:00Z,15.52
2026-08-31T07:15:00Z,15.64
2026-08-31T07:20:00Z,15.66
2026-08-31T07:25:00Z,15.74
2026-08-31T07:30:00Z,15.76
2026-08-31T07:35:00Z,15.89
2026-08-31T07:40:00Z,16.0
2026-08-31T07:45:00Z,16.17
2026-08-31T07:50:00Z,16.33
2026-08-31T07:55:00Z,16.49
2026-08-31T08:00:00Z,16.6
2026-08-31T08:05:00Z,16.64
2026-08-31T08:10:00Z,16.75
2026-08-31T08:15:00Z,16.87
2026-08-31T08:20:00Z,16.94
2026-08-31T08:25:00Z,16.96
2026-08-31T08:30:00Z,17.16
2026-08-31T08:35:00Z,17.36
2026-08-31T08:40:00Z,17.24
2026-08-31T08:45:00Z,17.35
2026-08-31T08:50:00Z,17.48
2026-08-31T08:55:00Z,17.51
2026-08-31T09:00:00Z,17.7
2026-08-31T09:05:00Z,17.8
2026-08-31T09:10:00Z,17.9
2026-08-31T09:15:00Z,17.9
2026-08-31T09:20:00Z,18.0
2026-08-31T09:25:00Z,18.13
2026-08-31T09:30:00Z,18.2
2026-08-31T09:35:00Z,18.32
2026-08-31T09:40:00Z,18.56
2026-08-31T09:45:00Z,18.55
2026-08-31T09:50:00Z,18.73
2026-08-31T09:55:00Z,18.88
2026-08-31T10:00:00Z,19.1
2026-08-31T10:05:00Z,19.17
2026-08-31T10:10:00Z,18.95
2026-08-31T10:15:00Z,18.97
2026-08-31T10:20:00Z,19.31
2026-08-31T10:25:00Z,19.4
2026-08-31T10:30:00Z,19.5
2026-08-31T10:35:00Z,19.57
2026-08-31T10:40:00Z,19.63
2026-08-31T10:45:00Z,19.52
2026-08-31T10:50:00Z,19.7
2026-08-31T10:55:00Z,19.99
2026-08-31T11:00:00Z,20.28
2026-08-31T11:05:00Z,20.45
2026-08-31T11:10:00Z,20.26
2026-08-31T11:15:00Z,20.24
2026-08-31T11:20:00Z,20.46
2026-08-31T11:25:00Z,20.66
2026-08-31T11:30:00Z,20.73
2026-08-31T11:35:00Z,20.99
2026-08-31T11:40:00Z,21.63
2026-08-31T11:45:00Z,22.57
2026-08-31T11:50:00Z,22.74
2026-08-31T11:55:00Z,22.56
2026-08-31T12:00:00Z,22.71
2026-08-31T12:05:00Z,23.46
2026-08-31T12:10:00Z,24.37
2026-08-31T12:15:00Z,23.47
2026-08-31T12:20:00Z,22.64
2026-08-31T12:25:00Z,22.91
2026-08-31T12:30:00Z,23.56
2026-08-31T12:35:00Z,23.52
2026-08-31T12:40:00Z,23.47
2026-08-31T12:45:00Z,23.88
2026-08-31T12:50:00Z,23.07
2026-08-31T12:55:00Z,22.6
2026-08-31T13:00:00Z,22.21
2026-08-31T13:05:00Z,22.11
2026-08-31T13:10:00Z,22.42
2026-08-31T13:15:00Z,22.93
2026-08-31T13:20:00Z,23.03
2026-08-31T13:25:00Z,23.65
2026-08-31T13:30:00Z,24.0
2026-08-31T13:35:00Z,24.3
2026-08-31T13:40:00Z,24.44
2026-08-31T13:45:00Z,24.91
2026-08-31T13:50:00Z,24.16
2026-08-31T13:55:00Z,23.35
2026-08-31T14:00:00Z,22.96
2026-08-31T14:05:00Z,23.08
2026-08-31T14:10:00Z,22.97
2026-08-31T14:15:00Z,23.42
2026-08-31T14:20:00Z,23.49
2026-08-31T14:25:00Z,23.33
2026-08-31T14:30:00Z,23.8
2026-08-31T14:35:00Z,23.72
2026-08-31T14:40:00Z,23.16
2026-08-31T14:45:00Z,22.49
2026-08-31T14:50:00Z,21.27
2026-08-31T14:55:00Z,20.62
2026-08-31T15:00:00Z,20.38
2026-08-31T15:05:00Z,20.43
2026-08-31T15:10:00Z,20.5
2026-08-31T15:15:00Z,21.12
2026-08-31T15:20:00Z,21.91
2026-08-31T15:25:00Z,21.92
2026-08-31T15:30:00Z,21.87
2026-08-31T15:35:00Z,21.97
2026-08-31T15:40:00Z,22.11
2026-08-31T15:45:00Z,22.23
2026-08-31T15:50:00Z,21.78
2026-08-31T15:55:00Z,21.44
2026-08-31T16:00:00Z,21.19
2026-08-31T16:05:00Z,21.18
2026-08-31T16:10:00Z,21.41
2026-08-31T16:15:00Z,21.97
2026-08-31T16:20:00Z,22.3
2026-08-31T16:25:00Z,22.26
2026-08-31T16:30:00Z,21.99
2026-08-31T16:35:00Z,21.72
2026-08-31T16:40:00Z,21.6
2026-08-31T16:45:00Z,21.53
2026-08-31T16:50:00Z,21.6
2026-08-31T16:55:00Z,21.63
2026-08-31T17:00:00Z,21.77
2026-08-31T17:05:00Z,21.82
2026-08-31T17:10:00Z,21.87
2026-08-31T17:15:00Z,21.9
2026-08-31T17:20:00Z,21.85
2026-08-31T17:25:00Z,21.8
2026-08-31T17:30:00Z,21.8
2026-08-31T17:35:00Z,21.77
2026-08-31T17:40:00Z,21.7
2026-08-31T17:45:00Z,21.64
2026-08-31T17:50:00Z,21.6
2026-08-31T17:55:00Z,21.6
2026-08-31T18:00:00Z,21.62
2026-08-31T18:05:00Z,21.7
2026-08-31T18:10:00Z,21.62
2026-08-31T18:15:00Z,21.54
2026-08-31T18:20:00Z,21.44
2026-08-31T18:25:00Z,21.37
2026-08-31T18:30:00Z,21.24
2026-08-31T18:35:00Z,21.2
2026-08-31T18:40:00Z,21.2
2026-08-31T18:45:00Z,21.1
2026-08-31T18:50:00Z,21.1
2026-08-31T18:55:00Z,21.08
2026-08-31T19:00:00Z,21.0
2026-08-31T19:05:00Z,20.91
2026-08-31T19:10:00Z,20.9
2026-08-31T19:15:00Z,20.84
2026-08-31T19:20:00Z,20.73
2026-08-31T19:25:00Z,20.55
2026-08-31T19:30:00Z,20.45
2026-08-31T19:35:00Z,20.36
2026-08-31T19:40:00Z,20.26
2026-08-31T19:45:00Z,20.14
2026-08-31T19:50:00Z,20.01
2026-08-31T19:55:00Z,19.95
2026-08-31T20:00:00Z,19.87
2026-08-31T20:05:00Z,19.8
2026-08-31T20:10:00Z,19.71
2026-08-31T20:15:00Z,19.67
2026-08-31T20:20:00Z,19.6
2026-08-31T20:25:00Z,19.58
2026-08-31T20:30:00Z,19.5
2026-08-31T20:35:00Z,19.47
2026-08-31T20:40:00Z,19.37
2026-08-31T20:45:00Z,19.29
2026-08-31T20:50:00Z,19.2
2026-08-31T20:55:00Z,19.18
2026-08-31T21:00:00Z,19.1
2026-08-31T21:05:00Z,19.1
2026-08-31T21:10:00Z,19.08
2026-08-31T21:15:00Z,19.07
2026-08-31T21:20:00Z,19.0
2026-08-31T21:25:00Z,18.85
2026-08-31T21:30:00Z,18.72
2026-08-31T21:35:00Z,18.64
2026-08-31T21:40:00Z,18.52
2026-08-31T21:45:00Z,18.47
2026-08-31T21:50:00Z,18.4
2026-08-31T21:55:00Z,18.4
2026-08-31T22:00:00Z,18.31
2026-08-31T22:05:00Z,18.23
2026-08-31T22:10:00Z,18.2
2026-08-31T22:15:00Z,18.2
2026-08-31T22:20:00Z,18.12
2026-08-31T22:25:00Z,18.1
2026-08-31T22:30:00Z,18.1
2026-08-31T22:35:00Z,18.06
2026-08-31T22:40:00Z,18.0
2026-08-31T22:45:00Z,18.0
2026-08-31T22:50:00Z,18.01
2026-08-31T22:55:00Z,17.9
2026-08-31T23:00:00Z,17.9
2026-08-31T23:05:00Z,17.86
2026-08-31T23:10:00Z,17.86
2026-08-31T23:15:00Z,17.8
2026-08-31T23:20:00Z,17.79
2026-08-31T23:25:00Z,17.7
2026-08-31T23:30:00Z,17.68
2026-08-31T23:35:00Z,17.6
2026-08-31T23:40:00Z,17.56
2026-08-31T23:45:00Z,17.5
2026-08-31T23:50:00Z,17.37
2026-08-31T23:55:00Z,17.27
2026-09-01T00:00:00Z,17.2
2026-09-01T00:05:00Z,17.15
2026-09-01T00:10:00Z,17.1
2026-09-01T00:15:00Z,17.1
2026-09-01T00:20:00Z,17.02
2026-09-01T00:25:00Z,16.92
2026-09-01T00:30:00Z,16.86
2026-09-01T00:35:00Z,16.8
2026-09-01T00:40:00Z,16.71
2026-09-01T00:45:00Z,16.7
2026-09-01T00:50:00Z,16.6
2026-09-01T00:55:00Z,16.58
2026-09-01T01:00:00Z,16.5
2026-09-01T01:05:00Z,16.48
2026-09-01T01:10:00Z,16.4
2026-09-01T01:15:00Z,16.35
2026-09-01T01:20:00Z,16.3
2026-09-01T01:25:00Z,16.22
2026-09-01T01:30:00Z,16.2
2026-09-01T01:35:00Z,16.13
2026-09-01T01:40:00Z,16.1
2026-09-01T01:45:00Z,16.1
2026-09-01T01:50:00Z,16.1
2026-09-01T01:55:00Z,16.01
2026-09-01T02:00:00Z,16.0
2026-09-01T02:05:00Z,15.95
2026-09-01T02:10:00Z,15.9
2026-09-01T02:15:00Z,15.83
2026-09-01T02:20:00Z,15.8
2026-09-01T02:25:00Z,15.8
2026-09-01T02:30:00Z,15.8
2026-09-01T02:35:00Z,15.71
2026-09-01T02:40:00Z,15.7
2026-09-01T02:45:00Z,15.7
2026-09-01T02:50:00Z,15.64
2026-09-01T02:55:00Z,15.6
2026-09-01T03:00:00Z,15.6
2026-09-01T03:05:00Z,15.54
2026-09-01T03:10:00Z,15.54
2026-09-01T03:15:00Z,15.5
2026-09-01T03:20:00Z,15.46
2026-09-01T03:25:00Z,15.4
2026-09-01T03:30:00Z,15.35
2026-09-01T03:35:00Z,15.3
2026-09-01T03:40:00Z,15.3
2026-09-01T03:45:00Z,15.26
2026-09-01T03:50:00Z,15.2
2026-09-01T03:55:00Z,15.16
2026-09-01T04:00:00Z,15.1
2026-09-01T04:05:00Z,15.1
2026-09-01T04:10:00Z,15.0
2026-09-01T04:15:00Z,15.0
2026-09-01T04:20:00Z,15.0
2026-09-01T04:25:00Z,14.94
2026-09-01T04:30:00Z,14.9
2026-09-01T04:35:00Z,14.9
2026-09-01T04:40:00Z,14.82
2026-09-01T04:45:00Z,14.73
2026-09-01T04:50:00Z,14.62
2026-09-01T04:55:00Z,14.49
2026-09-01T05:00:00Z,14.34
2026-09-01T05:05:00Z,14.3
2026-09-01T05:10:00Z,14.3
2026-09-01T05:15:00Z,14.2
2026-09-01T05:20:00Z,14.2
2026-09-01T05:25:00Z,14.2
2026-09-01T05:30:00Z,14.2
2026-09-01T05:35:00Z,14.25
2026-09-01T05:40:00Z,14.2
2026-09-01T05:45:00Z,14.27
2026-09-01T05:50:00Z,14.32
2026-09-01T05:55:00Z,14.4
2026-09-01T06:00:00Z,14.4
2026-09-01T06:05:00Z,14.42
2026-09-01T06:10:00Z,14.5
2026-09-01T06:15:00Z,14.44
2026-09-01T06:20:00Z,14.4
2026-09-01T06:25:00Z,14.41
2026-09-01T06:30:00Z,14.53
2026-09-01T06:35:00Z,14.6
2026-09-01T06:40:00Z,14.66
2026-09-01T06:45:00Z,14.75
2026-09-01T06:50:00Z,14.77
2026-09-01T06:55:00Z,14.86
2026-09-01T07:00:00Z,14.93
2026-09-01T07:05:00Z,15.06
2026-09-01T07:10:00Z,15.1
2026-09-01T07:15:00Z,15.01
2026-09-01T07:20:00Z,15.07
2026-09-01T07:25:00Z,15.06
2026-09-01T07:30:00Z,15.0
2026-09-01T07:35:00Z,15.01
2026-09-01T07:40:00Z,15.1
2026-09-01T07:45:00Z,15.21
2026-09-01T07:50:00Z,15.34
2026-09-01T07:55:00Z,15.5
2026-09-01T08:00:00Z,15.63
2026-09-01T08:05:00Z,15.77
2026-09-01T08:10:00Z,15.8
2026-09-01T08:15:00Z,15.9
2026-09-01T08:20:00Z,16.0
2026-09-01T08:25:00Z,16.08
2026-09-01T08:30:00Z,16.1
2026-09-01T08:35:00Z,16.1
2026-09-01T08:40:00Z,16.24
2026-09-01T08:45:00Z,16.38
2026-09-01T08:50:00Z,16.4
2026-09-01T08:55:00Z,16.46
2026-09-01T09:00:00Z,16.57
2026-09-01T09:05:00Z,16.67
2026-09-01T09:10:00Z,16.9
2026-09-01T09:15:00Z,17.02
2026-09-01T09:20:00Z,17.18
2026-09-01T09:25:00Z,17.3
2026-09-01T09:30:00Z,17.39
2026-09-01T09:35:00Z,17.51
2026-09-01T09:40:00Z,17.6
2026-09-01T09:45:00Z,17.78
2026-09-01T09:50:00Z,18.02
2026-09-01T09:55:00Z,18.23
2026-09-01T10:00:00Z,18.25
2026-09-01T10:05:00Z,18.3
2026-09-01T10:10:00Z,18.37
2026-09-01T10:15:00Z,18.5
2026-09-01T10:20:00Z,18.57
2026-09-01T10:25:00Z,18.64
2026-09-01T10:30:00Z,18.84
2026-09-01T10:35:00Z,19.0
2026-09-01T10:40:00Z,19.01
2026-09-01T10:45:00Z,19.31
2026-09-01T10:50:00Z,19.47
2026-09-01T10:55:00Z,19.57
2026-09-01T11:00:00Z,19.74
2026-09-01T11:05:00Z,19.82
2026-09-01T11:10:00Z,20.01
2026-09-01T11:15:00Z,20.45
2026-09-01T11:20:00Z,20.77
2026-09-01T11:25:00Z,20.75
2026-09-01T11:30:00Z,21.07
2026-09-01T11:35:00Z,21.28
2026-09-01T11:40:00Z,21.63
2026-09-01T11:45:00Z,22.08
2026-09-01T11:50:00Z,22.43
2026-09-01T11:55:00Z,22.98
2026-09-01T12:00:00Z,23.02
2026-09-01T12:05:00Z,23.17
2026-09-01T12:10:00Z,23.09
2026-09-01T12:15:00Z,23.78
2026-09-01T12:20:00Z,23.41
2026-09-01T12:25:00Z,23.66
2026-09-01T12:30:00Z,22.84
2026-09-01T12:35:00Z,22.59
2026-09-01T12:40:00Z,23.06
2026-09-01T12:45:00Z,22.25
2026-09-01T12:50:00Z,21.77
2026-09-01T12:55:00Z,21.77
2026-09-01T13:00:00Z,21.66
2026-09-01T13:05:00Z,21.53
2026-09-01T13:10:00Z,22.07
2026-09-01T13:15:00Z,22.71
2026-09-01T13:20:00Z,22.9
2026-09-01T13:25:00Z,22.35
2026-09-01T13:30:00Z,22.46
2026-09-01T13:35:00Z,22.83
2026-09-01T13:40:00Z,22.27
2026-09-01T13:45:00Z,23.02
2026-09-01T13:50:00Z,22.9
2026-09-01T13:55:00Z,23.07
2026-09-01T14:00:00Z,22.69
2026-09-01T14:05:00Z,22.69
2026-09-01T14:10:00Z,22.95
2026-09-01T14:15:00Z,22.68
2026-09-01T14:20:00Z,22.69
2026-09-01T14:25:00Z,22.52
2026-09-01T14:30:00Z,23.14
2026-09-01T14:35:00Z,22.79
2026-09-01T14:40:00Z,22.51
2026-09-01T14:45:00Z,23.08
2026-09-01T14:50:00Z,23.86
2026-09-01T14:55:00Z,23.35
2026-09-01T15:00:00Z,23.32
2026-09-01T15:05:00Z,23.26
2026-09-01T15:10:00Z,24.02
2026-09-01T15:15:00Z,24.5
2026-09-01T15:20:00Z,24.63
2026-09-01T15:25:00Z,23.92
2026-09-01T15:30:00Z,23.3
2026-09-01T15:35:00Z,23.06
2026-09-01T15:40:00Z,23.02
2026-09-01T15:45:00Z,23.48
2026-09-01T15:50:00Z,23.39
2026-09-01T15:55:00Z,23.1
2026-09-01T16:00:00Z,22.87
2026-09-01T16:05:00Z,22.7
2026-09-01T16:10:00Z,22.6
2026-09-01T16:15:00Z,22.64
2026-09-01T16:20:00Z,22.7
2026-09-01T16:25:00Z,23.02
2026-09-01T16:30:00Z,23.04
2026-09-01T16:35:00Z,22.8
2026-09-01T16:40:00Z,22.85
2026-09-01T16:45:00Z,23.09
2026-09-01T16:50:00Z,23.24
2026-09-01T16:55:00Z,22.75
2026-09-01T17:00:00Z,22.43
2026-09-01T17:05:00Z,22.32
2026-09-01T17:10:00Z,22.23
2026-09-01T17:15:00Z,22.4
2026-09-01T17:20:00Z,22.5
2026-09-01T17:25:00Z,22.5
2026-09-01T17:30:00Z,22.54
2026-09-01T17:35:00Z,22.46
2026-09-01T17:40:00Z,22.28
2026-09-01T17:45:00Z,22.13
2026-09-01T17:50:00Z,22.08
2026-09-01T17:55:00Z,22.0
2026-09-01T18:00:00Z,21.99
2026-09-01T18:05:00Z,21.9
2026-09-01T18:10:00Z,21.81
2026-09-01T18:15:00Z,21.7
2026-09-01T18:20:00Z,21.6
2026-09-01T18:25:00Z,21.6
2026-09-01T18:30:00Z,21.6
2026-09-01T18:35:00Z,21.55
2026-09-01T18:40:00Z,21.49
2026-09-01T18:45:00Z,21.29
2026-09-01T18:50:00Z,21.1
2026-09-01T18:55:00Z,20.91
2026-09-01T19:00:00Z,20.8
2026-09-01T19:05:00Z,20.68
2026-09-01T19:10:00Z,20.54
2026-09-01T19:15:00Z,20.48
2026-09-01T19:20:00Z,20.37
2026-09-01T19:25:00Z,20.29
2026-09-01T19:30:00Z,20.2
2026-09-01T19:35:00Z,20.1
2026-09-01T19:40:00Z,20.0
2026-09-01T19:45:00Z,19.95
2026-09-01T19:50:00Z,19.9
2026-09-01T19:55:00Z,19.9
2026-09-01T20:00:00Z,19.87
2026-09-01T20:05:00Z,19.8
2026-09-01T20:10:00Z,19.75
2026-09-01T20:15:00Z,19.67
2026-09-01T20:20:00Z,19.6
2026-09-01T20:25:00Z,19.56
2026-09-01T20:30:00Z,19.5
2026-09-01T20:35:00Z,19.5
2026-09-01T20:40:00Z,19.4
2026-09-01T20:45:00Z,19.4
2026-09-01T20:50:00Z,19.36
2026-09-01T20:55:00Z,19.3
2026-09-01T21:00:00Z,19.3
2026-09-01T21:05:00Z,19.23
2026-09-01T21:10:00Z,19.2
2026-09-01T21:15:00Z,19.2
2026-09-01T21:20:00Z,19.14
2026-09-01T21:25:00Z,19.1
2026-09-01T21:30:00Z,19.06
2026-09-01T21:35:00Z,19.0
2026-09-01T21:40:00Z,18.95
2026-09-01T21:45:00Z,18.9
2026-09-01T21:50:00Z,18.9
2026-09-01T21:55:00Z,18.84
2026-09-01T22:00:00Z,18.79
2026-09-01T22:05:00Z,18.7
2026-09-01T22:10:00Z,18.69
2026-09-01T22:15:00Z,18.6
2026-09-01T22:20:00Z,18.6
2026-09-01T22:25:00Z,18.5
2026-09-01T22:30:00Z,18.5
2026-09-01T22:35:00Z,18.5
2026-09-01T22:40:00Z,18.5
2026-09-01T22:45:00Z,18.5
2026-09-01T22:50:00Z,18.43
2026-09-01T22:55:00Z,18.4
2026-09-01T23:00:00Z,18.4
2026-09-01T23:05:00Z,18.4
2026-09-01T23:10:00Z,18.4
2026-09-01T23:15:00Z,18.4
2026-09-01T23:20:00Z,18.34
2026-09-01T23:25:00Z,18.29
2026-09-01T23:30:00Z,18.2
2026-09-01T23:35:00Z,18.2
2026-09-01T23:40:00Z,18.2
2026-09-01T23:45:00Z,18.2
2026-09-01T23:50:00Z,18.2
2026-09-01T23:55:00Z,18.2
2026-09-02T00:00:00Z,18.2
2026-09-02T00:05:00Z,18.2
2026-09-02T00:10:00Z,18.2
2026-09-02T00:15:00Z,18.2
2026-09-02T00:20:00Z,18.2
2026-09-02T00:25:00Z,18.28
2026-09-02T00:30:00Z,18.3
2026-09-02T00:35:00Z,18.25
2026-09-02T00:40:00Z,18.2
2026-09-02T00:45:00Z,18.2
2026-09-02T00:50:00Z,18.15
2026-09-02T00:55:00Z,18.1
2026-09-02T01:00:00Z,18.07
2026-09-02T01:05:00Z,18.0
2026-09-02T01:10:00Z,18.0
2026-09-02T01:15:00Z,17.98
2026-09-02T01:20:00Z,17.9
2026-09-02T01:25:00Z,17.82
2026-09-02T01:30:00Z,17.8
2026-09-02T01:35:00Z,17.8
2026-09-02T01:40:00Z,17.75
2026-09-02T01:45:00Z,17.7
2026-09-02T01:50:00Z,17.7
2026-09-02T01:55:00Z,17.7
2026-09-02T02:00:00Z,17.7
2026-09-02T02:05:00Z,17.7
2026-09-02T02:10:00Z,17.63
2026-09-02T02:15:00Z,17.6
2026-09-02T02:20:00Z,17.6
2026-09-02T02:25:00Z,17.53
2026-09-02T02:30:00Z,17.5
2026-09-02T02:35:00Z,17.5
2026-09-02T02:40:00Z,17.5
2026-09-02T02:45:00Z,17.5
2026-09-02T02:50:00Z,17.5
2026-09-02T02:55:00Z,17.5
2026-09-02T03:00:00Z,17.5
2026-09-02T03:05:00Z,17.5
2026-09-02T03:10:00Z,17.45
2026-09-02T03:15:00Z,17.4
2026-09-02T03:20:00Z,17.33
2026-09-02T03:25:00Z,17.36
2026-09-02T03:30:00Z,17.3
2026-09-02T03:35:00Z,17.3
2026-09-02T03:40:00Z,17.3
2026-09-02T03:45:00Z,17.3
2026-09-02T03:50:00Z,17.4
2026-09-02T03:55:00Z,17.34
2026-09-02T04:00:00Z,17.34
2026-09-02T04:05:00Z,17.3
2026-09-02T04:10:00Z,17.3
2026-09-02T04:15:00Z,17.3
2026-09-02T04:20:00Z,17.21
2026-09-02T04:25:00Z,17.2
2026-09-02T04:30:00Z,17.14
2026-09-02T04:35:00Z,17.1
2026-09-02T04:40:00Z,17.1
2026-09-02T04:45:00Z,17.0
2026-09-02T04:50:00Z,17.04
2026-09-02T04:55:00Z,17.0
2026-09-02T05:00:00Z,17.0
2026-09-02T05:05:00Z,17.0
2026-09-02T05:10:00Z,16.99
2026-09-02T05:15:00Z,16.9
2026-09-02T05:20:00Z,16.9
2026-09-02T05:25:00Z,16.9
2026-09-02T05:30:00Z,16.9
2026-09-02T05:35:00Z,16.9
2026-09-02T05:40:00Z,16.9
2026-09-02T05:45:00Z,16.9
2026-09-02T05:50:00Z,16.9
2026-09-02T05:55:00Z,16.9
2026-09-02T06:00:00Z,16.9
2026-09-02T06:05:00Z,16.9
2026-09-02T06:10:00Z,16.9
2026-09-02T06:15:00Z,16.9
2026-09-02T06:20:00Z,16.9
2026-09-02T06:25:00Z,17.0
2026-09-02T06:30:00Z,17.05
2026-09-02T06:35:00Z,17.1
2026-09-02T06:40:00Z,17.16
2026-09-02T06:45:00Z,17.23
2026-09-02T06:50:00Z,17.3
2026-09-02T06:55:00Z,17.3
2026-09-02T07:00:00Z,17.38
2026-09-02T07:05:00Z,17.4
2026-09-02T07:10:00Z,17.44
2026-09-02T07:15:00Z,17.55
2026-09-02T07:20:00Z,17.6
2026-09-02T07:25:00Z,17.69
2026-09-02T07:30:00Z,17.7
2026-09-02T07:35:00Z,17.76
2026-09-02T07:40:00Z,17.8
2026-09-02T07:45:00Z,17.88
2026-09-02T07:50:00Z,18.0
2026-09-02T07:55:00Z,18.07
2026-09-02T08:00:00Z,18.15
2026-09-02T08:05:00Z,18.27
2026-09-02T08:10:00Z,18.28
2026-09-02T08:15:00Z,18.46
2026-09-02T08:20:00Z,18.5
2026-09-02T08:25:00Z,18.5
2026-09-02T08:30:00Z,18.59
2026-09-02T08:35:00Z,18.64
2026-09-02T08:40:00Z,18.7
2026-09-02T08:45:00Z,18.58
2026-09-02T08:50:00Z,18.64
2026-09-02T08:55:00Z,18.7
2026-09-02T09:00:00Z,18.73
2026-09-02T09:05:00Z,18.82
2026-09-02T09:10:00Z,18.92
2026-09-02T09:15:00Z,18.92
2026-09-02T09:20:00Z,18.8
2026-09-02T09:25:00Z,18.85
2026-09-02T09:30:00Z,18.8
2026-09-02T09:35:00Z,18.91
2026-09-02T09:40:00Z,19.04
2026-09-02T09:45:00Z,19.33
2026-09-02T09:50:00Z,19.4
2026-09-02T09:55:00Z,19.4
2026-09-02T10:00:00Z,19.44
2026-09-02T10:05:00Z,19.62
2026-09-02T10:10:00Z,19.52
2026-09-02T10:15:00Z,19.37
2026-09-02T10:20:00Z,19.37
2026-09-02T10:25:00Z,19.13
2026-09-02T10:30:00Z,18.95
2026-09-02T10:35:00Z,18.69
2026-09-02T10:40:00Z,18.6
2026-09-02T10:45:00Z,18.48
2026-09-02T10:50:00Z,18.24
2026-09-02T10:55:00Z,18.21
2026-09-02T11:00:00Z,18.33
2026-09-02T11:05:00Z,18.31
2026-09-02T11:10:00Z,18.16
2026-09-02T11:15:00Z,18.14
2026-09-02T11:20:00Z,18.34
2026-09-02T11:25:00Z,18.6
2026-09-02T11:30:00Z,18.99
2026-09-02T11:35:00Z,19.42
2026-09-02T11:40:00Z,19.83
2026-09-02T11:45:00Z,20.38
2026-09-02T11:50:00Z,20.21
2026-09-02T11:55:00Z,20.11
2026-09-02T12:00:00Z,20.1
2026-09-02T12:05:00Z,20.05
2026-09-02T12:10:00Z,19.92
2026-09-02T12:15:00Z,19.86
2026-09-02T12:20:00Z,20.06
2026-09-02T12:25:00Z,20.37
2026-09-02T12:30:00Z,20.6
2026-09-02T12:35:00Z,20.53
2026-09-02T12:40:00Z,20.66
2026-09-02T12:45:00Z,20.66
2026-09-02T12:50:00Z,20.65
2026-09-02T12:55:00Z,20.51
2026-09-02T13:00:00Z,20.33
2026-09-02T13:05:00Z,20.17
2026-09-02T13:10:00Z,20.16
2026-09-02T13:15:00Z,20.2
2026-09-02T13:20:00Z,20.2
2026-09-02T13:25:00Z,20.2
2026-09-02T13:30:00Z,20.12
2026-09-02T13:35:00Z,20.06
2026-09-02T13:40:00Z,20.07
2026-09-02T13:45:00Z,20.03
2026-09-02T13:50:00Z,20.05
2026-09-02T13:55:00Z,20.14
2026-09-02T14:00:00Z,20.23
2026-09-02T14:05:00Z,20.3
2026-09-02T14:10:00Z,20.38
2026-09-02T14:15:00Z,20.4
2026-09-02T14:20:00Z,20.57
2026-09-02T14:25:00Z,20.64
2026-09-02T14:30:00Z,20.76
2026-09-02T14:35:00Z,20.74
2026-09-02T14:40:00Z,20.7
2026-09-02T14:45:00Z,20.79
2026-09-02T14:50:00Z,20.74
2026-09-02T14:55:00Z,20.7
2026-09-02T15:00:00Z,20.73
2026-09-02T15:05:00Z,20.79
2026-09-02T15:10:00Z,20.77
2026-09-02T15:15:00Z,20.75
2026-09-02T15:20:00Z,20.51
2026-09-02T15:25:00Z,20.45
2026-09-02T15:30:00Z,20.58
2026-09-02T15:35:00Z,20.7
2026-09-02T15:40:00Z,20.7
2026-09-02T15:45:00Z,20.79
2026-09-02T15:50:00Z,20.79
2026-09-02T15:55:00Z,20.69
2026-09-02T16:00:00Z,20.7
2026-09-02T16:05:00Z,20.64
2026-09-02T16:10:00Z,20.66
2026-09-02T16:15:00Z,20.53
2026-09-02T16:20:00Z,20.4
2026-09-02T16:25:00Z,20.36
2026-09-02T16:30:00Z,20.15
2026-09-02T16:35:00Z,20.1
2026-09-02T16:40:00Z,20.08
2026-09-02T16:45:00Z,20.0
2026-09-02T16:50:00Z,19.88
2026-09-02T16:55:00Z,19.8
2026-09-02T17:00:00Z,19.8
2026-09-02T17:05:00Z,19.77
2026-09-02T17:10:00Z,19.66
2026-09-02T17:15:00Z,19.6
2026-09-02T17:20:00Z,19.59
2026-09-02T17:25:00Z,19.5
2026-09-02T17:30:00Z,19.41
2026-09-02T17:35:00Z,19.34
2026-09-02T17:40:00Z,19.37
2026-09-02T17:45:00Z,19.35
2026-09-02T17:50:00Z,19.25
2026-09-02T17:55:00Z,19.2
2026-09-02T18:00:00Z,19.16
2026-09-02T18:05:00Z,19.08
2026-09-02T18:10:00Z,19.09
2026-09-02T18:15:00Z,19.1
2026-09-02T18:20:00Z,19.06
2026-09-02T18:25:00Z,19.06
2026-09-02T18:30:00Z,19.1
2026-09-02T18:35:00Z,19.1
2026-09-02T18:40:00Z,19.1
2026-09-02T18:45:00Z,19.1
2026-09-02T18:50:00Z,19.1
2026-09-02T18:55:00Z,19.1
2026-09-02T19:00:00Z,19.1
2026-09-02T19:05:00Z,19.1
2026-09-02T19:10:00Z,19.18
2026-09-02T19:15:00Z,19.2
2026-09-02T19:20:00Z,19.27
2026-09-02T19:25:00Z,19.3
2026-09-02T19:30:00Z,19.3
2026-09-02T19:35:00Z,19.27
2026-09-02T19:40:00Z,19.27
2026-09-02T19:45:00Z,19.3
2026-09-02T19:50:00Z,19.36
2026-09-02T19:55:00Z,19.4
2026-09-02T20:00:00Z,19.47
2026-09-02T20:05:00Z,19.5
2026-09-02T20:10:00Z,19.5
2026-09-02T20:15:00Z,19.6
2026-09-02T20:20:00Z,19.6
2026-09-02T20:25:00Z,19.6
2026-09-02T20:30:00Z,19.61
2026-09-02T20:35:00Z,19.7
2026-09-02T20:40:00Z,19.7
2026-09-02T20:45:00Z,19.7
2026-09-02T20:50:00Z,19.7
2026-09-02T20:55:00Z,19.7
2026-09-02T21:00:00Z,19.7
2026-09-02T21:05:00Z,19.7
2026-09-02T21:10:00Z,19.7
2026-09-02T21:15:00Z,19.7
2026-09-02T21:20:00Z,19.7
2026-09-02T21:25:00Z,19.7
2026-09-02T21:30:00Z,19.68
2026-09-02T21:35:00Z,19.6
2026-09-02T21:40:00Z,19.6
2026-09-02T21:45:00Z,19.6
2026-09-02T21:50:00Z,19.6
2026-09-02T21:55:00Z,19.6
2026-09-02T22:00:00Z,19.6
2026-09-02T22:05:00Z,19.58
2026-09-02T22:10:00Z,19.5
2026-09-02T22:15:00Z,19.5
2026-09-02T22:20:00Z,19.5
2026-09-02T22:25:00Z,19.43
2026-09-02T22:30:00Z,19.4
2026-09-02T22:35:00Z,19.4
2026-09-02T22:40:00Z,19.4
2026-09-02T22:45:00Z,19.4
2026-09-02T22:50:00Z,19.38
2026-09-02T22:55:00Z,19.3
2026-09-02T23:00:00Z,19.3
2026-09-02T23:05:00Z,19.3
2026-09-02T23:10:00Z,19.3
2026-09-02T23:15:00Z,19.3
2026-09-02T23:20:00Z,19.3
2026-09-02T23:25:00Z,19.3
2026-09-02T23:30:00Z,19.3
2026-09-02T23:35:00Z,19.3
2026-09-02T23:40:00Z,19.3
2026-09-02T23:45:00Z,19.3
2026-09-02T23:50:00Z,19.3
2026-09-02T23:55:00Z,19.3
2026-09-03T00:00:00Z,19.3
2026-09-03T00:05:00Z,19.3
2026-09-03T00:10:00Z,19.3
2026-09-03T00:15:00Z,19.3
2026-09-03T00:20:00Z,19.27
2026-09-03T00:25:00Z,19.2
2026-09-03T00:30:00Z,19.2
2026-09-03T00:35:00Z,19.2
2026-09-03T00:40:00Z,19.2
2026-09-03T00:45:00Z,19.2
2026-09-03T00:50:00Z,19.2
2026-09-03T00:55:00Z,19.17
2026-09-03T01:00:00Z,19.1
2026-09-03T01:05:00Z,19.1
2026-09-03T01:10:00Z,19.1
2026-09-03T01:15:00Z,19.1
2026-09-03T01:20:00Z,19.18
2026-09-03T01:25:00Z,19.2
2026-09-03T01:30:00Z,19.2
2026-09-03T01:35:00Z,19.2
2026-09-03T01:40:00Z,19.2
2026-09-03T01:45:00Z,19.2
2026-09-03T01:50:00Z,19.2
2026-09-03T01:55:00Z,19.2
2026-09-03T02:00:00Z,19.2
2026-09-03T02:05:00Z,19.2
2026-09-03T02:10:00Z,19.2
2026-09-03T02:15:00Z,19.2
2026-09-03T02:20:00Z,19.2
2026-09-03T02:25:00Z,19.2
2026-09-03T02:30:00Z,19.2
2026-09-03T02:35:00Z,19.2
2026-09-03T02:40:00Z,19.2
2026-09-03T02:45:00Z,19.29
2026-09-03T02:50:00Z,19.3
2026-09-03T02:55:00Z,19.3
2026-09-03T03:00:00Z,19.3
2026-09-03T03:05:00Z,19.3
2026-09-03T03:10:00Z,19.3
2026-09-03T03:15:00Z,19.3
2026-09-03T03:20:00Z,19.3
2026-09-03T03:25:00Z,19.3
2026-09-03T03:30:00Z,19.3
2026-09-03T03:35:00Z,19.25
2026-09-03T03:40:00Z,19.2
2026-09-03T03:45:00Z,19.2
2026-09-03T03:50:00Z,19.29
2026-09-03T03:55:00Z,19.3
2026-09-03T04:00:00Z,19.3
2026-09-03T04:05:00Z,19.2
2026-09-03T04:10:00Z,19.2
2026-09-03T04:15:00Z,19.2
2026-09-03T04:20:00Z,19.2
2026-09-03T04:25:00Z,19.2
2026-09-03T04:30:00Z,19.2
2026-09-03T04:35:00Z,19.27
2026-09-03T04:40:00Z,19.3
2026-09-03T04:45:00Z,19.3
2026-09-03T04:50:00Z,19.3
2026-09-03T04:55:00Z,19.3
2026-09-03T05:00:00Z,19.3
2026-09-03T05:05:00Z,19.3
2026-09-03T05:10:00Z,19.3
2026-09-03T05:15:00Z,19.3
2026-09-03T05:20:00Z,19.3
2026-09-03T05:25:00Z,19.3
2026-09-03T05:30:00Z,19.3
2026-09-03T05:35:00Z,19.3
2026-09-03T05:40:00Z,19.3
2026-09-03T05:45:00Z,19.3
2026-09-03T05:50:00Z,19.35
2026-09-03T05:55:00Z,19.4
2026-09-03T06:00:00Z,19.4
2026-09-03T06:05:00Z,19.4
2026-09-03T06:10:00Z,19.4
2026-09-03T06:15:00Z,19.47
2026-09-03T06:20:00Z,19.5
2026-09-03T06:25:00Z,19.54
2026-09-03T06:30:00Z,19.6
2026-09-03T06:35:00Z,19.65
2026-09-03T06:40:00Z,19.7
2026-09-03T06:45:00Z,19.7
2026-09-03T06:50:00Z,19.7
2026-09-03T06:55:00Z,19.73
2026-09-03T07:00:00Z,19.8
2026-09-03T07:05:00Z,19.84
2026-09-03T07:10:00Z,19.9
2026-09-03T07:15:00Z,19.94
2026-09-03T07:20:00Z,20.0
2026-09-03T07:25:00Z,20.0
2026-09-03T07:30:00Z,20.09
2026-09-03T07:35:00Z,20.1
2026-09-03T07:40:00Z,20.15
2026-09-03T07:45:00Z,20.21
2026-09-03T07:50:00Z,20.3
2026-09-03T07:55:00Z,20.3
2026-09-03T08:00:00Z,20.41
2026-09-03T08:05:00Z,20.53
2026-09-03T08:10:00Z,20.6
2026-09-03T08:15:00Z,20.6
2026-09-03T08:20:00Z,20.63
2026-09-03T08:25:00Z,20.7
2026-09-03T08:30:00Z,20.82
2026-09-03T08:35:00Z,20.9
2026-09-03T08:40:00Z,20.98
2026-09-03T08:45:00Z,21.1
2026-09-03T08:50:00Z,21.22
2026-09-03T08:55:00Z,21.3
2026-09-03T09:00:00Z,21.35
2026-09-03T09:05:00Z,21.37
2026-09-03T09:10:00Z,21.3
2026-09-03T09:15:00Z,21.3
2026-09-03T09:20:00Z,21.39
2026-09-03T09:25:00Z,21.5
2026-09-03T09:30:00Z,21.53
2026-09-03T09:35:00Z,21.57
2026-09-03T09:40:00Z,21.58
2026-09-03T09:45:00Z,21.78
2026-09-03T09:50:00Z,21.82
2026-09-03T09:55:00Z,21.93
2026-09-03T10:00:00Z,22.03
2026-09-03T10:05:00Z,22.22
2026-09-03T10:10:00Z,22.4
2026-09-03T10:15:00Z,22.4
2026-09-03T10:20:00Z,22.43
2026-09-03T10:25:00Z,22.44
2026-09-03T10:30:00Z,22.67
2026-09-03T10:35:00Z,22.73
2026-09-03T10:40:00Z,22.76
2026-09-03T10:45:00Z,22.88
2026-09-03T10:50:00Z,22.9
2026-09-03T10:55:00Z,22.81
2026-09-03T11:00:00Z,22.99
2026-09-03T11:05:00Z,23.15
2026-09-03T11:10:00Z,23.34
2026-09-03T11:15:00Z,23.3
2026-09-03T11:20:00Z,23.44
2026-09-03T11:25:00Z,23.64
2026-09-03T11:30:00Z,23.74
2026-09-03T11:35:00Z,23.7
2026-09-03T11:40:00Z,23.63
2026-09-03T11:45:00Z,23.66
2026-09-03T11:50:00Z,23.63
2026-09-03T11:55:00Z,23.69
2026-09-03T12:00:00Z,23.77
2026-09-03T12:05:00Z,23.96
2026-09-03T12:10:00Z,24.01
2026-09-03T12:15:00Z,23.96
2026-09-03T12:20:00Z,24.02
2026-09-03T12:25:00Z,24.1
2026-09-03T12:30:00Z,24.25
2026-09-03T12:35:00Z,24.66
2026-09-03T12:40:00Z,24.7
2026-09-03T12:45:00Z,25.29
2026-09-03T12:50:00Z,25.7
2026-09-03T12:55:00Z,25.06
2026-09-03T13:00:00Z,24.54
2026-09-03T13:05:00Z,24.94
2026-09-03T13:10:00Z,25.23
2026-09-03T13:15:00Z,25.2
2026-09-03T13:20:00Z,25.01
2026-09-03T13:25:00Z,24.81
2026-09-03T13:30:00Z,24.9
2026-09-03T13:35:00Z,25.16
2026-09-03T13:40:00Z,25.87
2026-09-03T13:45:00Z,26.61
2026-09-03T13:50:00Z,27.0
2026-09-03T13:55:00Z,26.46
2026-09-03T14:00:00Z,26.56
2026-09-03T14:05:00Z,26.84
2026-09-03T14:10:00Z,27.14
2026-09-03T14:15:00Z,26.94
2026-09-03T14:20:00Z,26.93
2026-09-03T14:25:00Z,26.71
2026-09-03T14:30:00Z,26.51
2026-09-03T14:35:00Z,26.48
2026-09-03T14:40:00Z,26.5
2026-09-03T14:45:00Z,26.45
2026-09-03T14:50:00Z,26.54
2026-09-03T14:55:00Z,26.67
2026-09-03T15:00:00Z,26.5
2026-09-03T15:05:00Z,26.45
2026-09-03T15:10:00Z,26.39
2026-09-03T15:15:00Z,26.25
2026-09-03T15:20:00Z,26.48
2026-09-03T15:25:00Z,26.37
2026-09-03T15:30:00Z,26.32
2026-09-03T15:35:00Z,26.64
2026-09-03T15:40:00Z,26.86
2026-09-03T15:45:00Z,26.27
2026-09-03T15:50:00Z,26.05
2026-09-03T15:55:00Z,25.86
2026-09-03T16:00:00Z,25.81
2026-09-03T16:05:00Z,25.71
2026-09-03T16:10:00Z,26.33
2026-09-03T16:15:00Z,26.76
2026-09-03T16:20:00Z,26.46
2026-09-03T16:25:00Z,26.2
2026-09-03T16:30:00Z,26.09
2026-09-03T16:35:00Z,25.7
2026-09-03T16:40:00Z,25.45
2026-09-03T16:45:00Z,25.29
2026-09-03T16:50:00Z,25.15
2026-09-03T16:55:00Z,25.1
2026-09-03T17:00:00Z,25.03
2026-09-03T17:05:00Z,25.0
2026-09-03T17:10:00Z,25.0
2026-09-03T17:15:00Z,25.01
2026-09-03T17:20:00Z,25.1
2026-09-03T17:25:00Z,25.1
2026-09-03T17:30:00Z,25.03
2026-09-03T17:35:00Z,24.85
2026-09-03T17:40:00Z,24.63
2026-09-03T17:45:00Z,24.52
2026-09-03T17:50:00Z,24.4
2026-09-03T17:55:00Z,24.28
2026-09-03T18:00:00Z,24.18
2026-09-03T18:05:00Z,24.1
2026-09-03T18:10:00Z,24.01
2026-09-03T18:15:00Z,23.98
2026-09-03T18:20:00Z,23.9
2026-09-03T18:25:00Z,23.86
2026-09-03T18:30:00Z,23.74
2026-09-03T18:35:00Z,23.63
2026-09-03T18:40:00Z,23.54
2026-09-03T18:45:00Z,23.5
2026-09-03T18:50:00Z,23.44
2026-09-03T18:55:00Z,23.39
2026-09-03T19:00:00Z,23.26
2026-09-03T19:05:00Z,23.2
2026-09-03T19:10:00Z,23.11
2026-09-03T19:15:00Z,23.06
2026-09-03T19:20:00Z,22.93
2026-09-03T19:25:00Z,22.82
2026-09-03T19:30:00Z,22.73
2026-09-03T19:35:00Z,22.63
2026-09-03T19:40:00Z,22.51
2026-09-03T19:45:00Z,22.48
2026-09-03T19:50:00Z,22.33
2026-09-03T19:55:00Z,22.2
2026-09-03T20:00:00Z,22.1
2026-09-03T20:05:00Z,22.0
2026-09-03T20:10:00Z,21.9
2026-09-03T20:15:00Z,21.82
2026-09-03T20:20:00Z,21.8
2026-09-03T20:25:00Z,21.8
2026-09-03T20:30:00Z,21.8
2026-09-03T20:35:00Z,21.8
2026-09-03T20:40:00Z,21.8
2026-09-03T20:45:00Z,21.8
2026-09-03T20:50:00Z,21.76
2026-09-03T20:55:00Z,21.7
2026-09-03T21:00:00Z,21.7
2026-09-03T21:05:00Z,21.63
2026-09-03T21:10:00Z,21.6
2026-09-03T21:15:00Z,21.6
2026-09-03T21:20:00Z,21.6
2026-09-03T21:25:00Z,21.6
2026-09-03T21:30:00Z,21.52
2026-09-03T21:35:00Z,21.5
2026-09-03T21:40:00Z,21.5
2026-09-03T21:45:00Z,21.49
2026-09-03T21:50:00Z,21.41
2026-09-03T21:55:00Z,21.4
2026-09-03T22:00:00Z,21.4
2026-09-03T22:05:00Z,21.4
2026-09-03T22:10:00Z,21.37
2026-09-03T22:15:00Z,21.3
2026-09-03T22:20:00Z,21.3
2026-09-03T22:25:00Z,21.3
2026-09-03T22:30:00Z,21.25
2026-09-03T22:35:00Z,21.2
2026-09-03T22:40:00Z,21.14
2026-09-03T22:45:00Z,21.04
2026-09-03T22:50:00Z,20.95
2026-09-03T22:55:00Z,20.85
2026-09-03T23:00:00Z,20.77
2026-09-03T23:05:00Z,20.7
2026-09-03T23:10:00Z,20.62
2026-09-03T23:15:00Z,20.6
2026-09-03T23:20:00Z,20.6
2026-09-03T23:25:00Z,20.54
2026-09-03T23:30:00Z,20.5
2026-09-03T23:35:00Z,20.4
2026-09-03T23:40:00Z,20.4
2026-09-03T23:45:00Z,20.4
2026-09-03T23:50:00Z,20.42
2026-09-03T23:55:00Z,20.44
2026-09-04T00:00:00Z,20.4
2026-09-04T00:05:00Z,20.4
2026-09-04T00:10:00Z,20.4
2026-09-04T00:15:00Z,20.4
2026-09-04T00:20:00Z,20.4
2026-09-04T00:25:00Z,20.4
2026-09-04T00:30:00Z,20.49
2026-09-04T00:35:00Z,20.5
2026-09-04T00:40:00Z,20.5
2026-09-04T00:45:00Z,20.56
2026-09-04T00:50:00Z,20.6
2026-09-04T00:55:00Z,20.6
2026-09-04T01:00:00Z,20.63
2026-09-04T01:05:00Z,20.7
2026-09-04T01:10:00Z,20.73
2026-09-04T01:15:00Z,20.8
2026-09-04T01:20:00Z,20.8
2026-09-04T01:25:00Z,20.88
2026-09-04T01:30:00Z,20.9
2026-09-04T01:35:00Z,20.9
2026-09-04T01:40:00Z,20.9
2026-09-04T01:45:00Z,20.9
2026-09-04T01:50:00Z,20.9
2026-09-04T01:55:00Z,20.87
2026-09-04T02:00:00Z,20.89
2026-09-04T02:05:00Z,20.9
2026-09-04T02:10:00Z,20.9
2026-09-04T02:15:00Z,20.9
2026-09-04T02:20:00Z,20.9
2026-09-04T02:25:00Z,20.9
2026-09-04T02:30:00Z,20.9
2026-09-04T02:35:00Z,20.9
2026-09-04T02:40:00Z,20.9
2026-09-04T02:45:00Z,20.9
2026-09-04T02:50:00Z,20.9
2026-09-04T02:55:00Z,20.9
2026-09-04T03:00:00Z,20.9
2026-09-04T03:05:00Z,20.9
2026-09-04T03:10:00Z,20.9
2026-09-04T03:15:00Z,20.9
2026-09-04T03:20:00Z,20.9
2026-09-04T03:25:00Z,20.9
2026-09-04T03:30:00Z,20.9
2026-09-04T03:35:00Z,20.9
2026-09-04T03:40:00Z,20.9
2026-09-04T03:45:00Z,20.91
2026-09-04T03:50:00Z,20.91
2026-09-04T03:55:00Z,20.96
2026-09-04T04:00:00Z,21.0
2026-09-04T04:05:00Z,21.0
2026-09-04T04:10:00Z,21.0
2026-09-04T04:15:00Z,21.0
2026-09-04T04:20:00Z,21.0
2026-09-04T04:25:00Z,21.0
2026-09-04T04:30:00Z,21.03
2026-09-04T04:35:00Z,21.1
2026-09-04T04:40:00Z,21.04
2026-09-04T04:45:00Z,21.0
2026-09-04T04:50:00Z,21.0
2026-09-04T04:55:00Z,21.0
2026-09-04T05:00:00Z,21.0
2026-09-04T05:05:00Z,20.91
2026-09-04T05:10:00Z,20.9
2026-09-04T05:15:00Z,20.86
2026-09-04T05:20:00Z,20.8
2026-09-04T05:25:00Z,20.79
2026-09-04T05:30:00Z,20.7
2026-09-04T05:35:00Z,20.7
2026-09-04T05:40:00Z,20.7
2026-09-04T05:45:00Z,20.7
2026-09-04T05:50:00Z,20.7
2026-09-04T05:55:00Z,20.7
2026-09-04T06:00:00Z,20.78
2026-09-04T06:05:00Z,20.8
2026-09-04T06:10:00Z,20.8
2026-09-04T06:15:00Z,20.8
2026-09-04T06:20:00Z,20.86
2026-09-04T06:25:00Z,20.9
2026-09-04T06:30:00Z,20.9
2026-09-04T06:35:00Z,20.97
2026-09-04T06:40:00Z,21.0
2026-09-04T06:45:00Z,21.06
2026-09-04T06:50:00Z,21.1
2026-09-04T06:55:00Z,21.17
2026-09-04T07:00:00Z,21.2
2026-09-04T07:05:00Z,21.27
2026-09-04T07:10:00Z,21.3
2026-09-04T07:15:00Z,21.3
2026-09-04T07:20:00Z,21.3
2026-09-04T07:25:00Z,21.29
2026-09-04T07:30:00Z,21.11
2026-09-04T07:35:00Z,20.93
2026-09-04T07:40:00Z,20.9
2026-09-04T07:45:00Z,20.82
2026-09-04T07:50:00Z,20.71
2026-09-04T07:55:00Z,20.55
2026-09-04T08:00:00Z,20.42
2026-09-04T08:05:00Z,20.32
2026-09-04T08:10:00Z,20.1
2026-09-04T08:15:00Z,18.96
2026-09-04T08:20:00Z,18.56
2026-09-04T08:25:00Z,18.44
2026-09-04T08:30:00Z,18.38
2026-09-04T08:35:00Z,18.3
2026-09-04T08:40:00Z,18.36
2026-09-04T08:45:00Z,18.42
2026-09-04T08:50:00Z,18.56
2026-09-04T08:55:00Z,18.5
2026-09-04T09:00:00Z,18.53
2026-09-04T09:05:00Z,18.64
2026-09-04T09:10:00Z,18.74
2026-09-04T09:15:00Z,18.79
2026-09-04T09:20:00Z,18.89
2026-09-04T09:25:00Z,18.97
2026-09-04T09:30:00Z,19.0
2026-09-04T09:35:00Z,19.1
2026-09-04T09:40:00Z,19.21
2026-09-04T09:45:00Z,19.38
2026-09-04T09:50:00Z,19.48
2026-09-04T09:55:00Z,19.6
2026-09-04T10:00:00Z,19.74
2026-09-04T10:05:00Z,19.66
2026-09-04T10:10:00Z,19.75
2026-09-04T10:15:00Z,19.76
2026-09-04T10:20:00Z,19.85
2026-09-04T10:25:00Z,19.99
2026-09-04T10:30:00Z,20.1
2026-09-04T10:35:00Z,20.14
2026-09-04T10:40:00Z,20.2
2026-09-04T10:45:00Z,20.27
2026-09-04T10:50:00Z,20.24
2026-09-04T10:55:00Z,20.2
2026-09-04T11:00:00Z,20.26
2026-09-04T11:05:00Z,20.3
2026-09-04T11:10:00Z,20.36
2026-09-04T11:15:00Z,20.4
2026-09-04T11:20:00Z,20.42
2026-09-04T11:25:00Z,20.55
2026-09-04T11:30:00Z,20.55
2026-09-04T11:35:00Z,20.42
2026-09-04T11:40:00Z,20.4
2026-09-04T11:45:00Z,20.34
2026-09-04T11:50:00Z,20.45
2026-09-04T11:55:00Z,20.34
2026-09-04T12:00:00Z,20.3
2026-09-04T12:05:00Z,20.4
2026-09-04T12:10:00Z,20.36
2026-09-04T12:15:00Z,20.3
2026-09-04T12:20:00Z,20.3
2026-09-04T12:25:00Z,20.32
2026-09-04T12:30:00Z,20.4
2026-09-04T12:35:00Z,20.49
2026-09-04T12:40:00Z,20.64
2026-09-04T12:45:00Z,20.7
2026-09-04T12:50:00Z,20.7
2026-09-04T12:55:00Z,20.79
2026-09-04T13:00:00Z,20.88
2026-09-04T13:05:00Z,20.8
2026-09-04T13:10:00Z,20.8
2026-09-04T13:15:00Z,20.71
2026-09-04T13:20:00Z,20.52
2026-09-04T13:25:00Z,20.5
2026-09-04T13:30:00Z,20.5
2026-09-04T13:35:00Z,20.45
2026-09-04T13:40:00Z,20.46
2026-09-04T13:45:00Z,20.32
2026-09-04T13:50:00Z,20.2
2026-09-04T13:55:00Z,20.2
2026-09-04T14:00:00Z,20.2
2026-09-04T14:05:00Z,20.2
2026-09-04T14:10:00Z,20.2
2026-09-04T14:15:00Z,20.2
2026-09-04T14:20:00Z,20.2
2026-09-04T14:25:00Z,20.2
2026-09-04T14:30:00Z,20.26
2026-09-04T14:35:00Z,20.3
2026-09-04T14:40:00Z,20.34
2026-09-04T14:45:00Z,20.47
2026-09-04T14:50:00Z,20.5
2026-09-04T14:55:00Z,20.55
2026-09-04T15:00:00Z,20.65
2026-09-04T15:05:00Z,20.79
2026-09-04T15:10:00Z,20.65
2026-09-04T15:15:00Z,20.9
2026-09-04T15:20:00Z,21.03
2026-09-04T15:25:00Z,20.66
2026-09-04T15:30:00Z,20.67
2026-09-04T15:35:00Z,20.77
2026-09-04T15:40:00Z,20.66
2026-09-04T15:45:00Z,20.44
2026-09-04T15:50:00Z,20.4
2026-09-04T15:55:00Z,20.4
2026-09-04T16:00:00Z,20.31
2026-09-04T16:05:00Z,20.18
2026-09-04T16:10:00Z,20.1
2026-09-04T16:15:00Z,20.1
2026-09-04T16:20:00Z,20.06
2026-09-04T16:25:00Z,20.0
2026-09-04T16:30:00Z,19.94
2026-09-04T16:35:00Z,20.0
2026-09-04T16:40:00Z,19.93
2026-09-04T16:45:00Z,19.9
2026-09-04T16:50:00Z,19.85
2026-09-04T16:55:00Z,19.76
2026-09-04T17:00:00Z,19.7
2026-09-04T17:05:00Z,19.7
2026-09-04T17:10:00Z,19.7
2026-09-04T17:15:00Z,19.65
2026-09-04T17:20:00Z,19.6
2026-09-04T17:25:00Z,19.6
2026-09-04T17:30:00Z,19.52
2026-09-04T17:35:00Z,19.5
2026-09-04T17:40:00Z,19.5
2026-09-04T17:45:00Z,19.47
2026-09-04T17:50:00Z,19.4
2026-09-04T17:55:00Z,19.32
2026-09-04T18:00:00Z,19.3
2026-09-04T18:05:00Z,19.3
2026-09-04T18:10:00Z,19.27
2026-09-04T18:15:00Z,19.2
2026-09-04T18:20:00Z,19.2
2026-09-04T18:25:00Z,19.16
2026-09-04T18:30:00Z,19.1
2026-09-04T18:35:00Z,19.04
2026-09-04T18:40:00Z,18.98
2026-09-04T18:45:00Z,18.9
2026-09-04T18:50:00Z,18.82
2026-09-04T18:55:00Z,18.8
2026-09-04T19:00:00Z,18.8
2026-09-04T19:05:00Z,18.71
2026-09-04T19:10:00Z,18.67
2026-09-04T19:15:00Z,18.6
2026-09-04T19:20:00Z,18.52
2026-09-04T19:25:00Z,18.5
2026-09-04T19:30:00Z,18.5
2026-09-04T19:35:00Z,18.47
2026-09-04T19:40:00Z,18.4
2026-09-04T19:45:00Z,18.33
2026-09-04T19:50:00Z,18.29
2026-09-04T19:55:00Z,18.2
2026-09-04T20:00:00Z,18.16
2026-09-04T20:05:00Z,18.1
2026-09-04T20:10:00Z,18.03
2026-09-04T20:15:00Z,17.93
2026-09-04T20:20:00Z,17.9
2026-09-04T20:25:00Z,17.8
2026-09-04T20:30:00Z,17.72
2026-09-04T20:35:00Z,17.7
2026-09-04T20:40:00Z,17.6
2026-09-04T20:45:00Z,17.6
2026-09-04T20:50:00Z,17.52
2026-09-04T20:55:00Z,17.49
2026-09-04T21:00:00Z,17.4
2026-09-04T21:05:00Z,17.4
2026-09-04T21:10:00Z,17.34
2026-09-04T21:15:00Z,17.3
2026-09-04T21:20:00Z,17.26
2026-09-04T21:25:00Z,17.2
2026-09-04T21:30:00Z,17.2
2026-09-04T21:35:00Z,17.11
2026-09-04T21:40:00Z,17.1
2026-09-04T21:45:00Z,17.03
2026-09-04T21:50:00Z,16.97
2026-09-04T21:55:00Z,16.9
2026-09-04T22:00:00Z,16.9
2026-09-04T22:05:00Z,16.9
2026-09-04T22:10:00Z,16.9
2026-09-04T22:15:00Z,16.85
2026-09-04T22:20:00Z,16.68
2026-09-04T22:25:00Z,16.56
2026-09-04T22:30:00Z,16.45
2026-09-04T22:35:00Z,16.35
2026-09-04T22:40:00Z,16.28
2026-09-04T22:45:00Z,16.2
2026-09-04T22:50:00Z,16.12
2026-09-04T22:55:00Z,16.06
2026-09-04T23:00:00Z,15.99
2026-09-04T23:05:00Z,15.9
2026-09-04T23:10:00Z,15.9
2026-09-04T23:15:00Z,15.84
2026-09-04T23:20:00Z,15.8
2026-09-04T23:25:00Z,15.8
2026-09-04T23:30:00Z,15.7
2026-09-04T23:35:00Z,15.69
2026-09-04T23:40:00Z,15.6
2026-09-04T23:45:00Z,15.57
2026-09-04T23:50:00Z,15.5
2026-09-04T23:55:00Z,15.48
2026-09-05T00:00:00Z,15.45
2026-09-05T00:05:00Z,15.4
2026-09-05T00:10:00Z,15.4
2026-09-05T00:15:00Z,15.3
2026-09-05T00:20:00Z,15.25
2026-09-05T00:25:00Z,15.2
2026-09-05T00:30:00Z,15.15
2026-09-05T00:35:00Z,15.1
2026-09-05T00:40:00Z,15.1
2026-09-05T00:45:00Z,15.1
2026-09-05T00:50:00Z,15.0
2026-09-05T00:55:00Z,15.0
2026-09-05T01:00:00Z,14.92
2026-09-05T01:05:00Z,14.9
2026-09-05T01:10:00Z,14.86
2026-09-05T01:15:00Z,14.8
2026-09-05T01:20:00Z,14.8
2026-09-05T01:25:00Z,14.8
2026-09-05T01:30:00Z,14.77
2026-09-05T01:35:00Z,14.7
2026-09-05T01:40:00Z,14.7
2026-09-05T01:45:00Z,14.7
2026-09-05T01:50:00Z,14.66
2026-09-05T01:55:00Z,14.6
2026-09-05T02:00:00Z,14.6
2026-09-05T02:05:00Z,14.6
2026-09-05T02:10:00Z,14.58
2026-09-05T02:15:00Z,14.5
2026-09-05T02:20:00Z,14.49
2026-09-05T02:25:00Z,14.4
2026-09-05T02:30:00Z,14.4
2026-09-05T02:35:00Z,14.4
2026-09-05T02:40:00Z,14.4
2026-09-05T02:45:00Z,14.39
2026-09-05T02:50:00Z,14.31
2026-09-05T02:55:00Z,14.29
2026-09-05T03:00:00Z,14.2
2026-09-05T03:05:00Z,14.2
2026-09-05T03:10:00Z,14.2
2026-09-05T03:15:00Z,14.14
2026-09-05T03:20:00Z,14.1
2026-09-05T03:25:00Z,14.1
2026-09-05T03:30:00Z,14.1
2026-09-05T03:35:00Z,14.1
2026-09-05T03:40:00Z,14.1
2026-09-05T03:45:00Z,14.02
2026-09-05T03:50:00Z,14.0
2026-09-05T03:55:00Z,14.0
2026-09-05T04:00:00Z,13.95
2026-09-05T04:05:00Z,13.9
2026-09-05T04:10:00Z,13.9
2026-09-05T04:15:00Z,13.9
2026-09-05T04:20:00Z,13.85
2026-09-05T04:25:00Z,13.8
2026-09-05T04:30:00Z,13.8
2026-09-05T04:35:00Z,13.72
2026-09-05T04:40:00Z,13.7
2026-09-05T04:45:00Z,13.7
2026-09-05T04:50:00Z,13.7
2026-09-05T04:55:00Z,13.7
2026-09-05T05:00:00Z,13.7
2026-09-05T05:05:00Z,13.7
2026-09-05T05:10:00Z,13.7
2026-09-05T05:15:00Z,13.7
2026-09-05T05:20:00Z,13.7
2026-09-05T05:25:00Z,13.69
2026-09-05T05:30:00Z,13.6
2026-09-05T05:35:00Z,13.6
2026-09-05T05:40:00Z,13.6
2026-09-05T05:45:00Z,13.57
2026-09-05T05:50:00Z,13.5
2026-09-05T05:55:00Z,13.5
2026-09-05T06:00:00Z,13.5
2026-09-05T06:05:00Z,13.5
2026-09-05T06:10:00Z,13.5
2026-09-05T06:15:00Z,13.5
2026-09-05T06:20:00Z,13.5
2026-09-05T06:25:00Z,13.5
2026-09-05T06:30:00Z,13.5
2026-09-05T06:35:00Z,13.5
2026-09-05T06:40:00Z,13.5
2026-09-05T06:45:00Z,13.52
2026-09-05T06:50:00Z,13.6
2026-09-05T06:55:00Z,13.7
2026-09-05T07:00:00Z,13.78
2026-09-05T07:05:00Z,13.86
2026-09-05T07:10:00Z,13.98
2026-09-05T07:15:00Z,14.09
2026-09-05T07:20:00Z,14.16
2026-09-05T07:25:00Z,14.24
2026-09-05T07:30:00Z,14.38
2026-09-05T07:35:00Z,14.56
2026-09-05T07:40:00Z,14.69
2026-09-05T07:45:00Z,14.79
2026-09-05T07:50:00Z,14.88
2026-09-05T07:55:00Z,15.04
2026-09-05T08:00:00Z,15.13
2026-09-05T08:05:00Z,15.24
2026-09-05T08:10:00Z,15.4
2026-09-05T08:15:00Z,15.5
2026-09-05T08:20:00Z,15.67
2026-09-05T08:25:00Z,15.88
2026-09-05T08:30:00Z,16.0
2026-09-05T08:35:00Z,16.0
2026-09-05T08:40:00Z,16.08
2026-09-05T08:45:00Z,16.2
2026-09-05T08:50:00Z,16.38
2026-09-05T08:55:00Z,16.46
2026-09-05T09:00:00Z,16.55
2026-09-05T09:05:00Z,16.66
2026-09-05T09:10:00Z,16.8
2026-09-05T09:15:00Z,16.86
2026-09-05T09:20:00Z,16.94
2026-09-05T09:25:00Z,17.07
2026-09-05T09:30:00Z,17.14
2026-09-05T09:35:00Z,17.32
2026-09-05T09:40:00Z,17.41
2026-09-05T09:45:00Z,17.58
2026-09-05T09:50:00Z,17.69
2026-09-05T09:55:00Z,17.73
2026-09-05T10:00:00Z,17.86
2026-09-05T10:05:00Z,17.95
2026-09-05T10:10:00Z,17.9
2026-09-05T10:15:00Z,17.86
2026-09-05T10:20:00Z,18.11
2026-09-05T10:25:00Z,18.29
2026-09-05T10:30:00Z,18.37
2026-09-05T10:35:00Z,18.53
2026-09-05T10:40:00Z,18.79
2026-09-05T10:45:00Z,19.2
2026-09-05T10:50:00Z,19.46
2026-09-05T10:55:00Z,19.65
2026-09-05T11:00:00Z,19.67
2026-09-05T11:05:00Z,19.39
2026-09-05T11:10:00Z,19.52
2026-09-05T11:15:00Z,19.92
2026-09-05T11:20:00Z,20.21
2026-09-05T11:25:00Z,20.63
2026-09-05T11:30:00Z,20.74
2026-09-05T11:35:00Z,21.24
2026-09-05T11:40:00Z,21.91
2026-09-05T11:45:00Z,21.92
2026-09-05T11:50:00Z,22.48
2026-09-05T11:55:00Z,23.11
2026-09-05T12:00:00Z,22.78
2026-09-05T12:05:00Z,22.82
2026-09-05T12:10:00Z,23.12
2026-09-05T12:15:00Z,23.44
2026-09-05T12:20:00Z,23.24
2026-09-05T12:25:00Z,23.44
2026-09-05T12:30:00Z,24.11
2026-09-05T12:35:00Z,24.65
2026-09-05T12:40:00Z,24.02
2026-09-05T12:45:00Z,24.02
2026-09-05T12:50:00Z,24.59
2026-09-05T12:55:00Z,25.13
2026-09-05T13:00:00Z,24.73
2026-09-05T13:05:00Z,24.08
2026-09-05T13:10:00Z,23.96
2026-09-05T13:15:00Z,24.84
2026-09-05T13:20:00Z,25.44
2026-09-05T13:25:00Z,25.66
2026-09-05T13:30:00Z,26.11
2026-09-05T13:35:00Z,25.2
2026-09-05T13:40:00Z,25.1
2026-09-05T13:45:00Z,24.96
2026-09-05T13:50:00Z,25.06
2026-09-05T13:55:00Z,24.58
2026-09-05T14:00:00Z,25.15
2026-09-05T14:05:00Z,24.38
2026-09-05T14:10:00Z,23.83
2026-09-05T14:15:00Z,24.1
2026-09-05T14:20:00Z,24.35
2026-09-05T14:25:00Z,24.41
2026-09-05T14:30:00Z,25.34
2026-09-05T14:35:00Z,25.29
2026-09-05T14:40:00Z,24.58
2026-09-05T14:45:00Z,24.05
2026-09-05T14:50:00Z,23.98
2026-09-05T14:55:00Z,25.45
2026-09-05T15:00:00Z,25.55
2026-09-05T15:05:00Z,25.85
2026-09-05T15:10:00Z,25.82
2026-09-05T15:15:00Z,24.95
2026-09-05T15:20:00Z,24.99
2026-09-05T15:25:00Z,26.06
2026-09-05T15:30:00Z,26.05
2026-09-05T15:35:00Z,25.45
2026-09-05T15:40:00Z,25.52
2026-09-05T15:45:00Z,25.71
2026-09-05T15:50:00Z,26.01
2026-09-05T15:55:00Z,26.0
2026-09-05T16:00:00Z,26.43
2026-09-05T16:05:00Z,25.95
2026-09-05T16:10:00Z,25.71
2026-09-05T16:15:00Z,26.0
2026-09-05T16:20:00Z,26.41
2026-09-05T16:25:00Z,27.08
2026-09-05T16:30:00Z,27.3
2026-09-05T16:35:00Z,27.37
2026-09-05T16:40:00Z,26.8
2026-09-05T16:45:00Z,26.59
2026-09-05T16:50:00Z,25.84
2026-09-05T16:55:00Z,25.84
2026-09-05T17:00:00Z,24.79
2026-09-05T17:05:00Z,23.93
2026-09-05T17:10:00Z,23.85
2026-09-05T17:15:00Z,23.6
2026-09-05T17:20:00Z,23.47
2026-09-05T17:25:00Z,23.36
2026-09-05T17:30:00Z,23.43
2026-09-05T17:35:00Z,23.4
2026-09-05T17:40:00Z,23.34
2026-09-05T17:45:00Z,23.15
2026-09-05T17:50:00Z,23.2
2026-09-05T17:55:00Z,22.96
2026-09-05T18:00:00Z,22.71
2026-09-05T18:05:00Z,22.66
2026-09-05T18:10:00Z,22.54
2026-09-05T18:15:00Z,22.4
2026-09-05T18:20:00Z,22.3
2026-09-05T18:25:00Z,22.29
2026-09-05T18:30:00Z,22.16
2026-09-05T18:35:00Z,22.03
2026-09-05T18:40:00Z,21.91
2026-09-05T18:45:00Z,21.9
2026-09-05T18:50:00Z,21.87
2026-09-05T18:55:00Z,21.9
2026-09-05T19:00:00Z,21.8
2026-09-05T19:05:00Z,21.6
2026-09-05T19:10:00Z,21.46
2026-09-05T19:15:00Z,21.3
2026-09-05T19:20:00Z,21.16
2026-09-05T19:25:00Z,20.92
2026-09-05T19:30:00Z,20.84
2026-09-05T19:35:00Z,20.7
2026-09-05T19:40:00Z,20.49
2026-09-05T19:45:00Z,20.4
2026-09-05T19:50:00Z,20.3
2026-09-05T19:55:00Z,20.11
2026-09-05T20:00:00Z,20.0
2026-09-05T20:05:00Z,19.89
2026-09-05T20:10:00Z,19.82
2026-09-05T20:15:00Z,19.7
2026-09-05T20:20:00Z,19.63
2026-09-05T20:25:00Z,19.58
2026-09-05T20:30:00Z,19.5
2026-09-05T20:35:00Z,19.41
2026-09-05T20:40:00Z,19.31
2026-09-05T20:45:00Z,19.25
2026-09-05T20:50:00Z,19.16
2026-09-05T20:55:00Z,19.08
2026-09-05T21:00:00Z,19.0
2026-09-05T21:05:00Z,19.0
2026-09-05T21:10:00Z,18.92
2026-09-05T21:15:00Z,18.82
2026-09-05T21:20:00Z,18.8
2026-09-05T21:25:00Z,18.8
2026-09-05T21:30:00Z,18.77
2026-09-05T21:35:00Z,18.69
2026-09-05T21:40:00Z,18.6
2026-09-05T21:45:00Z,18.6
2026-09-05T21:50:00Z,18.6
2026-09-05T21:55:00Z,18.6
2026-09-05T22:00:00Z,18.6
2026-09-05T22:05:00Z,18.56
2026-09-05T22:10:00Z,18.43
2026-09-05T22:15:00Z,18.4
2026-09-05T22:20:00Z,18.3
2026-09-05T22:25:00Z,18.3
2026-09-05T22:30:00Z,18.3
2026-09-05T22:35:00Z,18.3
2026-09-05T22:40:00Z,18.26
2026-09-05T22:45:00Z,18.16
2026-09-05T22:50:00Z,18.1
2026-09-05T22:55:00Z,18.1
2026-09-05T23:00:00Z,18.1
2026-09-05T23:05:00Z,18.07
2026-09-05T23:10:00Z,18.04
2026-09-05T23:15:00Z,18.0
2026-09-05T23:20:00Z,18.0
2026-09-05T23:25:00Z,18.0
2026-09-05T23:30:00Z,18.0
2026-09-05T23:35:00Z,17.94
2026-09-05T23:40:00Z,17.9
2026-09-05T23:45:00Z,17.9
2026-09-05T23:50:00Z,17.9
2026-09-05T23:55:00Z,17.82
2026-09-06T00:00:00Z,17.86
2026-09-06T00:05:00Z,17.81
2026-09-06T00:10:00Z,17.84
2026-09-06T00:15:00Z,17.75
2026-09-06T00:20:00Z,17.7
2026-09-06T00:25:00Z,17.59
2026-09-06T00:30:00Z,17.5
2026-09-06T00:35:00Z,17.45
2026-09-06T00:40:00Z,17.43
2026-09-06T00:45:00Z,17.4
2026-09-06T00:50:00Z,17.4
2026-09-06T00:55:00Z,17.4
2026-09-06T01:00:00Z,17.33
2026-09-06T01:05:00Z,17.3
2026-09-06T01:10:00Z,17.3
2026-09-06T01:15:00Z,17.29
2026-09-06T01:20:00Z,17.17
2026-09-06T01:25:00Z,17.1
2026-09-06T01:30:00Z,17.1
2026-09-06T01:35:00Z,17.05
2026-09-06T01:40:00Z,17.0
2026-09-06T01:45:00Z,17.0
2026-09-06T01:50:00Z,16.89
2026-09-06T01:55:00Z,16.8
2026-09-06T02:00:00Z,16.78
2026-09-06T02:05:00Z,16.7
2026-09-06T02:10:00Z,16.7
2026-09-06T02:15:00Z,16.7
2026-09-06T02:20:00Z,16.68
2026-09-06T02:25:00Z,16.6
2026-09-06T02:30:00Z,16.69
2026-09-06T02:35:00Z,16.7
2026-09-06T02:40:00Z,16.69
2026-09-06T02:45:00Z,16.6
2026-09-06T02:50:00Z,16.61
2026-09-06T02:55:00Z,16.68
2026-09-06T03:00:00Z,16.59
2026-09-06T03:05:00Z,16.54
2026-09-06T03:10:00Z,16.5
2026-09-06T03:15:00Z,16.5
2026-09-06T03:20:00Z,16.55
2026-09-06T03:25:00Z,16.6
2026-09-06T03:30:00Z,16.6
2026-09-06T03:35:00Z,16.6
2026-09-06T03:40:00Z,16.6
2026-09-06T03:45:00Z,16.56
2026-09-06T03:50:00Z,16.54
2026-09-06T03:55:00Z,16.5
2026-09-06T04:00:00Z,16.5
2026-09-06T04:05:00Z,16.5
2026-09-06T04:10:00Z,16.5
2026-09-06T04:15:00Z,16.5
2026-09-06T04:20:00Z,16.38
2026-09-06T04:25:00Z,16.3
2026-09-06T04:30:00Z,16.3
2026-09-06T04:35:00Z,16.3
2026-09-06T04:40:00Z,16.34
2026-09-06T04:45:00Z,16.4
2026-09-06T04:50:00Z,16.4
2026-09-06T04:55:00Z,16.4
2026-09-06T05:00:00Z,16.4
2026-09-06T05:05:00Z,16.33
2026-09-06T05:10:00Z,16.3
2026-09-06T05:15:00Z,16.3
2026-09-06T05:20:00Z,16.3
2026-09-06T05:25:00Z,16.3
2026-09-06T05:30:00Z,16.3
2026-09-06T05:35:00Z,16.3
2026-09-06T05:40:00Z,16.38
2026-09-06T05:45:00Z,16.4
2026-09-06T05:50:00Z,16.31
2026-09-06T05:55:00Z,16.35
2026-09-06T06:00:00Z,16.4
2026-09-06T06:05:00Z,16.44
2026-09-06T06:10:00Z,16.4
2026-09-06T06:15:00Z,16.4
2026-09-06T06:20:00Z,16.42
2026-09-06T06:25:00Z,16.5
2026-09-06T06:30:00Z,16.42
2026-09-06T06:35:00Z,16.4
2026-09-06T06:40:00Z,16.4
2026-09-06T06:45:00Z,16.4
2026-09-06T06:50:00Z,16.46
2026-09-06T06:55:00Z,16.56
2026-09-06T07:00:00Z,16.65
2026-09-06T07:05:00Z,16.75
2026-09-06T07:10:00Z,16.83
2026-09-06T07:15:00Z,16.93
2026-09-06T07:20:00Z,17.07
2026-09-06T07:25:00Z,17.16
2026-09-06T07:30:00Z,17.35
2026-09-06T07:35:00Z,17.57
2026-09-06T07:40:00Z,17.66
2026-09-06T07:45:00Z,17.76
2026-09-06T07:50:00Z,17.96
2026-09-06T07:55:00Z,18.03
2026-09-06T08:00:00Z,18.1
2026-09-06T08:05:00Z,18.19
2026-09-06T08:10:00Z,18.2
2026-09-06T08:15:00Z,18.27
2026-09-06T08:20:00Z,18.37
2026-09-06T08:25:00Z,18.48
2026-09-06T08:30:00Z,18.62
2026-09-06T08:35:00Z,18.73
2026-09-06T08:40:00Z,18.8
2026-09-06T08:45:00Z,18.84
2026-09-06T08:50:00Z,19.0
2026-09-06T08:55:00Z,19.1
2026-09-06T09:00:00Z,19.19
2026-09-06T09:05:00Z,19.29
2026-09-06T09:10:00Z,19.43
2026-09-06T09:15:00Z,19.57
2026-09-06T09:20:00Z,19.77
2026-09-06T09:25:00Z,19.91
2026-09-06T09:30:00Z,20.06
2026-09-06T09:35:00Z,20.13
2026-09-06T09:40:00Z,20.27
2026-09-06T09:45:00Z,20.42
2026-09-06T09:50:00Z,20.73
2026-09-06T09:55:00Z,20.92
2026-09-06T10:00:00Z,21.03
2026-09-06T10:05:00Z,21.33
2026-09-06T10:10:00Z,21.5
2026-09-06T10:15:00Z,21.71
2026-09-06T10:20:00Z,21.9
2026-09-06T10:25:00Z,21.96
2026-09-06T10:30:00Z,22.09
2026-09-06T10:35:00Z,22.22
2026-09-06T10:40:00Z,22.38
2026-09-06T10:45:00Z,22.59
2026-09-06T10:50:00Z,22.94
2026-09-06T10:55:00Z,23.11
2026-09-06T11:00:00Z,23.36
2026-09-06T11:05:00Z,23.68
2026-09-06T11:10:00Z,23.88
2026-09-06T11:15:00Z,23.94
2026-09-06T11:20:00Z,24.24
2026-09-06T11:25:00Z,24.69
2026-09-06T11:30:00Z,24.91
2026-09-06T11:35:00Z,25.59
2026-09-06T11:40:00Z,25.94
2026-09-06T11:45:00Z,26.31
2026-09-06T11:50:00Z,26.12
2026-09-06T11:55:00Z,26.22
2026-09-06T12:00:00Z,25.76
2026-09-06T12:05:00Z,25.79
2026-09-06T12:10:00Z,25.35
2026-09-06T12:15:00Z,25.21
2026-09-06T12:20:00Z,25.63
2026-09-06T12:25:00Z,25.9
2026-09-06T12:30:00Z,26.09
2026-09-06T12:35:00Z,25.8
2026-09-06T12:40:00Z,26.45
2026-09-06T12:45:00Z,26.74
2026-09-06T12:50:00Z,27.49
2026-09-06T12:55:00Z,27.64
2026-09-06T13:00:00Z,27.99
2026-09-06T13:05:00Z,26.99
2026-09-06T13:10:00Z,27.09
2026-09-06T13:15:00Z,27.54
2026-09-06T13:20:00Z,28.24
2026-09-06T13:25:00Z,28.42
2026-09-06T13:30:00Z,28.69
2026-09-06T13:35:00Z,29.05
2026-09-06T13:40:00Z,28.89
2026-09-06T13:45:00Z,28.82
2026-09-06T13:50:00Z,28.73
2026-09-06T13:55:00Z,28.75
2026-09-06T14:00:00Z,28.67
2026-09-06T14:05:00Z,28.77
2026-09-06T14:10:00Z,29.01
2026-09-06T14:15:00Z,28.24
2026-09-06T14:20:00Z,27.67
2026-09-06T14:25:00Z,27.76
2026-09-06T14:30:00Z,28.19
2026-09-06T14:35:00Z,28.35
2026-09-06T14:40:00Z,28.17
2026-09-06T14:45:00Z,27.71
2026-09-06T14:50:00Z,27.24
2026-09-06T14:55:00Z,26.94
2026-09-06T15:00:00Z,26.74
2026-09-06T15:05:00Z,26.81
2026-09-06T15:10:00Z,26.95
2026-09-06T15:15:00Z,26.77
2026-09-06T15:20:00Z,26.46
2026-09-06T15:25:00Z,26.56
2026-09-06T15:30:00Z,26.58
2026-09-06T15:35:00Z,26.65
2026-09-06T15:40:00Z,26.58
2026-09-06T15:45:00Z,26.62
2026-09-06T15:50:00Z,26.38
2026-09-06T15:55:00Z,26.33
2026-09-06T16:00:00Z,26.2
2026-09-06T16:05:00Z,25.91
2026-09-06T16:10:00Z,25.59
2026-09-06T16:15:00Z,25.17
2026-09-06T16:20:00Z,25.2
2026-09-06T16:25:00Z,25.14
2026-09-06T16:30:00Z,24.97
2026-09-06T16:35:00Z,24.76
2026-09-06T16:40:00Z,24.4
2026-09-06T16:45:00Z,24.23
2026-09-06T16:50:00Z,24.25
2026-09-06T16:55:00Z,24.09
2026-09-06T17:00:00Z,23.98
2026-09-06T17:05:00Z,23.78
2026-09-06T17:10:00Z,23.58
2026-09-06T17:15:00Z,23.6
2026-09-06T17:20:00Z,23.54
2026-09-06T17:25:00Z,23.41
2026-09-06T17:30:00Z,23.4
2026-09-06T17:35:00Z,23.37
2026-09-06T17:40:00Z,23.25
2026-09-06T17:45:00Z,23.06
2026-09-06T17:50:00Z,23.0
2026-09-06T17:55:00Z,22.96
2026-09-06T18:00:00Z,22.99
2026-09-06T18:05:00Z,22.92
2026-09-06T18:10:00Z,23.0
2026-09-06T18:15:00Z,22.92
2026-09-06T18:20:00Z,22.81
2026-09-06T18:25:00Z,22.69
2026-09-06T18:30:00Z,22.6
2026-09-06T18:35:00Z,22.6
2026-09-06T18:40:00Z,22.46
2026-09-06T18:45:00Z,22.41
2026-09-06T18:50:00Z,22.5
2026-09-06T18:55:00Z,22.41
2026-09-06T19:00:00Z,22.24
2026-09-06T19:05:00Z,22.14
2026-09-06T19:10:00Z,21.96
2026-09-06T19:15:00Z,21.89
2026-09-06T19:20:00Z,21.8
2026-09-06T19:25:00Z,21.73
2026-09-06T19:30:00Z,21.66
2026-09-06T19:35:00Z,21.59
2026-09-06T19:40:00Z,21.56
2026-09-06T19:45:00Z,21.5
2026-09-06T19:50:00Z,21.5
2026-09-06T19:55:00Z,21.44
2026-09-06T20:00:00Z,21.4
2026-09-06T20:05:00Z,21.33
2026-09-06T20:10:00Z,21.25
2026-09-06T20:15:00Z,21.19
2026-09-06T20:20:00Z,21.1
2026-09-06T20:25:00Z,21.04
2026-09-06T20:30:00Z,21.0
2026-09-06T20:35:00Z,20.91
2026-09-06T20:40:00Z,20.88
2026-09-06T20:45:00Z,20.8
2026-09-06T20:50:00Z,20.8
2026-09-06T20:55:00Z,20.73
2026-09-06T21:00:00Z,20.8
2026-09-06T21:05:00Z,20.73
2026-09-06T21:10:00Z,20.74
2026-09-06T21:15:00Z,20.77
2026-09-06T21:20:00Z,20.7
2026-09-06T21:25:00Z,20.73
2026-09-06T21:30:00Z,20.8
2026-09-06T21:35:00Z,20.76
2026-09-06T21:40:00Z,20.7
2026-09-06T21:45:00Z,20.68
2026-09-06T21:50:00Z,20.6
2026-09-06T21:55:00Z,20.53
2026-09-06T22:00:00Z,20.5
2026-09-06T22:05:00Z,20.43
2026-09-06T22:10:00Z,20.36
2026-09-06T22:15:00Z,20.25
2026-09-06T22:20:00Z,20.12
2026-09-06T22:25:00Z,19.99
2026-09-06T22:30:00Z,19.9
2026-09-06T22:35:00Z,19.89
2026-09-06T22:40:00Z,19.86
2026-09-06T22:45:00Z,19.9
2026-09-06T22:50:00Z,19.99
2026-09-06T22:55:00Z,20.0
2026-09-06T23:00:00Z,19.95
2026-09-06T23:05:00Z,19.9
2026-09-06T23:10:00Z,19.9
2026-09-06T23:15:00Z,19.8
2026-09-06T23:20:00Z,19.79
2026-09-06T23:25:00Z,19.68
2026-09-06T23:30:00Z,19.6
2026-09-06T23:35:00Z,19.54
2026-09-06T23:40:00Z,19.46
2026-09-06T23:45:00Z,19.35
2026-09-06T23:50:00Z,19.3
2026-09-06T23:55:00Z,19.25
2026-09-07T00:00:00Z,19.2
2026-09-07T00:05:00Z,19.23
2026-09-07T00:10:00Z,19.23
2026-09-07T00:15:00Z,19.2
2026-09-07T00:20:00Z,19.14
2026-09-07T00:25:00Z,19.2
2026-09-07T00:30:00Z,19.32
2026-09-07T00:35:00Z,19.53
2026-09-07T00:40:00Z,19.6
2026-09-07T00:45:00Z,19.6
2026-09-07T00:50:00Z,19.62
2026-09-07T00:55:00Z,19.68
2026-09-07T01:00:00Z,19.7
2026-09-07T01:05:00Z,19.7
2026-09-07T01:10:00Z,19.64
2026-09-07T01:15:00Z,19.6
2026-09-07T01:20:00Z,19.54
2026-09-07T01:25:00Z,19.5
2026-09-07T01:30:00Z,19.41
2026-09-07T01:35:00Z,19.4
2026-09-07T01:40:00Z,19.35
2026-09-07T01:45:00Z,19.23
2026-09-07T01:50:00Z,19.14
2026-09-07T01:55:00Z,19.04
2026-09-07T02:00:00Z,18.99
2026-09-07T02:05:00Z,18.9
2026-09-07T02:10:00Z,18.9
2026-09-07T02:15:00Z,18.9
2026-09-07T02:20:00Z,18.8
2026-09-07T02:25:00Z,18.82
2026-09-07T02:30:00Z,18.85
2026-09-07T02:35:00Z,18.8
2026-09-07T02:40:00Z,18.8
2026-09-07T02:45:00Z,18.8
2026-09-07T02:50:00Z,18.8
2026-09-07T02:55:00Z,18.8
2026-09-07T03:00:00Z,18.82
2026-09-07T03:05:00Z,18.9
2026-09-07T03:10:00Z,18.82
2026-09-07T03:15:00Z,18.8
2026-09-07T03:20:00Z,18.79
2026-09-07T03:25:00Z,18.7
2026-09-07T03:30:00Z,18.65
2026-09-07T03:35:00Z,18.62
2026-09-07T03:40:00Z,18.7
2026-09-07T03:45:00Z,18.75
2026-09-07T03:50:00Z,18.7
2026-09-07T03:55:00Z,18.62
2026-09-07T04:00:00Z,18.54
2026-09-07T04:05:00Z,18.5
2026-09-07T04:10:00Z,18.51
2026-09-07T04:15:00Z,18.6
2026-09-07T04:20:00Z,18.61
2026-09-07T04:25:00Z,18.7
2026-09-07T04:30:00Z,18.83
2026-09-07T04:35:00Z,18.97
2026-09-07T04:40:00Z,19.1
2026-09-07T04:45:00Z,19.15
2026-09-07T04:50:00Z,19.1
2026-09-07T04:55:00Z,19.02
2026-09-07T05:00:00Z,18.96
2026-09-07T05:05:00Z,18.9
2026-09-07T05:10:00Z,18.82
2026-09-07T05:15:00Z,18.72
2026-09-07T05:20:00Z,18.65
2026-09-07T05:25:00Z,18.57
2026-09-07T05:30:00Z,18.5
2026-09-07T05:35:00Z,18.44
2026-09-07T05:40:00Z,18.4
2026-09-07T05:45:00Z,18.4
2026-09-07T05:50:00Z,18.31
2026-09-07T05:55:00Z,18.3
2026-09-07T06:00:00Z,18.3
2026-09-07T06:05:00Z,18.3
2026-09-07T06:10:00Z,18.29
2026-09-07T06:15:00Z,18.3
2026-09-07T06:20:00Z,18.3
2026-09-07T06:25:00Z,18.3
2026-09-07T06:30:00Z,18.34
2026-09-07T06:35:00Z,18.4
2026-09-07T06:40:00Z,18.44
2026-09-07T06:45:00Z,18.5
2026-09-07T06:50:00Z,18.54
2026-09-07T06:55:00Z,18.68
2026-09-07T07:00:00Z,18.75
2026-09-07T07:05:00Z,18.82
2026-09-07T07:10:00Z,18.92
2026-09-07T07:15:00Z,19.09
2026-09-07T07:20:00Z,19.37
2026-09-07T07:25:00Z,19.4
2026-09-07T07:30:00Z,19.46
2026-09-07T07:35:00Z,19.5
2026-09-07T07:40:00Z,19.6
2026-09-07T07:45:00Z,19.54
2026-09-07T07:50:00Z,19.68
2026-09-07T07:55:00Z,19.8
2026-09-07T08:00:00Z,19.8
2026-09-07T08:05:00Z,19.81
2026-09-07T08:10:00Z,19.96
2026-09-07T08:15:00Z,20.14
2026-09-07T08:20:00Z,20.39
2026-09-07T08:25:00Z,20.47
2026-09-07T08:30:00Z,20.37
2026-09-07T08:35:00Z,20.38
2026-09-07T08:40:00Z,20.52
2026-09-07T08:45:00Z,20.6
2026-09-07T08:50:00Z,20.66
2026-09-07T08:55:00Z,20.74
2026-09-07T09:00:00Z,20.93
2026-09-07T09:05:00Z,21.15
2026-09-07T09:10:00Z,21.25
2026-09-07T09:15:00Z,21.46
2026-09-07T09:20:00Z,21.6
2026-09-07T09:25:00Z,21.6
2026-09-07T09:30:00Z,21.63
2026-09-07T09:35:00Z,21.73
2026-09-07T09:40:00Z,21.89
2026-09-07T09:45:00Z,22.01
2026-09-07T09:50:00Z,22.09
2026-09-07T09:55:00Z,22.32
2026-09-07T10:00:00Z,22.5
2026-09-07T10:05:00Z,22.69
2026-09-07T10:10:00Z,22.8
2026-09-07T10:15:00Z,22.8
2026-09-07T10:20:00Z,22.75
2026-09-07T10:25:00Z,22.75
2026-09-07T10:30:00Z,22.86
2026-09-07T10:35:00Z,22.82
2026-09-07T10:40:00Z,22.62
2026-09-07T10:45:00Z,22.64
2026-09-07T10:50:00Z,22.8
2026-09-07T10:55:00Z,22.75
2026-09-07T11:00:00Z,22.6
2026-09-07T11:05:00Z,22.71
2026-09-07T11:10:00Z,22.94
2026-09-07T11:15:00Z,23.07
2026-09-07T11:20:00Z,23.16
2026-09-07T11:25:00Z,23.32
2026-09-07T11:30:00Z,23.58
2026-09-07T11:35:00Z,23.77
2026-09-07T11:40:00Z,23.63
2026-09-07T11:45:00Z,23.43
2026-09-07T11:50:00Z,23.15
2026-09-07T11:55:00Z,23.1
2026-09-07T12:00:00Z,23.15
2026-09-07T12:05:00Z,23.44
2026-09-07T12:10:00Z,23.63
2026-09-07T12:15:00Z,24.05
2026-09-07T12:20:00Z,24.73
2026-09-07T12:25:00Z,25.06
2026-09-07T12:30:00Z,24.38
2026-09-07T12:35:00Z,23.78
2026-09-07T12:40:00Z,23.71
2026-09-07T12:45:00Z,24.56
2026-09-07T12:50:00Z,24.83
2026-09-07T12:55:00Z,24.37
2026-09-07T13:00:00Z,24.14
2026-09-07T13:05:00Z,23.94
2026-09-07T13:10:00Z,23.96
2026-09-07T13:15:00Z,24.09
2026-09-07T13:20:00Z,24.07
2026-09-07T13:25:00Z,23.97
2026-09-07T13:30:00Z,23.91
2026-09-07T13:35:00Z,23.87
2026-09-07T13:40:00Z,23.79
2026-09-07T13:45:00Z,23.57
2026-09-07T13:50:00Z,23.6
2026-09-07T13:55:00Z,24.2
2026-09-07T14:00:00Z,24.77
2026-09-07T14:05:00Z,24.94
2026-09-07T14:10:00Z,25.03
2026-09-07T14:15:00Z,25.0
2026-09-07T14:20:00Z,24.8
2026-09-07T14:25:00Z,24.84
2026-09-07T14:30:00Z,24.57
2026-09-07T14:35:00Z,24.64
2026-09-07T14:40:00Z,24.76
2026-09-07T14:45:00Z,24.86
2026-09-07T14:50:00Z,24.87
2026-09-07T14:55:00Z,24.92
2026-09-07T15:00:00Z,25.09
2026-09-07T15:05:00Z,24.9
2026-09-07T15:10:00Z,24.64
2026-09-07T15:15:00Z,24.49
2026-09-07T15:20:00Z,24.29
2026-09-07T15:25:00Z,24.24
2026-09-07T15:30:00Z,24.22
2026-09-07T15:35:00Z,24.16
2026-09-07T15:40:00Z,24.07
2026-09-07T15:45:00Z,24.06
2026-09-07T15:50:00Z,24.01
2026-09-07T15:55:00Z,24.18
2026-09-07T16:00:00Z,24.43
2026-09-07T16:05:00Z,24.55
2026-09-07T16:10:00Z,24.39
2026-09-07T16:15:00Z,24.22
2026-09-07T16:20:00Z,24.14
2026-09-07T16:25:00Z,23.83
2026-09-07T16:30:00Z,24.04
2026-09-07T16:35:00Z,23.96
2026-09-07T16:40:00Z,23.7
2026-09-07T16:45:00Z,23.53
2026-09-07T16:50:00Z,23.41
2026-09-07T16:55:00Z,23.3
2026-09-07T17:00:00Z,23.3
2026-09-07T17:05:00Z,23.26
2026-09-07T17:10:00Z,23.18
2026-09-07T17:15:00Z,23.08
2026-09-07T17:20:00Z,22.97
2026-09-07T17:25:00Z,22.9
2026-09-07T17:30:00Z,22.83
2026-09-07T17:35:00Z,22.85
2026-09-07T17:40:00Z,22.81
2026-09-07T17:45:00Z,22.61
2026-09-07T17:50:00Z,22.5
2026-09-07T17:55:00Z,22.4
2026-09-07T18:00:00Z,22.35
2026-09-07T18:05:00Z,22.3
2026-09-07T18:10:00Z,22.25
2026-09-07T18:15:00Z,22.2
2026-09-07T18:20:00Z,22.15
2026-09-07T18:25:00Z,22.02
2026-09-07T18:30:00Z,21.95
2026-09-07T18:35:00Z,21.88
2026-09-07T18:40:00Z,21.73
2026-09-07T18:45:00Z,21.66
2026-09-07T18:50:00Z,21.6
2026-09-07T18:55:00Z,21.58
2026-09-07T19:00:00Z,21.47
2026-09-07T19:05:00Z,21.39
2026-09-07T19:10:00Z,21.3
2026-09-07T19:15:00Z,21.3
2026-09-07T19:20:00Z,21.3
2026-09-07T19:25:00Z,21.2
2026-09-07T19:30:00Z,21.2
2026-09-07T19:35:00Z,21.11
2026-09-07T19:40:00Z,21.0
2026-09-07T19:45:00Z,20.91
2026-09-07T19:50:00Z,20.81
2026-09-07T19:55:00Z,20.62
2026-09-07T20:00:00Z,20.49
2026-09-07T20:05:00Z,20.4
2026-09-07T20:10:00Z,20.31
2026-09-07T20:15:00Z,20.13
2026-09-07T20:20:00Z,20.04
2026-09-07T20:25:00Z,19.95
2026-09-07T20:30:00Z,19.88
2026-09-07T20:35:00Z,19.8
2026-09-07T20:40:00Z,19.73
2026-09-07T20:45:00Z,19.7
2026-09-07T20:50:00Z,19.63
2026-09-07T20:55:00Z,19.6
2026-09-07T21:00:00Z,19.52
2026-09-07T21:05:00Z,19.5
2026-09-07T21:10:00Z,19.44
2026-09-07T21:15:00Z,19.4
2026-09-07T21:20:00Z,19.4
2026-09-07T21:25:00Z,19.4
2026-09-07T21:30:00Z,19.32
2026-09-07T21:35:00Z,19.19
2026-09-07T21:40:00Z,19.1
2026-09-07T21:45:00Z,19.04
2026-09-07T21:50:00Z,18.96
2026-09-07T21:55:00Z,18.9
2026-09-07T22:00:00Z,18.96
2026-09-07T22:05:00Z,18.96
2026-09-07T22:10:00Z,18.9
2026-09-07T22:15:00Z,18.9
2026-09-07T22:20:00Z,18.9
2026-09-07T22:25:00Z,18.9
2026-09-07T22:30:00Z,18.9
2026-09-07T22:35:00Z,18.9
2026-09-07T22:40:00Z,18.86
2026-09-07T22:45:00Z,18.8
2026-09-07T22:50:00Z,18.73
2026-09-07T22:55:00Z,18.7
2026-09-07T23:00:00Z,18.7
2026-09-07T23:05:00Z,18.7
2026-09-07T23:10:00Z,18.7
2026-09-07T23:15:00Z,18.7
2026-09-07T23:20:00Z,18.64
2026-09-07T23:25:00Z,18.6
2026-09-07T23:30:00Z,18.6
2026-09-07T23:35:00Z,18.6
2026-09-07T23:40:00Z,18.51
2026-09-07T23:45:00Z,18.5
2026-09-07T23:50:00Z,18.5
2026-09-07T23:55:00Z,18.42
2026-09-08T00:00:00Z,18.4
2026-09-08T00:05:00Z,18.4
2026-09-08T00:10:00Z,18.4
2026-09-08T00:15:00Z,18.4
2026-09-08T00:20:00Z,18.4
2026-09-08T00:25:00Z,18.4
2026-09-08T00:30:00Z,18.4
2026-09-08T00:35:00Z,18.37
2026-09-08T00:40:00Z,18.3
2026-09-08T00:45:00Z,18.3
2026-09-08T00:50:00Z,18.24
2026-09-08T00:55:00Z,18.24
2026-09-08T01:00:00Z,18.2
2026-09-08T01:05:00Z,18.2
2026-09-08T01:10:00Z,18.19
2026-09-08T01:15:00Z,17.99
2026-09-08T01:20:00Z,17.9
2026-09-08T01:25:00Z,17.83
2026-09-08T01:30:00Z,17.8
2026-09-08T01:35:00Z,17.8
2026-09-08T01:40:00Z,17.77
2026-09-08T01:45:00Z,17.77
2026-09-08T01:50:00Z,17.7
2026-09-08T01:55:00Z,17.54
2026-09-08T02:00:00Z,17.46
2026-09-08T02:05:00Z,17.36
2026-09-08T02:10:00Z,17.3
2026-09-08T02:15:00Z,17.27
2026-09-08T02:20:00Z,17.2
2026-09-08T02:25:00Z,17.1
2026-09-08T02:30:00Z,16.95
2026-09-08T02:35:00Z,16.91
2026-09-08T02:40:00Z,16.84
2026-09-08T02:45:00Z,16.8
2026-09-08T02:50:00Z,16.73
2026-09-08T02:55:00Z,16.7
2026-09-08T03:00:00Z,16.68
2026-09-08T03:05:00Z,16.59
2026-09-08T03:10:00Z,16.48
2026-09-08T03:15:00Z,16.33
2026-09-08T03:20:00Z,16.24
2026-09-08T03:25:00Z,16.2
2026-09-08T03:30:00Z,16.16
2026-09-08T03:35:00Z,16.11
2026-09-08T03:40:00Z,16.03
2026-09-08T03:45:00Z,16.04
2026-09-08T03:50:00Z,16.0
2026-09-08T03:55:00Z,15.96
2026-09-08T04:00:00Z,15.97
2026-09-08T04:05:00Z,15.9
2026-09-08T04:10:00Z,15.68
2026-09-08T04:15:00Z,15.6
2026-09-08T04:20:00Z,15.69
2026-09-08T04:25:00Z,15.7
2026-09-08T04:30:00Z,15.54
2026-09-08T04:35:00Z,15.4
2026-09-08T04:40:00Z,15.3
2026-09-08T04:45:00Z,15.27
2026-09-08T04:50:00Z,15.13
2026-09-08T04:55:00Z,15.1
2026-09-08T05:00:00Z,15.1
2026-09-08T05:05:00Z,14.92
2026-09-08T05:10:00Z,14.83
2026-09-08T05:15:00Z,14.77
2026-09-08T05:20:00Z,14.7
2026-09-08T05:25:00Z,14.63
2026-09-08T05:30:00Z,14.63
2026-09-08T05:35:00Z,14.68
2026-09-08T05:40:00Z,14.7
2026-09-08T05:45:00Z,14.71
2026-09-08T05:50:00Z,14.7
2026-09-08T05:55:00Z,14.67
2026-09-08T06:00:00Z,14.67
2026-09-08T06:05:00Z,14.7
2026-09-08T06:10:00Z,14.7
2026-09-08T06:15:00Z,14.65
2026-09-08T06:20:00Z,14.67
2026-09-08T06:25:00Z,14.7
2026-09-08T06:30:00Z,14.74
2026-09-08T06:35:00Z,14.8
2026-09-08T06:40:00Z,14.8
2026-09-08T06:45:00Z,14.8
2026-09-08T06:50:00Z,14.8
2026-09-08T06:55:00Z,14.82
2026-09-08T07:00:00Z,14.9
2026-09-08T07:05:00Z,14.84
2026-09-08T07:10:00Z,14.9
2026-09-08T07:15:00Z,14.96
2026-09-08T07:20:00Z,14.92
2026-09-08T07:25:00Z,15.01
2026-09-08T07:30:00Z,15.06
2026-09-08T07:35:00Z,14.9
2026-09-08T07:40:00Z,14.97
2026-09-08T07:45:00Z,14.9
2026-09-08T07:50:00Z,14.96
2026-09-08T07:55:00Z,15.0
2026-09-08T08:00:00Z,15.1
2026-09-08T08:05:00Z,15.06
2026-09-08T08:10:00Z,15.03
2026-09-08T08:15:00Z,15.02
2026-09-08T08:20:00Z,15.1
2026-09-08T08:25:00Z,15.0
2026-09-08T08:30:00Z,15.05
2026-09-08T08:35:00Z,15.15
2026-09-08T08:40:00Z,15.09
2026-09-08T08:45:00Z,15.06
2026-09-08T08:50:00Z,15.2
2026-09-08T08:55:00Z,15.27
2026-09-08T09:00:00Z,15.24
2026-09-08T09:05:00Z,15.36
2026-09-08T09:10:00Z,15.4
2026-09-08T09:15:00Z,15.4
2026-09-08T09:20:00Z,15.45
2026-09-08T09:25:00Z,15.38
2026-09-08T09:30:00Z,15.31
2026-09-08T09:35:00Z,15.45
2026-09-08T09:40:00Z,15.55
2026-09-08T09:45:00Z,15.58
2026-09-08T09:50:00Z,15.56
2026-09-08T09:55:00Z,15.48
2026-09-08T10:00:00Z,15.4
2026-09-08T10:05:00Z,15.42
2026-09-08T10:10:00Z,15.5
2026-09-08T10:15:00Z,15.58
2026-09-08T10:20:00Z,15.52
2026-09-08T10:25:00Z,15.56
2026-09-08T10:30:00Z,15.51
2026-09-08T10:35:00Z,15.6
2026-09-08T10:40:00Z,15.46
2026-09-08T10:45:00Z,15.4
2026-09-08T10:50:00Z,15.4
2026-09-08T10:55:00Z,15.31
2026-09-08T11:00:00Z,15.4
2026-09-08T11:05:00Z,15.4
2026-09-08T11:10:00Z,15.43
2026-09-08T11:15:00Z,15.52
2026-09-08T11:20:00Z,15.6
2026-09-08T11:25:00Z,15.6
2026-09-08T11:30:00Z,15.61
2026-09-08T11:35:00Z,15.72
2026-09-08T11:40:00Z,15.76
2026-09-08T11:45:00Z,15.67
2026-09-08T11:50:00Z,15.66
2026-09-08T11:55:00Z,15.73
2026-09-08T12:00:00Z,15.7
2026-09-08T12:05:00Z,15.62
2026-09-08T12:10:00Z,15.69
2026-09-08T12:15:00Z,15.57
2026-09-08T12:20:00Z,15.5
2026-09-08T12:25:00Z,15.42
2026-09-08T12:30:00Z,15.5
2026-09-08T12:35:00Z,15.5
2026-09-08T12:40:00Z,15.5
2026-09-08T12:45:00Z,15.55
2026-09-08T12:50:00Z,15.58
2026-09-08T12:55:00Z,15.53
2026-09-08T13:00:00Z,15.51
2026-09-08T13:05:00Z,15.59
2026-09-08T13:10:00Z,15.48
2026-09-08T13:15:00Z,15.67
2026-09-08T13:20:00Z,15.65
2026-09-08T13:25:00Z,15.66
2026-09-08T13:30:00Z,15.69
2026-09-08T13:35:00Z,15.81
2026-09-08T13:40:00Z,15.69
2026-09-08T13:45:00Z,15.21
2026-09-08T13:50:00Z,15.18
2026-09-08T13:55:00Z,14.96
2026-09-08T14:00:00Z,14.86
2026-09-08T14:05:00Z,14.82
2026-09-08T14:10:00Z,14.58
2026-09-08T14:15:00Z,14.55
2026-09-08T14:20:00Z,14.3
2026-09-08T14:25:00Z,14.28
2026-09-08T14:30:00Z,13.98
2026-09-08T14:35:00Z,13.9
2026-09-08T14:40:00Z,13.9
2026-09-08T14:45:00Z,14.02
2026-09-08T14:50:00Z,14.1
2026-09-08T14:55:00Z,14.26
2026-09-08T15:00:00Z,14.3
2026-09-08T15:05:00Z,14.4
2026-09-08T15:10:00Z,14.56
2026-09-08T15:15:00Z,14.58
2026-09-08T15:20:00Z,14.81
